{
  "resourceType" : "Bundle",
  "id" : "7738761d-d038-47c4-a66d-3b02b27981cd",
  "meta" : {
    "lastUpdated" : "2024-02-22T21:56:41.535+00:00"
  },
  "type" : "collection",
  "entry" : [{
    "fullUrl" : "https://terminology.hlth.gov.bc.ca/ClientRegistry/ValueSet/bc-address-validation-value-set",
    "resource" : {
      "resourceType" : "ValueSet",
      "text" : {
        "status" : "generated",
        "div" : "<div xmlns=\"http://www.w3.org/1999/xhtml\"><p style=\"border: black 1px dotted; background-color: #EEEEEE; padding: 8px; margin-bottom: 8px\">Expansion based on <a href=\"CodeSystem-bc-client-registry-address-validation-code-system.html\">codesystem BC Client Registry Address Validation Status Code v1.0.0 (CodeSystem)</a></p><p>This value set contains 3 concepts.</p><table class=\"codes\"><tr><td style=\"white-space:nowrap\"><b>Code</b></td><td><b>System</b></td><td><b>Display</b></td><td><b>Definition</b></td></tr><tr><td style=\"white-space:nowrap\"><a name=\"https---terminology.hlth.gov.bc.ca-ClientRegistry-CodeSystem-bc-client-registry-address-validation-code-system-valid\"> </a>\u00a0\u00a0<a href=\"CodeSystem-bc-client-registry-address-validation-code-system.html#bc-client-registry-address-validation-code-system-valid\">valid</a></td><td>https://terminology.hlth.gov.bc.ca/ClientRegistry/CodeSystem/bc-client-registry-address-validation-code-system</td><td>valid</td><td><div><p>The address is valid, i.e. there is a reasonable good chance this address is known to Canada Post.</p>\n</div></td></tr><tr><td style=\"white-space:nowrap\"><a name=\"https---terminology.hlth.gov.bc.ca-ClientRegistry-CodeSystem-bc-client-registry-address-validation-code-system-invalid\"> </a>\u00a0\u00a0<a href=\"CodeSystem-bc-client-registry-address-validation-code-system.html#bc-client-registry-address-validation-code-system-invalid\">invalid</a></td><td>https://terminology.hlth.gov.bc.ca/ClientRegistry/CodeSystem/bc-client-registry-address-validation-code-system</td><td>invalid</td><td><div><p>The address validation status is invalid and like not recognized by Canada Post.</p>\n</div></td></tr><tr><td style=\"white-space:nowrap\"><a name=\"https---terminology.hlth.gov.bc.ca-ClientRegistry-CodeSystem-bc-client-registry-address-validation-code-system-unknown\"> </a>\u00a0\u00a0<a href=\"CodeSystem-bc-client-registry-address-validation-code-system.html#bc-client-registry-address-validation-code-system-unknown\">unknown</a></td><td>https://terminology.hlth.gov.bc.ca/ClientRegistry/CodeSystem/bc-client-registry-address-validation-code-system</td><td>unknown</td><td><div><p>The address validation status is unknown.</p>\n</div></td></tr></table></div>"
      },
      "url" : "https://terminology.hlth.gov.bc.ca/ClientRegistry/ValueSet/bc-address-validation-value-set",
      "version" : "1.0.0",
      "name" : "AddressValidationVS",
      "title" : "BC Address Validation Value Set",
      "status" : "draft",
      "date" : "2024-02-22T21:56:41+00:00",
      "jurisdiction" : [{
        "coding" : [{
          "system" : "urn:iso:std:iso:3166",
          "code" : "CA",
          "display" : "Canada"
        }]
      }],
      "expansion" : {
        "identifier" : "urn:uuid:508b17f8-58b7-4458-ae4c-df9d9baa2264",
        "timestamp" : "2024-02-22T21:57:40+00:00",
        "total" : 3,
        "offset" : 0,
        "parameter" : [{
          "name" : "count",
          "valueInteger" : 1000
        },
        {
          "name" : "offset",
          "valueInteger" : 0
        },
        {
          "name" : "excludeNested",
          "valueBoolean" : false
        },
        {
          "name" : "used-codesystem",
          "valueUri" : "https://terminology.hlth.gov.bc.ca/ClientRegistry/CodeSystem/bc-client-registry-address-validation-code-system|1.0.0"
        }],
        "contains" : [{
          "system" : "https://terminology.hlth.gov.bc.ca/ClientRegistry/CodeSystem/bc-client-registry-address-validation-code-system",
          "code" : "valid",
          "display" : "valid"
        },
        {
          "system" : "https://terminology.hlth.gov.bc.ca/ClientRegistry/CodeSystem/bc-client-registry-address-validation-code-system",
          "code" : "invalid",
          "display" : "invalid"
        },
        {
          "system" : "https://terminology.hlth.gov.bc.ca/ClientRegistry/CodeSystem/bc-client-registry-address-validation-code-system",
          "code" : "unknown",
          "display" : "unknown"
        }]
      }
    }
  },
  {
    "fullUrl" : "https://terminology.hlth.gov.bc.ca/ClientRegistry/ValueSet/bc-client-registry-patient-change-notification-events",
    "resource" : {
      "resourceType" : "ValueSet",
      "text" : {
        "status" : "generated",
        "div" : "<div xmlns=\"http://www.w3.org/1999/xhtml\"><p style=\"border: black 1px dotted; background-color: #EEEEEE; padding: 8px; margin-bottom: 8px\">Expansion based on <a href=\"CodeSystem-bc-client-registry-patient-change-notification-events.html\">codesystem BC Client Registry Patient Change Notification Events Code System v1.0.0 (CodeSystem)</a></p><p>This value set contains 10 concepts.</p><table class=\"codes\"><tr><td style=\"white-space:nowrap\"><b>Code</b></td><td><b>System</b></td><td><b>Display</b></td><td><b>Definition</b></td></tr><tr><td style=\"white-space:nowrap\"><a name=\"https---terminology.hlth.gov.bc.ca-ClientRegistry-CodeSystem-bc-client-registry-patient-change-notification-events-COMPOSITE\"> </a>\u00a0\u00a0<a href=\"CodeSystem-bc-client-registry-patient-change-notification-events.html#bc-client-registry-patient-change-notification-events-COMPOSITE\">COMPOSITE</a></td><td>https://terminology.hlth.gov.bc.ca/ClientRegistry/CodeSystem/bc-client-registry-patient-change-notification-events</td><td>composite</td><td><div><p>Composite view distributions inform a subscribing system that their records are out-of-sync with the composite view and a subscriber that a data attribute has been modified on a specific source.</p>\n</div></td></tr><tr><td style=\"white-space:nowrap\"><a name=\"https---terminology.hlth.gov.bc.ca-ClientRegistry-CodeSystem-bc-client-registry-patient-change-notification-events-DEATH\"> </a>\u00a0\u00a0<a href=\"CodeSystem-bc-client-registry-patient-change-notification-events.html#bc-client-registry-patient-change-notification-events-DEATH\">DEATH</a></td><td>https://terminology.hlth.gov.bc.ca/ClientRegistry/CodeSystem/bc-client-registry-patient-change-notification-events</td><td>death</td><td><div><p>DEATH distributions inform a subscriber that they have a record that is out of sync with the Date of Death, or the Deceased indicator is present and a change to the composite view has occurred and a subscribing system there is a Date of Death, or the Deceased indicator is present and a change to the composite view has occurred.</p>\n</div></td></tr><tr><td style=\"white-space:nowrap\"><a name=\"https---terminology.hlth.gov.bc.ca-ClientRegistry-CodeSystem-bc-client-registry-patient-change-notification-events-EID\"> </a>\u00a0\u00a0<a href=\"CodeSystem-bc-client-registry-patient-change-notification-events.html#bc-client-registry-patient-change-notification-events-EID\">EID</a></td><td>https://terminology.hlth.gov.bc.ca/ClientRegistry/CodeSystem/bc-client-registry-patient-change-notification-events</td><td>eid</td><td><div><p>EID distributions inform subscribers when one of their source records has changed entity sets and/or is out-of-sync with the composite view.</p>\n</div></td></tr><tr><td style=\"white-space:nowrap\"><a name=\"https---terminology.hlth.gov.bc.ca-ClientRegistry-CodeSystem-bc-client-registry-patient-change-notification-events-NEW\"> </a>\u00a0\u00a0<a href=\"CodeSystem-bc-client-registry-patient-change-notification-events.html#bc-client-registry-patient-change-notification-events-NEW\">NEW</a></td><td>https://terminology.hlth.gov.bc.ca/ClientRegistry/CodeSystem/bc-client-registry-patient-change-notification-events</td><td>new PHN</td><td><div><p>The New PHN (NEW) distribution is a non-source distribution and informs subscribers of all new PHNs.</p>\n</div></td></tr><tr><td style=\"white-space:nowrap\"><a name=\"https---terminology.hlth.gov.bc.ca-ClientRegistry-CodeSystem-bc-client-registry-patient-change-notification-events-NEWBORN\"> </a>\u00a0\u00a0<a href=\"CodeSystem-bc-client-registry-patient-change-notification-events.html#bc-client-registry-patient-change-notification-events-NEWBORN\">NEWBORN</a></td><td>https://terminology.hlth.gov.bc.ca/ClientRegistry/CodeSystem/bc-client-registry-patient-change-notification-events</td><td>newborn</td><td><div><p>This distribution informs subscribers that a newborn record has been created in the EMPI, and has been assigned a PHN.</p>\n</div></td></tr><tr><td style=\"white-space:nowrap\"><a name=\"https---terminology.hlth.gov.bc.ca-ClientRegistry-CodeSystem-bc-client-registry-patient-change-notification-events-NEWBORN-GENDER\"> </a>\u00a0\u00a0<a href=\"CodeSystem-bc-client-registry-patient-change-notification-events.html#bc-client-registry-patient-change-notification-events-NEWBORN_GENDER\">NEWBORN_GENDER</a></td><td>https://terminology.hlth.gov.bc.ca/ClientRegistry/CodeSystem/bc-client-registry-patient-change-notification-events</td><td>newborn gender</td><td><div><p>A non-source distribution and informs subscribers when the gender on a newborn record changes from unknown or undifferentiated to any other gender value.</p>\n</div></td></tr><tr><td style=\"white-space:nowrap\"><a name=\"https---terminology.hlth.gov.bc.ca-ClientRegistry-CodeSystem-bc-client-registry-patient-change-notification-events-PHN\"> </a>\u00a0\u00a0<a href=\"CodeSystem-bc-client-registry-patient-change-notification-events.html#bc-client-registry-patient-change-notification-events-PHN\">PHN</a></td><td>https://terminology.hlth.gov.bc.ca/ClientRegistry/CodeSystem/bc-client-registry-patient-change-notification-events</td><td>PHN change</td><td><div><p>PHN Change distributions inform source systems that their purported PHN is out-of-sync with the PHN in the composite view.</p>\n</div></td></tr><tr><td style=\"white-space:nowrap\"><a name=\"https---terminology.hlth.gov.bc.ca-ClientRegistry-CodeSystem-bc-client-registry-patient-change-notification-events-PHNJOIN\"> </a>\u00a0\u00a0<a href=\"CodeSystem-bc-client-registry-patient-change-notification-events.html#bc-client-registry-patient-change-notification-events-PHNJOIN\">PHNJOIN</a></td><td>https://terminology.hlth.gov.bc.ca/ClientRegistry/CodeSystem/bc-client-registry-patient-change-notification-events</td><td>PHN Join</td><td><div><p>PHN Join distributions inform source systems that their record has joined an entity with a PHN.</p>\n</div></td></tr><tr><td style=\"white-space:nowrap\"><a name=\"https---terminology.hlth.gov.bc.ca-ClientRegistry-CodeSystem-bc-client-registry-patient-change-notification-events-PHNMERGE\"> </a>\u00a0\u00a0<a href=\"CodeSystem-bc-client-registry-patient-change-notification-events.html#bc-client-registry-patient-change-notification-events-PHNMERGE\">PHNMERGE</a></td><td>https://terminology.hlth.gov.bc.ca/ClientRegistry/CodeSystem/bc-client-registry-patient-change-notification-events</td><td>PHN Merge</td><td><div><p>PHN merge is a non-source distribution and informs subscribers of merged PHNs.</p>\n</div></td></tr><tr><td style=\"white-space:nowrap\"><a name=\"https---terminology.hlth.gov.bc.ca-ClientRegistry-CodeSystem-bc-client-registry-patient-change-notification-events-SSRI\"> </a>\u00a0\u00a0<a href=\"CodeSystem-bc-client-registry-patient-change-notification-events.html#bc-client-registry-patient-change-notification-events-SSRI\">SSRI</a></td><td>https://terminology.hlth.gov.bc.ca/ClientRegistry/CodeSystem/bc-client-registry-patient-change-notification-events</td><td>SSRI Sync</td><td><div><p>SSRI Sync distributions notify a parent system that one of its child system’s records has joined the set.</p>\n</div></td></tr></table></div>"
      },
      "url" : "https://terminology.hlth.gov.bc.ca/ClientRegistry/ValueSet/bc-client-registry-patient-change-notification-events",
      "version" : "1.0.0",
      "name" : "PatientChangeNotificationEventsValueSet",
      "title" : "BC Client Registry Patient Change Notification Events Value Set",
      "status" : "draft",
      "date" : "2024-02-22T21:56:41+00:00",
      "jurisdiction" : [{
        "coding" : [{
          "system" : "urn:iso:std:iso:3166",
          "code" : "CA",
          "display" : "Canada"
        }]
      }],
      "expansion" : {
        "identifier" : "urn:uuid:31a5602d-1213-4886-8026-27dd2160a580",
        "timestamp" : "2024-02-22T21:57:40+00:00",
        "total" : 10,
        "offset" : 0,
        "parameter" : [{
          "name" : "count",
          "valueInteger" : 1000
        },
        {
          "name" : "offset",
          "valueInteger" : 0
        },
        {
          "name" : "excludeNested",
          "valueBoolean" : false
        },
        {
          "name" : "used-codesystem",
          "valueUri" : "https://terminology.hlth.gov.bc.ca/ClientRegistry/CodeSystem/bc-client-registry-patient-change-notification-events|1.0.0"
        }],
        "contains" : [{
          "system" : "https://terminology.hlth.gov.bc.ca/ClientRegistry/CodeSystem/bc-client-registry-patient-change-notification-events",
          "code" : "COMPOSITE",
          "display" : "composite"
        },
        {
          "system" : "https://terminology.hlth.gov.bc.ca/ClientRegistry/CodeSystem/bc-client-registry-patient-change-notification-events",
          "code" : "DEATH",
          "display" : "death"
        },
        {
          "system" : "https://terminology.hlth.gov.bc.ca/ClientRegistry/CodeSystem/bc-client-registry-patient-change-notification-events",
          "code" : "EID",
          "display" : "eid"
        },
        {
          "system" : "https://terminology.hlth.gov.bc.ca/ClientRegistry/CodeSystem/bc-client-registry-patient-change-notification-events",
          "code" : "NEW",
          "display" : "new PHN"
        },
        {
          "system" : "https://terminology.hlth.gov.bc.ca/ClientRegistry/CodeSystem/bc-client-registry-patient-change-notification-events",
          "code" : "NEWBORN",
          "display" : "newborn"
        },
        {
          "system" : "https://terminology.hlth.gov.bc.ca/ClientRegistry/CodeSystem/bc-client-registry-patient-change-notification-events",
          "code" : "NEWBORN_GENDER",
          "display" : "newborn gender"
        },
        {
          "system" : "https://terminology.hlth.gov.bc.ca/ClientRegistry/CodeSystem/bc-client-registry-patient-change-notification-events",
          "code" : "PHN",
          "display" : "PHN change"
        },
        {
          "system" : "https://terminology.hlth.gov.bc.ca/ClientRegistry/CodeSystem/bc-client-registry-patient-change-notification-events",
          "code" : "PHNJOIN",
          "display" : "PHN Join"
        },
        {
          "system" : "https://terminology.hlth.gov.bc.ca/ClientRegistry/CodeSystem/bc-client-registry-patient-change-notification-events",
          "code" : "PHNMERGE",
          "display" : "PHN Merge"
        },
        {
          "system" : "https://terminology.hlth.gov.bc.ca/ClientRegistry/CodeSystem/bc-client-registry-patient-change-notification-events",
          "code" : "SSRI",
          "display" : "SSRI Sync"
        }]
      }
    }
  },
  {
    "fullUrl" : "https://terminology.hlth.gov.bc.ca/ClientRegistry/ValueSet/bc-client-registry-update-patient-operation-value-set",
    "resource" : {
      "resourceType" : "ValueSet",
      "text" : {
        "status" : "generated",
        "div" : "<div xmlns=\"http://www.w3.org/1999/xhtml\"><p style=\"border: black 1px dotted; background-color: #EEEEEE; padding: 8px; margin-bottom: 8px\">Expansion based on <a href=\"CodeSystem-bc-client-registry-update-patient-operation-code-system.html\">codesystem BC Code System Of Allowed Update Operations v1.0.0 (CodeSystem)</a></p><p>This value set contains 3 concepts.</p><table class=\"codes\"><tr><td style=\"white-space:nowrap\"><b>Code</b></td><td><b>System</b></td><td><b>Display</b></td><td><b>Definition</b></td></tr><tr><td style=\"white-space:nowrap\"><a name=\"https---terminology.hlth.gov.bc.ca-ClientRegistry-CodeSystem-bc-client-registry-update-patient-operation-code-system-add\"> </a>\u00a0\u00a0<a href=\"CodeSystem-bc-client-registry-update-patient-operation-code-system.html#bc-client-registry-update-patient-operation-code-system-add\">add</a></td><td>https://terminology.hlth.gov.bc.ca/ClientRegistry/CodeSystem/bc-client-registry-update-patient-operation-code-system</td><td>add</td><td><div><p>This operation adds an attribute.</p>\n</div></td></tr><tr><td style=\"white-space:nowrap\"><a name=\"https---terminology.hlth.gov.bc.ca-ClientRegistry-CodeSystem-bc-client-registry-update-patient-operation-code-system-delete\"> </a>\u00a0\u00a0<a href=\"CodeSystem-bc-client-registry-update-patient-operation-code-system.html#bc-client-registry-update-patient-operation-code-system-delete\">delete</a></td><td>https://terminology.hlth.gov.bc.ca/ClientRegistry/CodeSystem/bc-client-registry-update-patient-operation-code-system</td><td>delete</td><td><div><p>This operation deletes an existing attribute.</p>\n</div></td></tr><tr><td style=\"white-space:nowrap\"><a name=\"https---terminology.hlth.gov.bc.ca-ClientRegistry-CodeSystem-bc-client-registry-update-patient-operation-code-system-replace\"> </a>\u00a0\u00a0<a href=\"CodeSystem-bc-client-registry-update-patient-operation-code-system.html#bc-client-registry-update-patient-operation-code-system-replace\">replace</a></td><td>https://terminology.hlth.gov.bc.ca/ClientRegistry/CodeSystem/bc-client-registry-update-patient-operation-code-system</td><td>replace</td><td><div><p>This operation replaces an existing attribute.</p>\n</div></td></tr></table></div>"
      },
      "url" : "https://terminology.hlth.gov.bc.ca/ClientRegistry/ValueSet/bc-client-registry-update-patient-operation-value-set",
      "version" : "1.0.0",
      "name" : "UpdatePatientOperationVS",
      "title" : "BC Update Patient Operation Value Set",
      "status" : "draft",
      "date" : "2024-02-22T21:56:41+00:00",
      "jurisdiction" : [{
        "coding" : [{
          "system" : "urn:iso:std:iso:3166",
          "code" : "CA",
          "display" : "Canada"
        }]
      }],
      "expansion" : {
        "identifier" : "urn:uuid:c68c85d7-bfcd-43c8-a964-df0f75a72370",
        "timestamp" : "2024-02-22T21:57:40+00:00",
        "total" : 3,
        "offset" : 0,
        "parameter" : [{
          "name" : "count",
          "valueInteger" : 1000
        },
        {
          "name" : "offset",
          "valueInteger" : 0
        },
        {
          "name" : "excludeNested",
          "valueBoolean" : false
        },
        {
          "name" : "used-codesystem",
          "valueUri" : "https://terminology.hlth.gov.bc.ca/ClientRegistry/CodeSystem/bc-client-registry-update-patient-operation-code-system|1.0.0"
        }],
        "contains" : [{
          "system" : "https://terminology.hlth.gov.bc.ca/ClientRegistry/CodeSystem/bc-client-registry-update-patient-operation-code-system",
          "code" : "add",
          "display" : "add"
        },
        {
          "system" : "https://terminology.hlth.gov.bc.ca/ClientRegistry/CodeSystem/bc-client-registry-update-patient-operation-code-system",
          "code" : "delete",
          "display" : "delete"
        },
        {
          "system" : "https://terminology.hlth.gov.bc.ca/ClientRegistry/CodeSystem/bc-client-registry-update-patient-operation-code-system",
          "code" : "replace",
          "display" : "replace"
        }]
      }
    }
  },
  {
    "fullUrl" : "https://terminology.hlth.gov.bc.ca/ClientRegistry/ValueSet/bc-contact-point-system-value-set",
    "resource" : {
      "resourceType" : "ValueSet",
      "text" : {
        "status" : "generated",
        "div" : "<div xmlns=\"http://www.w3.org/1999/xhtml\"><div style=\"border: black 1px dotted; background-color: #EEEEEE; padding: 8px; margin-bottom: 8px\"><p>Expansion based on: </p><ul><li><a href=\"http://hl7.org/fhir/R4/codesystem-contact-point-system.html\">codesystem ContactPointSystem v4.0.1 (CodeSystem)</a></li><li><a href=\"http://hl7.org/fhir/R4/valueset-contact-point-system.html\">valueset ContactPointSystem v4.0.1 (ValueSet)</a></li></ul></div><p style=\"border: maroon 1px solid; background-color: #FFCCCC; font-weight: bold; padding: 8px\">This value set has 7 codes in it. In order to keep the publication size manageable, only a selection (2 codes) of the whole set of codes is shown.</p><table class=\"codes\"><tr><td style=\"white-space:nowrap\"><b>Code</b></td><td><b>System</b></td><td><b>Display</b></td><td><b>Definition</b></td></tr><tr><td style=\"white-space:nowrap\"><a name=\"http---hl7.org-fhir-contact-point-system-phone\"> </a>\u00a0\u00a0<a href=\"http://hl7.org/fhir/R4/codesystem-contact-point-system.html#contact-point-system-phone\">phone</a></td><td>http://hl7.org/fhir/contact-point-system</td><td>Phone</td><td><div><p>The value is a telephone number used for voice calls. Use of full international numbers starting with + is recommended to enable automatic dialing support but not required.</p>\n</div></td></tr><tr><td style=\"white-space:nowrap\"><a name=\"http---hl7.org-fhir-contact-point-system-email\"> </a>\u00a0\u00a0<a href=\"http://hl7.org/fhir/R4/codesystem-contact-point-system.html#contact-point-system-email\">email</a></td><td>http://hl7.org/fhir/contact-point-system</td><td>Email</td><td><div><p>The value is an email address.</p>\n</div></td></tr></table></div>"
      },
      "url" : "https://terminology.hlth.gov.bc.ca/ClientRegistry/ValueSet/bc-contact-point-system-value-set",
      "version" : "1.0.0",
      "name" : "ContactPointSystemVS",
      "title" : "BC Contact Point System Value Set",
      "status" : "draft",
      "date" : "2024-02-22T21:56:41+00:00",
      "jurisdiction" : [{
        "coding" : [{
          "system" : "urn:iso:std:iso:3166",
          "code" : "CA",
          "display" : "Canada"
        }]
      }],
      "expansion" : {
        "identifier" : "urn:uuid:5a089368-5544-442f-b724-1be16906da0b",
        "timestamp" : "2024-02-22T21:57:40+00:00",
        "total" : 7,
        "offset" : 0,
        "parameter" : [{
          "name" : "count",
          "valueInteger" : 1000
        },
        {
          "name" : "offset",
          "valueInteger" : 0
        },
        {
          "name" : "excludeNested",
          "valueBoolean" : false
        },
        {
          "name" : "used-valueset",
          "valueUri" : "http://hl7.org/fhir/ValueSet/contact-point-system|4.0.1"
        },
        {
          "name" : "used-codesystem",
          "valueUri" : "http://hl7.org/fhir/contact-point-system|4.0.1"
        }],
        "contains" : [{
          "system" : "http://hl7.org/fhir/contact-point-system",
          "code" : "phone",
          "display" : "Phone"
        },
        {
          "system" : "http://hl7.org/fhir/contact-point-system",
          "code" : "email",
          "display" : "Email"
        }]
      }
    }
  },
  {
    "fullUrl" : "https://terminology.hlth.gov.bc.ca/ClientRegistry/ValueSet/bc-contact-point-use-value-set",
    "resource" : {
      "resourceType" : "ValueSet",
      "text" : {
        "status" : "generated",
        "div" : "<div xmlns=\"http://www.w3.org/1999/xhtml\"><div style=\"border: black 1px dotted; background-color: #EEEEEE; padding: 8px; margin-bottom: 8px\"><p>Expansion based on: </p><ul><li><a href=\"http://hl7.org/fhir/R4/codesystem-contact-point-use.html\">codesystem ContactPointUse v4.0.1 (CodeSystem)</a></li><li><a href=\"http://hl7.org/fhir/R4/valueset-contact-point-use.html\">valueset ContactPointUse v4.0.1 (ValueSet)</a></li></ul></div><p style=\"border: maroon 1px solid; background-color: #FFCCCC; font-weight: bold; padding: 8px\">This value set has 5 codes in it. In order to keep the publication size manageable, only a selection (3 codes) of the whole set of codes is shown.</p><table class=\"codes\"><tr><td style=\"white-space:nowrap\"><b>Code</b></td><td><b>System</b></td><td><b>Display</b></td><td><b>Definition</b></td></tr><tr><td style=\"white-space:nowrap\"><a name=\"http---hl7.org-fhir-contact-point-use-home\"> </a>\u00a0\u00a0<a href=\"http://hl7.org/fhir/R4/codesystem-contact-point-use.html#contact-point-use-home\">home</a></td><td>http://hl7.org/fhir/contact-point-use</td><td>Home</td><td><div><p>A communication contact point at a home; attempted contacts for business purposes might intrude privacy and chances are one will contact family or other household members instead of the person one wishes to call. Typically used with urgent cases, or if no other contacts are available.</p>\n</div></td></tr><tr><td style=\"white-space:nowrap\"><a name=\"http---hl7.org-fhir-contact-point-use-work\"> </a>\u00a0\u00a0<a href=\"http://hl7.org/fhir/R4/codesystem-contact-point-use.html#contact-point-use-work\">work</a></td><td>http://hl7.org/fhir/contact-point-use</td><td>Work</td><td><div><p>An office contact point. First choice for business related contacts during business hours.</p>\n</div></td></tr><tr><td style=\"white-space:nowrap\"><a name=\"http---hl7.org-fhir-contact-point-use-mobile\"> </a>\u00a0\u00a0<a href=\"http://hl7.org/fhir/R4/codesystem-contact-point-use.html#contact-point-use-mobile\">mobile</a></td><td>http://hl7.org/fhir/contact-point-use</td><td>Mobile</td><td><div><p>A telecommunication device that moves and stays with its owner. May have characteristics of all other use codes, suitable for urgent matters, not the first choice for routine business.</p>\n</div></td></tr></table></div>"
      },
      "url" : "https://terminology.hlth.gov.bc.ca/ClientRegistry/ValueSet/bc-contact-point-use-value-set",
      "version" : "1.0.0",
      "name" : "ContactPointUseVS",
      "title" : "BC Contact Point Use Value Set",
      "status" : "draft",
      "date" : "2024-02-22T21:56:41+00:00",
      "jurisdiction" : [{
        "coding" : [{
          "system" : "urn:iso:std:iso:3166",
          "code" : "CA",
          "display" : "Canada"
        }]
      }],
      "expansion" : {
        "identifier" : "urn:uuid:0f49628b-3845-491e-ac55-6d236b2a94e4",
        "timestamp" : "2024-02-22T21:57:40+00:00",
        "total" : 5,
        "offset" : 0,
        "parameter" : [{
          "name" : "count",
          "valueInteger" : 1000
        },
        {
          "name" : "offset",
          "valueInteger" : 0
        },
        {
          "name" : "excludeNested",
          "valueBoolean" : false
        },
        {
          "name" : "used-valueset",
          "valueUri" : "http://hl7.org/fhir/ValueSet/contact-point-use|4.0.1"
        },
        {
          "name" : "used-codesystem",
          "valueUri" : "http://hl7.org/fhir/contact-point-use|4.0.1"
        }],
        "contains" : [{
          "system" : "http://hl7.org/fhir/contact-point-use",
          "code" : "home",
          "display" : "Home"
        },
        {
          "system" : "http://hl7.org/fhir/contact-point-use",
          "code" : "work",
          "display" : "Work"
        },
        {
          "system" : "http://hl7.org/fhir/contact-point-use",
          "code" : "mobile",
          "display" : "Mobile"
        }]
      }
    }
  },
  {
    "fullUrl" : "https://terminology.hlth.gov.bc.ca/ClientRegistry/ValueSet/bc-identifier-status-value-set",
    "resource" : {
      "resourceType" : "ValueSet",
      "text" : {
        "status" : "generated",
        "div" : "<div xmlns=\"http://www.w3.org/1999/xhtml\"><p style=\"border: black 1px dotted; background-color: #EEEEEE; padding: 8px; margin-bottom: 8px\">Expansion based on <a href=\"CodeSystem-bc-identifier-status-code-system.html\">codesystem BC Client registry identifier status code system v1.0.0 (CodeSystem)</a></p><p>This value set contains 2 concepts.</p><table class=\"codes\"><tr><td style=\"white-space:nowrap\"><b>Code</b></td><td><b>System</b></td><td><b>Display</b></td><td><b>Definition</b></td></tr><tr><td style=\"white-space:nowrap\"><a name=\"https---terminology.hlth.gov.bc.ca-ClientRegistry-CodeSystem-bc-identifier-status-code-system-merged\"> </a>\u00a0\u00a0<a href=\"CodeSystem-bc-identifier-status-code-system.html#bc-identifier-status-code-system-merged\">merged</a></td><td>https://terminology.hlth.gov.bc.ca/ClientRegistry/CodeSystem/bc-identifier-status-code-system</td><td>merged</td><td><div><p>The identifier has been merged.</p>\n</div></td></tr><tr><td style=\"white-space:nowrap\"><a name=\"https---terminology.hlth.gov.bc.ca-ClientRegistry-CodeSystem-bc-identifier-status-code-system-active\"> </a>\u00a0\u00a0<a href=\"CodeSystem-bc-identifier-status-code-system.html#bc-identifier-status-code-system-active\">active</a></td><td>https://terminology.hlth.gov.bc.ca/ClientRegistry/CodeSystem/bc-identifier-status-code-system</td><td>active</td><td><div><p>The identifier is active.</p>\n</div></td></tr></table></div>"
      },
      "url" : "https://terminology.hlth.gov.bc.ca/ClientRegistry/ValueSet/bc-identifier-status-value-set",
      "version" : "1.0.0",
      "name" : "IdentifierStatusVS",
      "title" : "BC Identifier Status Value Set",
      "status" : "draft",
      "date" : "2024-02-22T21:56:41+00:00",
      "jurisdiction" : [{
        "coding" : [{
          "system" : "urn:iso:std:iso:3166",
          "code" : "CA",
          "display" : "Canada"
        }]
      }],
      "expansion" : {
        "identifier" : "urn:uuid:31147e21-5be3-40ca-af50-7c9f93775517",
        "timestamp" : "2024-02-22T21:57:40+00:00",
        "total" : 2,
        "offset" : 0,
        "parameter" : [{
          "name" : "count",
          "valueInteger" : 1000
        },
        {
          "name" : "offset",
          "valueInteger" : 0
        },
        {
          "name" : "excludeNested",
          "valueBoolean" : false
        },
        {
          "name" : "used-codesystem",
          "valueUri" : "https://terminology.hlth.gov.bc.ca/ClientRegistry/CodeSystem/bc-identifier-status-code-system|1.0.0"
        }],
        "contains" : [{
          "system" : "https://terminology.hlth.gov.bc.ca/ClientRegistry/CodeSystem/bc-identifier-status-code-system",
          "code" : "merged",
          "display" : "merged"
        },
        {
          "system" : "https://terminology.hlth.gov.bc.ca/ClientRegistry/CodeSystem/bc-identifier-status-code-system",
          "code" : "active",
          "display" : "active"
        }]
      }
    }
  },
  {
    "fullUrl" : "https://terminology.hlth.gov.bc.ca/ClientRegistry/ValueSet/bc-merge-status-value-set",
    "resource" : {
      "resourceType" : "ValueSet",
      "text" : {
        "status" : "generated",
        "div" : "<div xmlns=\"http://www.w3.org/1999/xhtml\"><p style=\"border: black 1px dotted; background-color: #EEEEEE; padding: 8px; margin-bottom: 8px\">Expansion based on <a href=\"CodeSystem-bc-client-registry-merge-status-code-system.html\">codesystem BC Client Registry merge status. v1.0.0 (CodeSystem)</a></p><p>This value set contains 2 concepts.</p><table class=\"codes\"><tr><td style=\"white-space:nowrap\"><b>Code</b></td><td><b>System</b></td><td><b>Display</b></td><td><b>Definition</b></td></tr><tr><td style=\"white-space:nowrap\"><a name=\"https---terminology.hlth.gov.bc.ca-ClientRegistry-CodeSystem-bc-client-registry-merge-status-code-system-obsolete\"> </a>\u00a0\u00a0<a href=\"CodeSystem-bc-client-registry-merge-status-code-system.html#bc-client-registry-merge-status-code-system-obsolete\">obsolete</a></td><td>https://terminology.hlth.gov.bc.ca/ClientRegistry/CodeSystem/bc-client-registry-merge-status-code-system</td><td>obsolete</td><td><div><p>The merge obsoletes this Patient.</p>\n</div></td></tr><tr><td style=\"white-space:nowrap\"><a name=\"https---terminology.hlth.gov.bc.ca-ClientRegistry-CodeSystem-bc-client-registry-merge-status-code-system-cancelled\"> </a>\u00a0\u00a0<a href=\"CodeSystem-bc-client-registry-merge-status-code-system.html#bc-client-registry-merge-status-code-system-cancelled\">cancelled</a></td><td>https://terminology.hlth.gov.bc.ca/ClientRegistry/CodeSystem/bc-client-registry-merge-status-code-system</td><td>cancelled</td><td><div><p>The merge cancels this Patient.</p>\n</div></td></tr></table></div>"
      },
      "url" : "https://terminology.hlth.gov.bc.ca/ClientRegistry/ValueSet/bc-merge-status-value-set",
      "version" : "1.0.0",
      "name" : "MergeStatusVS",
      "title" : "BC Merge Status Value Set",
      "status" : "draft",
      "date" : "2024-02-22T21:56:41+00:00",
      "jurisdiction" : [{
        "coding" : [{
          "system" : "urn:iso:std:iso:3166",
          "code" : "CA",
          "display" : "Canada"
        }]
      }],
      "expansion" : {
        "identifier" : "urn:uuid:29c656a0-8fe7-4931-9e28-1a11ba858a3e",
        "timestamp" : "2024-02-22T21:57:40+00:00",
        "total" : 2,
        "offset" : 0,
        "parameter" : [{
          "name" : "count",
          "valueInteger" : 1000
        },
        {
          "name" : "offset",
          "valueInteger" : 0
        },
        {
          "name" : "excludeNested",
          "valueBoolean" : false
        },
        {
          "name" : "used-codesystem",
          "valueUri" : "https://terminology.hlth.gov.bc.ca/ClientRegistry/CodeSystem/bc-client-registry-merge-status-code-system|1.0.0"
        }],
        "contains" : [{
          "system" : "https://terminology.hlth.gov.bc.ca/ClientRegistry/CodeSystem/bc-client-registry-merge-status-code-system",
          "code" : "obsolete",
          "display" : "obsolete"
        },
        {
          "system" : "https://terminology.hlth.gov.bc.ca/ClientRegistry/CodeSystem/bc-client-registry-merge-status-code-system",
          "code" : "cancelled",
          "display" : "cancelled"
        }]
      }
    }
  },
  {
    "fullUrl" : "https://terminology.hlth.gov.bc.ca/ClientRegistry/ValueSet/bc-name-use-value-set",
    "resource" : {
      "resourceType" : "ValueSet",
      "text" : {
        "status" : "generated",
        "div" : "<div xmlns=\"http://www.w3.org/1999/xhtml\"><div style=\"border: black 1px dotted; background-color: #EEEEEE; padding: 8px; margin-bottom: 8px\"><p>Expansion based on: </p><ul><li><a href=\"http://hl7.org/fhir/R4/codesystem-name-use.html\">codesystem NameUse v4.0.1 (CodeSystem)</a></li><li><a href=\"http://hl7.org/fhir/R4/valueset-name-use.html\">valueset NameUse v4.0.1 (ValueSet)</a></li></ul></div><p style=\"border: maroon 1px solid; background-color: #FFCCCC; font-weight: bold; padding: 8px\">This value set has 7 codes in it. In order to keep the publication size manageable, only a selection (3 codes) of the whole set of codes is shown.</p><table class=\"codes\"><tr><td style=\"white-space:nowrap\"><b>Code</b></td><td><b>System</b></td><td><b>Display</b></td><td><b>Definition</b></td></tr><tr><td style=\"white-space:nowrap\"><a name=\"http---hl7.org-fhir-name-use-usual\"> </a>\u00a0\u00a0<a href=\"http://hl7.org/fhir/R4/codesystem-name-use.html#name-use-usual\">usual</a></td><td>http://hl7.org/fhir/name-use</td><td>Usual</td><td><div><p>Known as/conventional/the one you normally use.</p>\n</div></td></tr><tr><td style=\"white-space:nowrap\"><a name=\"http---hl7.org-fhir-name-use-official\"> </a>\u00a0\u00a0<a href=\"http://hl7.org/fhir/R4/codesystem-name-use.html#name-use-official\">official</a></td><td>http://hl7.org/fhir/name-use</td><td>Official</td><td><div><p>The formal name as registered in an official (government) registry, but which name might not be commonly used. May be called &quot;legal name&quot;.</p>\n</div></td></tr><tr><td style=\"white-space:nowrap\"><a name=\"http---hl7.org-fhir-name-use-nickname\"> </a>\u00a0\u00a0<a href=\"http://hl7.org/fhir/R4/codesystem-name-use.html#name-use-nickname\">nickname</a></td><td>http://hl7.org/fhir/name-use</td><td>Nickname</td><td><div><p>A name that is used to address the person in an informal manner, but is not part of their formal or usual name.</p>\n</div></td></tr></table></div>"
      },
      "url" : "https://terminology.hlth.gov.bc.ca/ClientRegistry/ValueSet/bc-name-use-value-set",
      "version" : "1.0.0",
      "name" : "NameUseVS",
      "title" : "BC Name Use value set.",
      "status" : "draft",
      "date" : "2024-02-22T21:56:41+00:00",
      "jurisdiction" : [{
        "coding" : [{
          "system" : "urn:iso:std:iso:3166",
          "code" : "CA",
          "display" : "Canada"
        }]
      }],
      "expansion" : {
        "identifier" : "urn:uuid:d861eb30-3890-4e57-b0ce-9998c3e446c7",
        "timestamp" : "2024-02-22T21:57:40+00:00",
        "total" : 7,
        "offset" : 0,
        "parameter" : [{
          "name" : "count",
          "valueInteger" : 1000
        },
        {
          "name" : "offset",
          "valueInteger" : 0
        },
        {
          "name" : "excludeNested",
          "valueBoolean" : false
        },
        {
          "name" : "used-valueset",
          "valueUri" : "http://hl7.org/fhir/ValueSet/name-use|4.0.1"
        },
        {
          "name" : "used-codesystem",
          "valueUri" : "http://hl7.org/fhir/name-use|4.0.1"
        }],
        "contains" : [{
          "system" : "http://hl7.org/fhir/name-use",
          "code" : "usual",
          "display" : "Usual"
        },
        {
          "system" : "http://hl7.org/fhir/name-use",
          "code" : "official",
          "display" : "Official"
        },
        {
          "system" : "http://hl7.org/fhir/name-use",
          "code" : "nickname",
          "display" : "Nickname"
        }]
      }
    }
  }]
}