<?xml version="1.0" encoding="UTF-8"?><OperationDefinition xmlns="http://hl7.org/fhir"><id value="bc-patient-history"/><text><status value="generated"/><div xmlns="http://www.w3.org/1999/xhtml"><p class="res-header-id"><b>Generated Narrative: OperationDefinition bc-patient-history</b></p><a name="bc-patient-history"> </a><a name="hcbc-patient-history"> </a><a name="bc-patient-history-en-US"> </a><p>URL: [base]/Patient/[id]/$HistoryPatient</p><p>Output parameters Profile:<a href="http://hl7.org/fhir/R4/bundle.html">Bundle</a></p><h3>Parameters</h3><table class="grid"><tr><td><b>Use</b></td><td><b>Name</b></td><td><b>Scope</b></td><td><b>Cardinality</b></td><td><b>Type</b></td><td><b>Binding</b></td><td><b>Documentation</b></td></tr><tr><td>OUT</td><td>return</td><td/><td>1..1</td><td><a href="http://hl7.org/fhir/R4/bundle.html">Bundle</a></td><td/><td><div><p>The history operation response Bundle.</p>
</div></td></tr></table></div></text><url value="http://hlth.gov.bc.ca/fhir/client/OperationDefinition/bc-patient-history"/><version value="1.0.0"/><name value="HistoryPatient"/><title value="HistoryPatient"/><status value="draft"/><kind value="operation"/><date value="2024-10-11T21:12:40+00:00"/><publisher value="BC Ministry of Health"/><contact><name value="BC Ministry of Health"/><telecom><system value="url"/><value value="https://www2.gov.bc.ca/gov/content/governments/organizational-structure/ministries-organizations/ministries/health"/></telecom></contact><description value="This operation is used to return the historical attributes of a patient."/><jurisdiction><coding><system value="urn:iso:std:iso:3166"/><code value="CA"/><display value="Canada"/></coding></jurisdiction><code value="HistoryPatient"/><resource value="Patient"/><system value="false"/><type value="false"/><instance value="true"/><outputProfile value="http://hl7.org/fhir/StructureDefinition/Bundle"/><parameter><name value="return"/><use value="out"/><min value="1"/><max value="1"/><documentation value="The history operation response Bundle."/><type value="Bundle"/></parameter></OperationDefinition>