{"resourceType":"ImplementationGuide","id":"fhir.ca-bc.client","text":{"status":"generated","div":"<div xmlns=\"http://www.w3.org/1999/xhtml\"><p class=\"res-header-id\"><b>Generated Narrative: ImplementationGuide fhir.ca-bc.client</b></p><a name=\"fhir.ca-bc.client\"> </a><a name=\"hcfhir.ca-bc.client\"> </a><a name=\"fhir.ca-bc.client-en-US\"> </a><h2>BCHealthClientIdentityManagement</h2><p>The official URL for this implementation guide is: </p><pre>http://hlth.gov.bc.ca/fhir/client/ImplementationGuide/fhir.ca-bc.client</pre><div><p>FHIR Implementation Guide for BC MOH Client Registry</p>\n</div></div>"},"url":"http://hlth.gov.bc.ca/fhir/client/ImplementationGuide/fhir.ca-bc.client","version":"1.0.0","name":"BCHealthClientIdentityManagement","title":"BC Client Registry FHIR Implementation Guide","status":"active","date":"2024-09-27T22:56:13+00:00","publisher":"BC Ministry of Health","contact":[{"name":"BC Ministry of Health","telecom":[{"system":"url","value":"https://www2.gov.bc.ca/gov/content/governments/organizational-structure/ministries-organizations/ministries/health"}]}],"description":"FHIR Implementation Guide for BC MOH Client Registry","jurisdiction":[{"coding":[{"system":"urn:iso:std:iso:3166","code":"CA","display":"Canada"}]}],"packageId":"fhir.ca-bc.client","license":"CC0-1.0","fhirVersion":["4.0.1"],"dependsOn":[{"id":"hl7tx","extension":[{"url":"http://hl7.org/fhir/tools/StructureDefinition/implementationguide-dependency-comment","valueMarkdown":"Automatically added as a dependency - all IGs depend on HL7 Terminology"}],"uri":"http://terminology.hl7.org/ImplementationGuide/hl7.terminology","packageId":"hl7.terminology.r4","version":"6.0.2"},{"id":"hl7ext","extension":[{"url":"http://hl7.org/fhir/tools/StructureDefinition/implementationguide-dependency-comment","valueMarkdown":"Automatically added as a dependency - all IGs depend on the HL7 Extension Pack"}],"uri":"http://hl7.org/fhir/extensions/ImplementationGuide/hl7.fhir.uv.extensions","packageId":"hl7.fhir.uv.extensions.r4","version":"5.1.0"},{"id":"hl7_fhir_ca_baseline","uri":"http://hl7.org/fhir/ca/baseline/ImplementationGuide/hl7.fhir.ca.baseline","packageId":"hl7.fhir.ca.baseline","version":"1.1.7"},{"id":"hl7_fhir_uv_subscriptions_backport_r4","uri":"http://hl7.org/fhir/uv/subscriptions-backport/ImplementationGuide/hl7.fhir.uv.subscriptions-backport","packageId":"hl7.fhir.uv.subscriptions-backport.r4","version":"1.1.0"}],"definition":{"extension":[{"extension":[{"url":"code","valueString":"copyrightyear"},{"url":"value","valueString":"2022+"}],"url":"http://hl7.org/fhir/tools/StructureDefinition/ig-parameter"},{"extension":[{"url":"code","valueString":"releaselabel"},{"url":"value","valueString":"Build CI"}],"url":"http://hl7.org/fhir/tools/StructureDefinition/ig-parameter"},{"extension":[{"url":"code","valueString":"special-url"},{"url":"value","valueString":"https://terminology.hlth.gov.bc.ca/ClientRegistry/CodeSystem/bc-client-registry-address-validation-code-system"}],"url":"http://hl7.org/fhir/tools/StructureDefinition/ig-parameter"},{"extension":[{"url":"code","valueString":"special-url"},{"url":"value","valueString":"https://terminology.hlth.gov.bc.ca/ClientRegistry/CodeSystem/bc-client-registry-merge-status-code-system"}],"url":"http://hl7.org/fhir/tools/StructureDefinition/ig-parameter"},{"extension":[{"url":"code","valueString":"special-url"},{"url":"value","valueString":"https://terminology.hlth.gov.bc.ca/ClientRegistry/CodeSystem/bc-client-registry-patient-change-notification-events"}],"url":"http://hl7.org/fhir/tools/StructureDefinition/ig-parameter"},{"extension":[{"url":"code","valueString":"special-url"},{"url":"value","valueString":"https://terminology.hlth.gov.bc.ca/ClientRegistry/CodeSystem/bc-client-registry-update-patient-operation-code-system"}],"url":"http://hl7.org/fhir/tools/StructureDefinition/ig-parameter"},{"extension":[{"url":"code","valueString":"special-url"},{"url":"value","valueString":"https://terminology.hlth.gov.bc.ca/ClientRegistry/CodeSystem/bc-identifier-status-code-system"}],"url":"http://hl7.org/fhir/tools/StructureDefinition/ig-parameter"},{"extension":[{"url":"code","valueString":"special-url"},{"url":"value","valueString":"https://terminology.hlth.gov.bc.ca/ClientRegistry/CodeSystem/bc-operation-outcome-details-code-system"}],"url":"http://hl7.org/fhir/tools/StructureDefinition/ig-parameter"},{"extension":[{"url":"code","valueString":"special-url"},{"url":"value","valueString":"https://terminology.hlth.gov.bc.ca/ClientRegistry/ValueSet/bc-address-validation-value-set"}],"url":"http://hl7.org/fhir/tools/StructureDefinition/ig-parameter"},{"extension":[{"url":"code","valueString":"special-url"},{"url":"value","valueString":"https://terminology.hlth.gov.bc.ca/ClientRegistry/ValueSet/bc-client-registry-patient-change-notification-events"}],"url":"http://hl7.org/fhir/tools/StructureDefinition/ig-parameter"},{"extension":[{"url":"code","valueString":"special-url"},{"url":"value","valueString":"https://terminology.hlth.gov.bc.ca/ClientRegistry/ValueSet/bc-client-registry-update-patient-operation-value-set"}],"url":"http://hl7.org/fhir/tools/StructureDefinition/ig-parameter"},{"extension":[{"url":"code","valueString":"special-url"},{"url":"value","valueString":"https://terminology.hlth.gov.bc.ca/ClientRegistry/ValueSet/bc-contact-point-system-value-set"}],"url":"http://hl7.org/fhir/tools/StructureDefinition/ig-parameter"},{"extension":[{"url":"code","valueString":"special-url"},{"url":"value","valueString":"https://terminology.hlth.gov.bc.ca/ClientRegistry/ValueSet/bc-contact-point-use-value-set"}],"url":"http://hl7.org/fhir/tools/StructureDefinition/ig-parameter"},{"extension":[{"url":"code","valueString":"special-url"},{"url":"value","valueString":"https://terminology.hlth.gov.bc.ca/ClientRegistry/ValueSet/bc-identifier-status-value-set"}],"url":"http://hl7.org/fhir/tools/StructureDefinition/ig-parameter"},{"extension":[{"url":"code","valueString":"special-url"},{"url":"value","valueString":"https://terminology.hlth.gov.bc.ca/ClientRegistry/ValueSet/bc-merge-status-value-set"}],"url":"http://hl7.org/fhir/tools/StructureDefinition/ig-parameter"},{"extension":[{"url":"code","valueString":"special-url"},{"url":"value","valueString":"https://terminology.hlth.gov.bc.ca/ClientRegistry/ValueSet/bc-name-use-value-set"}],"url":"http://hl7.org/fhir/tools/StructureDefinition/ig-parameter"},{"extension":[{"url":"code","valueString":"autoload-resources"},{"url":"value","valueString":"true"}],"url":"http://hl7.org/fhir/tools/StructureDefinition/ig-parameter"},{"extension":[{"url":"code","valueString":"path-liquid"},{"url":"value","valueString":"template/liquid"}],"url":"http://hl7.org/fhir/tools/StructureDefinition/ig-parameter"},{"extension":[{"url":"code","valueString":"path-liquid"},{"url":"value","valueString":"input/liquid"}],"url":"http://hl7.org/fhir/tools/StructureDefinition/ig-parameter"},{"extension":[{"url":"code","valueString":"path-qa"},{"url":"value","valueString":"temp/qa"}],"url":"http://hl7.org/fhir/tools/StructureDefinition/ig-parameter"},{"extension":[{"url":"code","valueString":"path-temp"},{"url":"value","valueString":"temp/pages"}],"url":"http://hl7.org/fhir/tools/StructureDefinition/ig-parameter"},{"extension":[{"url":"code","valueString":"path-output"},{"url":"value","valueString":"output"}],"url":"http://hl7.org/fhir/tools/StructureDefinition/ig-parameter"},{"extension":[{"url":"code","valueString":"path-suppressed-warnings"},{"url":"value","valueString":"input/ignoreWarnings.txt"}],"url":"http://hl7.org/fhir/tools/StructureDefinition/ig-parameter"},{"extension":[{"url":"code","valueString":"path-history"},{"url":"value","valueString":"http://hlth.gov.bc.ca/fhir/client/history.html"}],"url":"http://hl7.org/fhir/tools/StructureDefinition/ig-parameter"},{"extension":[{"url":"code","valueString":"template-html"},{"url":"value","valueString":"template-page.html"}],"url":"http://hl7.org/fhir/tools/StructureDefinition/ig-parameter"},{"extension":[{"url":"code","valueString":"template-md"},{"url":"value","valueString":"template-page-md.html"}],"url":"http://hl7.org/fhir/tools/StructureDefinition/ig-parameter"},{"extension":[{"url":"code","valueString":"apply-contact"},{"url":"value","valueString":"true"}],"url":"http://hl7.org/fhir/tools/StructureDefinition/ig-parameter"},{"extension":[{"url":"code","valueString":"apply-context"},{"url":"value","valueString":"true"}],"url":"http://hl7.org/fhir/tools/StructureDefinition/ig-parameter"},{"extension":[{"url":"code","valueString":"apply-copyright"},{"url":"value","valueString":"true"}],"url":"http://hl7.org/fhir/tools/StructureDefinition/ig-parameter"},{"extension":[{"url":"code","valueString":"apply-jurisdiction"},{"url":"value","valueString":"true"}],"url":"http://hl7.org/fhir/tools/StructureDefinition/ig-parameter"},{"extension":[{"url":"code","valueString":"apply-license"},{"url":"value","valueString":"true"}],"url":"http://hl7.org/fhir/tools/StructureDefinition/ig-parameter"},{"extension":[{"url":"code","valueString":"apply-publisher"},{"url":"value","valueString":"true"}],"url":"http://hl7.org/fhir/tools/StructureDefinition/ig-parameter"},{"extension":[{"url":"code","valueString":"apply-version"},{"url":"value","valueString":"true"}],"url":"http://hl7.org/fhir/tools/StructureDefinition/ig-parameter"},{"extension":[{"url":"code","valueString":"apply-wg"},{"url":"value","valueString":"true"}],"url":"http://hl7.org/fhir/tools/StructureDefinition/ig-parameter"},{"extension":[{"url":"code","valueString":"active-tables"},{"url":"value","valueString":"true"}],"url":"http://hl7.org/fhir/tools/StructureDefinition/ig-parameter"},{"extension":[{"url":"code","valueString":"fmm-definition"},{"url":"value","valueString":"http://hl7.org/fhir/versions.html#maturity"}],"url":"http://hl7.org/fhir/tools/StructureDefinition/ig-parameter"},{"extension":[{"url":"code","valueString":"propagate-status"},{"url":"value","valueString":"true"}],"url":"http://hl7.org/fhir/tools/StructureDefinition/ig-parameter"},{"extension":[{"url":"code","valueString":"excludelogbinaryformat"},{"url":"value","valueString":"true"}],"url":"http://hl7.org/fhir/tools/StructureDefinition/ig-parameter"},{"extension":[{"url":"code","valueString":"tabbed-snapshots"},{"url":"value","valueString":"true"}],"url":"http://hl7.org/fhir/tools/StructureDefinition/ig-parameter"},{"url":"http://hl7.org/fhir/tools/StructureDefinition/ig-internal-dependency","valueCode":"hl7.fhir.uv.tools#0.2.0"},{"extension":[{"url":"code","valueCode":"copyrightyear"},{"url":"value","valueString":"2022+"}],"url":"http://hl7.org/fhir/tools/StructureDefinition/ig-parameter"},{"extension":[{"url":"code","valueCode":"releaselabel"},{"url":"value","valueString":"Build CI"}],"url":"http://hl7.org/fhir/tools/StructureDefinition/ig-parameter"},{"extension":[{"url":"code","valueCode":"special-url"},{"url":"value","valueString":"https://terminology.hlth.gov.bc.ca/ClientRegistry/CodeSystem/bc-client-registry-address-validation-code-system"}],"url":"http://hl7.org/fhir/tools/StructureDefinition/ig-parameter"},{"extension":[{"url":"code","valueCode":"special-url"},{"url":"value","valueString":"https://terminology.hlth.gov.bc.ca/ClientRegistry/CodeSystem/bc-client-registry-merge-status-code-system"}],"url":"http://hl7.org/fhir/tools/StructureDefinition/ig-parameter"},{"extension":[{"url":"code","valueCode":"special-url"},{"url":"value","valueString":"https://terminology.hlth.gov.bc.ca/ClientRegistry/CodeSystem/bc-client-registry-patient-change-notification-events"}],"url":"http://hl7.org/fhir/tools/StructureDefinition/ig-parameter"},{"extension":[{"url":"code","valueCode":"special-url"},{"url":"value","valueString":"https://terminology.hlth.gov.bc.ca/ClientRegistry/CodeSystem/bc-client-registry-update-patient-operation-code-system"}],"url":"http://hl7.org/fhir/tools/StructureDefinition/ig-parameter"},{"extension":[{"url":"code","valueCode":"special-url"},{"url":"value","valueString":"https://terminology.hlth.gov.bc.ca/ClientRegistry/CodeSystem/bc-identifier-status-code-system"}],"url":"http://hl7.org/fhir/tools/StructureDefinition/ig-parameter"},{"extension":[{"url":"code","valueCode":"special-url"},{"url":"value","valueString":"https://terminology.hlth.gov.bc.ca/ClientRegistry/CodeSystem/bc-operation-outcome-details-code-system"}],"url":"http://hl7.org/fhir/tools/StructureDefinition/ig-parameter"},{"extension":[{"url":"code","valueCode":"special-url"},{"url":"value","valueString":"https://terminology.hlth.gov.bc.ca/ClientRegistry/ValueSet/bc-address-validation-value-set"}],"url":"http://hl7.org/fhir/tools/StructureDefinition/ig-parameter"},{"extension":[{"url":"code","valueCode":"special-url"},{"url":"value","valueString":"https://terminology.hlth.gov.bc.ca/ClientRegistry/ValueSet/bc-client-registry-patient-change-notification-events"}],"url":"http://hl7.org/fhir/tools/StructureDefinition/ig-parameter"},{"extension":[{"url":"code","valueCode":"special-url"},{"url":"value","valueString":"https://terminology.hlth.gov.bc.ca/ClientRegistry/ValueSet/bc-client-registry-update-patient-operation-value-set"}],"url":"http://hl7.org/fhir/tools/StructureDefinition/ig-parameter"},{"extension":[{"url":"code","valueCode":"special-url"},{"url":"value","valueString":"https://terminology.hlth.gov.bc.ca/ClientRegistry/ValueSet/bc-contact-point-system-value-set"}],"url":"http://hl7.org/fhir/tools/StructureDefinition/ig-parameter"},{"extension":[{"url":"code","valueCode":"special-url"},{"url":"value","valueString":"https://terminology.hlth.gov.bc.ca/ClientRegistry/ValueSet/bc-contact-point-use-value-set"}],"url":"http://hl7.org/fhir/tools/StructureDefinition/ig-parameter"},{"extension":[{"url":"code","valueCode":"special-url"},{"url":"value","valueString":"https://terminology.hlth.gov.bc.ca/ClientRegistry/ValueSet/bc-identifier-status-value-set"}],"url":"http://hl7.org/fhir/tools/StructureDefinition/ig-parameter"},{"extension":[{"url":"code","valueCode":"special-url"},{"url":"value","valueString":"https://terminology.hlth.gov.bc.ca/ClientRegistry/ValueSet/bc-merge-status-value-set"}],"url":"http://hl7.org/fhir/tools/StructureDefinition/ig-parameter"},{"extension":[{"url":"code","valueCode":"special-url"},{"url":"value","valueString":"https://terminology.hlth.gov.bc.ca/ClientRegistry/ValueSet/bc-name-use-value-set"}],"url":"http://hl7.org/fhir/tools/StructureDefinition/ig-parameter"},{"extension":[{"url":"code","valueCode":"autoload-resources"},{"url":"value","valueString":"true"}],"url":"http://hl7.org/fhir/tools/StructureDefinition/ig-parameter"},{"extension":[{"url":"code","valueCode":"path-liquid"},{"url":"value","valueString":"template/liquid"}],"url":"http://hl7.org/fhir/tools/StructureDefinition/ig-parameter"},{"extension":[{"url":"code","valueCode":"path-liquid"},{"url":"value","valueString":"input/liquid"}],"url":"http://hl7.org/fhir/tools/StructureDefinition/ig-parameter"},{"extension":[{"url":"code","valueCode":"path-qa"},{"url":"value","valueString":"temp/qa"}],"url":"http://hl7.org/fhir/tools/StructureDefinition/ig-parameter"},{"extension":[{"url":"code","valueCode":"path-temp"},{"url":"value","valueString":"temp/pages"}],"url":"http://hl7.org/fhir/tools/StructureDefinition/ig-parameter"},{"extension":[{"url":"code","valueCode":"path-output"},{"url":"value","valueString":"output"}],"url":"http://hl7.org/fhir/tools/StructureDefinition/ig-parameter"},{"extension":[{"url":"code","valueCode":"path-suppressed-warnings"},{"url":"value","valueString":"input/ignoreWarnings.txt"}],"url":"http://hl7.org/fhir/tools/StructureDefinition/ig-parameter"},{"extension":[{"url":"code","valueCode":"path-history"},{"url":"value","valueString":"http://hlth.gov.bc.ca/fhir/client/history.html"}],"url":"http://hl7.org/fhir/tools/StructureDefinition/ig-parameter"},{"extension":[{"url":"code","valueCode":"template-html"},{"url":"value","valueString":"template-page.html"}],"url":"http://hl7.org/fhir/tools/StructureDefinition/ig-parameter"},{"extension":[{"url":"code","valueCode":"template-md"},{"url":"value","valueString":"template-page-md.html"}],"url":"http://hl7.org/fhir/tools/StructureDefinition/ig-parameter"},{"extension":[{"url":"code","valueCode":"apply-contact"},{"url":"value","valueString":"true"}],"url":"http://hl7.org/fhir/tools/StructureDefinition/ig-parameter"},{"extension":[{"url":"code","valueCode":"apply-context"},{"url":"value","valueString":"true"}],"url":"http://hl7.org/fhir/tools/StructureDefinition/ig-parameter"},{"extension":[{"url":"code","valueCode":"apply-copyright"},{"url":"value","valueString":"true"}],"url":"http://hl7.org/fhir/tools/StructureDefinition/ig-parameter"},{"extension":[{"url":"code","valueCode":"apply-jurisdiction"},{"url":"value","valueString":"true"}],"url":"http://hl7.org/fhir/tools/StructureDefinition/ig-parameter"},{"extension":[{"url":"code","valueCode":"apply-license"},{"url":"value","valueString":"true"}],"url":"http://hl7.org/fhir/tools/StructureDefinition/ig-parameter"},{"extension":[{"url":"code","valueCode":"apply-publisher"},{"url":"value","valueString":"true"}],"url":"http://hl7.org/fhir/tools/StructureDefinition/ig-parameter"},{"extension":[{"url":"code","valueCode":"apply-version"},{"url":"value","valueString":"true"}],"url":"http://hl7.org/fhir/tools/StructureDefinition/ig-parameter"},{"extension":[{"url":"code","valueCode":"apply-wg"},{"url":"value","valueString":"true"}],"url":"http://hl7.org/fhir/tools/StructureDefinition/ig-parameter"},{"extension":[{"url":"code","valueCode":"active-tables"},{"url":"value","valueString":"true"}],"url":"http://hl7.org/fhir/tools/StructureDefinition/ig-parameter"},{"extension":[{"url":"code","valueCode":"fmm-definition"},{"url":"value","valueString":"http://hl7.org/fhir/versions.html#maturity"}],"url":"http://hl7.org/fhir/tools/StructureDefinition/ig-parameter"},{"extension":[{"url":"code","valueCode":"propagate-status"},{"url":"value","valueString":"true"}],"url":"http://hl7.org/fhir/tools/StructureDefinition/ig-parameter"},{"extension":[{"url":"code","valueCode":"excludelogbinaryformat"},{"url":"value","valueString":"true"}],"url":"http://hl7.org/fhir/tools/StructureDefinition/ig-parameter"},{"extension":[{"url":"code","valueCode":"tabbed-snapshots"},{"url":"value","valueString":"true"}],"url":"http://hl7.org/fhir/tools/StructureDefinition/ig-parameter"},{"extension":[{"url":"code","valueCode":"copyrightyear"},{"url":"value","valueString":"2022+"}],"url":"http://hl7.org/fhir/tools/StructureDefinition/ig-parameter"},{"extension":[{"url":"code","valueCode":"releaselabel"},{"url":"value","valueString":"Build CI"}],"url":"http://hl7.org/fhir/tools/StructureDefinition/ig-parameter"},{"extension":[{"url":"code","valueCode":"special-url"},{"url":"value","valueString":"https://terminology.hlth.gov.bc.ca/ClientRegistry/CodeSystem/bc-client-registry-address-validation-code-system"}],"url":"http://hl7.org/fhir/tools/StructureDefinition/ig-parameter"},{"extension":[{"url":"code","valueCode":"special-url"},{"url":"value","valueString":"https://terminology.hlth.gov.bc.ca/ClientRegistry/CodeSystem/bc-client-registry-merge-status-code-system"}],"url":"http://hl7.org/fhir/tools/StructureDefinition/ig-parameter"},{"extension":[{"url":"code","valueCode":"special-url"},{"url":"value","valueString":"https://terminology.hlth.gov.bc.ca/ClientRegistry/CodeSystem/bc-client-registry-patient-change-notification-events"}],"url":"http://hl7.org/fhir/tools/StructureDefinition/ig-parameter"},{"extension":[{"url":"code","valueCode":"special-url"},{"url":"value","valueString":"https://terminology.hlth.gov.bc.ca/ClientRegistry/CodeSystem/bc-client-registry-update-patient-operation-code-system"}],"url":"http://hl7.org/fhir/tools/StructureDefinition/ig-parameter"},{"extension":[{"url":"code","valueCode":"special-url"},{"url":"value","valueString":"https://terminology.hlth.gov.bc.ca/ClientRegistry/CodeSystem/bc-identifier-status-code-system"}],"url":"http://hl7.org/fhir/tools/StructureDefinition/ig-parameter"},{"extension":[{"url":"code","valueCode":"special-url"},{"url":"value","valueString":"https://terminology.hlth.gov.bc.ca/ClientRegistry/CodeSystem/bc-operation-outcome-details-code-system"}],"url":"http://hl7.org/fhir/tools/StructureDefinition/ig-parameter"},{"extension":[{"url":"code","valueCode":"special-url"},{"url":"value","valueString":"https://terminology.hlth.gov.bc.ca/ClientRegistry/ValueSet/bc-address-validation-value-set"}],"url":"http://hl7.org/fhir/tools/StructureDefinition/ig-parameter"},{"extension":[{"url":"code","valueCode":"special-url"},{"url":"value","valueString":"https://terminology.hlth.gov.bc.ca/ClientRegistry/ValueSet/bc-client-registry-patient-change-notification-events"}],"url":"http://hl7.org/fhir/tools/StructureDefinition/ig-parameter"},{"extension":[{"url":"code","valueCode":"special-url"},{"url":"value","valueString":"https://terminology.hlth.gov.bc.ca/ClientRegistry/ValueSet/bc-client-registry-update-patient-operation-value-set"}],"url":"http://hl7.org/fhir/tools/StructureDefinition/ig-parameter"},{"extension":[{"url":"code","valueCode":"special-url"},{"url":"value","valueString":"https://terminology.hlth.gov.bc.ca/ClientRegistry/ValueSet/bc-contact-point-system-value-set"}],"url":"http://hl7.org/fhir/tools/StructureDefinition/ig-parameter"},{"extension":[{"url":"code","valueCode":"special-url"},{"url":"value","valueString":"https://terminology.hlth.gov.bc.ca/ClientRegistry/ValueSet/bc-contact-point-use-value-set"}],"url":"http://hl7.org/fhir/tools/StructureDefinition/ig-parameter"},{"extension":[{"url":"code","valueCode":"special-url"},{"url":"value","valueString":"https://terminology.hlth.gov.bc.ca/ClientRegistry/ValueSet/bc-identifier-status-value-set"}],"url":"http://hl7.org/fhir/tools/StructureDefinition/ig-parameter"},{"extension":[{"url":"code","valueCode":"special-url"},{"url":"value","valueString":"https://terminology.hlth.gov.bc.ca/ClientRegistry/ValueSet/bc-merge-status-value-set"}],"url":"http://hl7.org/fhir/tools/StructureDefinition/ig-parameter"},{"extension":[{"url":"code","valueCode":"special-url"},{"url":"value","valueString":"https://terminology.hlth.gov.bc.ca/ClientRegistry/ValueSet/bc-name-use-value-set"}],"url":"http://hl7.org/fhir/tools/StructureDefinition/ig-parameter"},{"extension":[{"url":"code","valueCode":"autoload-resources"},{"url":"value","valueString":"true"}],"url":"http://hl7.org/fhir/tools/StructureDefinition/ig-parameter"},{"extension":[{"url":"code","valueCode":"path-liquid"},{"url":"value","valueString":"template/liquid"}],"url":"http://hl7.org/fhir/tools/StructureDefinition/ig-parameter"},{"extension":[{"url":"code","valueCode":"path-liquid"},{"url":"value","valueString":"input/liquid"}],"url":"http://hl7.org/fhir/tools/StructureDefinition/ig-parameter"},{"extension":[{"url":"code","valueCode":"path-qa"},{"url":"value","valueString":"temp/qa"}],"url":"http://hl7.org/fhir/tools/StructureDefinition/ig-parameter"},{"extension":[{"url":"code","valueCode":"path-temp"},{"url":"value","valueString":"temp/pages"}],"url":"http://hl7.org/fhir/tools/StructureDefinition/ig-parameter"},{"extension":[{"url":"code","valueCode":"path-output"},{"url":"value","valueString":"output"}],"url":"http://hl7.org/fhir/tools/StructureDefinition/ig-parameter"},{"extension":[{"url":"code","valueCode":"path-suppressed-warnings"},{"url":"value","valueString":"input/ignoreWarnings.txt"}],"url":"http://hl7.org/fhir/tools/StructureDefinition/ig-parameter"},{"extension":[{"url":"code","valueCode":"path-history"},{"url":"value","valueString":"http://hlth.gov.bc.ca/fhir/client/history.html"}],"url":"http://hl7.org/fhir/tools/StructureDefinition/ig-parameter"},{"extension":[{"url":"code","valueCode":"template-html"},{"url":"value","valueString":"template-page.html"}],"url":"http://hl7.org/fhir/tools/StructureDefinition/ig-parameter"},{"extension":[{"url":"code","valueCode":"template-md"},{"url":"value","valueString":"template-page-md.html"}],"url":"http://hl7.org/fhir/tools/StructureDefinition/ig-parameter"},{"extension":[{"url":"code","valueCode":"apply-contact"},{"url":"value","valueString":"true"}],"url":"http://hl7.org/fhir/tools/StructureDefinition/ig-parameter"},{"extension":[{"url":"code","valueCode":"apply-context"},{"url":"value","valueString":"true"}],"url":"http://hl7.org/fhir/tools/StructureDefinition/ig-parameter"},{"extension":[{"url":"code","valueCode":"apply-copyright"},{"url":"value","valueString":"true"}],"url":"http://hl7.org/fhir/tools/StructureDefinition/ig-parameter"},{"extension":[{"url":"code","valueCode":"apply-jurisdiction"},{"url":"value","valueString":"true"}],"url":"http://hl7.org/fhir/tools/StructureDefinition/ig-parameter"},{"extension":[{"url":"code","valueCode":"apply-license"},{"url":"value","valueString":"true"}],"url":"http://hl7.org/fhir/tools/StructureDefinition/ig-parameter"},{"extension":[{"url":"code","valueCode":"apply-publisher"},{"url":"value","valueString":"true"}],"url":"http://hl7.org/fhir/tools/StructureDefinition/ig-parameter"},{"extension":[{"url":"code","valueCode":"apply-version"},{"url":"value","valueString":"true"}],"url":"http://hl7.org/fhir/tools/StructureDefinition/ig-parameter"},{"extension":[{"url":"code","valueCode":"apply-wg"},{"url":"value","valueString":"true"}],"url":"http://hl7.org/fhir/tools/StructureDefinition/ig-parameter"},{"extension":[{"url":"code","valueCode":"active-tables"},{"url":"value","valueString":"true"}],"url":"http://hl7.org/fhir/tools/StructureDefinition/ig-parameter"},{"extension":[{"url":"code","valueCode":"fmm-definition"},{"url":"value","valueString":"http://hl7.org/fhir/versions.html#maturity"}],"url":"http://hl7.org/fhir/tools/StructureDefinition/ig-parameter"},{"extension":[{"url":"code","valueCode":"propagate-status"},{"url":"value","valueString":"true"}],"url":"http://hl7.org/fhir/tools/StructureDefinition/ig-parameter"},{"extension":[{"url":"code","valueCode":"excludelogbinaryformat"},{"url":"value","valueString":"true"}],"url":"http://hl7.org/fhir/tools/StructureDefinition/ig-parameter"},{"extension":[{"url":"code","valueCode":"tabbed-snapshots"},{"url":"value","valueString":"true"}],"url":"http://hl7.org/fhir/tools/StructureDefinition/ig-parameter"}],"grouping":[{"id":"CapabilityStatement","name":"Capability Statement","description":"The Capability Statement for Client Registry"},{"id":"Operations","name":"Operation Definitions","description":"The defined Operations"},{"id":"PatientProfile","name":"Patient Profile","description":"The BC Patient profile"},{"id":"Bundles","name":"Supporting Profiles - Bundles","description":"Bundles that support Patient and Client Registry Operations - Request and Response"},{"id":"SupportingProfiles","name":"Supporting Profiles","description":"Artifacts associated with resources that support Patient and Client Registry Operations"},{"id":"RequestExamples","name":"Request Examples","description":"A set of operation request examples"},{"id":"ResponseExamples","name":"Response Examples","description":"A set of operation response examples"},{"id":"Subscriptions","name":"Supporting Profiles - Subscription / Notification","description":"Artifacts that support Subscription Operations"},{"id":"-str-profile","name":"Structures: Resource Profiles","description":"These define constraints on FHIR resources for systems conforming to this implementation guide."},{"id":"-str-extension","name":"Structures: Extension Definitions","description":"These define constraints on FHIR data types for systems conforming to this implementation guide."},{"id":"-term-valueset","name":"Terminology: Value Sets","description":"These define sets of codes used by systems conforming to this implementation guide."},{"id":"-term-codesystem","name":"Terminology: Code Systems","description":"These define new code systems used by systems conforming to this implementation guide."},{"id":"-ex-example","name":"Example: Example Instances","description":"These are example instances that show what data produced and consumed by systems conforming with this implementation guide might look like."}],"resource":[{"extension":[{"url":"http://hl7.org/fhir/tools/StructureDefinition/resource-sort","valueInteger":999999999},{"url":"http://hl7.org/fhir/StructureDefinition/implementationguide-page","valueUri":"CapabilityStatement-bc-hcim-capability-statement-client.html"}],"reference":{"reference":"CapabilityStatement/bc-hcim-capability-statement-client"},"name":"BC HCIM Client Capability Statement","description":"This capability statement describes the use cases that are supported by the BC FHIR implementation of the Client Registry when it is acting as a client. I.e. sending notifications.","exampleBoolean":false,"groupingId":"CapabilityStatement"},{"extension":[{"url":"http://hl7.org/fhir/tools/StructureDefinition/resource-sort","valueInteger":999999999},{"url":"http://hl7.org/fhir/StructureDefinition/implementationguide-page","valueUri":"CapabilityStatement-bc-hcim-capability-statement-server.html"}],"reference":{"reference":"CapabilityStatement/bc-hcim-capability-statement-server"},"name":"BC HCIM Server Capability Statement","description":"This capability statement describes the use cases that are supported by the BC FHIR implementation of the Client Registry when it is acting as a server.","exampleBoolean":false,"groupingId":"CapabilityStatement"},{"extension":[{"url":"http://hl7.org/fhir/tools/StructureDefinition/resource-sort","valueInteger":999999999},{"url":"http://hl7.org/fhir/StructureDefinition/implementationguide-page","valueUri":"OperationDefinition-bc-patient-add.html"}],"reference":{"reference":"OperationDefinition/bc-patient-add"},"name":"AddPatient","description":"This operation is used for newborns or to 'force create' a patient.","exampleBoolean":false,"groupingId":"Operations"},{"extension":[{"url":"http://hl7.org/fhir/tools/StructureDefinition/resource-sort","valueInteger":999999999},{"url":"http://hl7.org/fhir/StructureDefinition/implementationguide-page","valueUri":"OperationDefinition-bc-patient-find-candidates.html"}],"reference":{"reference":"OperationDefinition/bc-patient-find-candidates"},"name":"Find Candidates By Example","description":"This operation is used to query for a patient.  The response can contain 0 or more Patients.","exampleBoolean":false,"groupingId":"Operations"},{"extension":[{"url":"http://hl7.org/fhir/tools/StructureDefinition/resource-sort","valueInteger":999999999},{"url":"http://hl7.org/fhir/StructureDefinition/implementationguide-page","valueUri":"OperationDefinition-bc-patient-get-demographics.html"}],"reference":{"reference":"OperationDefinition/bc-patient-get-demographics"},"name":"GetDemographics","description":"This operation is used to query for a patient.  The response can contain 0 or 1 Patient.","exampleBoolean":false,"groupingId":"Operations"},{"extension":[{"url":"http://hl7.org/fhir/tools/StructureDefinition/resource-sort","valueInteger":999999999},{"url":"http://hl7.org/fhir/StructureDefinition/implementationguide-page","valueUri":"OperationDefinition-bc-patient-history.html"}],"reference":{"reference":"OperationDefinition/bc-patient-history"},"name":"HistoryPatient","description":"This operation is used to return the historical attributes of a patient.","exampleBoolean":false,"groupingId":"Operations"},{"extension":[{"url":"http://hl7.org/fhir/tools/StructureDefinition/resource-sort","valueInteger":999999999},{"url":"http://hl7.org/fhir/StructureDefinition/implementationguide-page","valueUri":"OperationDefinition-bc-patient-merge.html"}],"reference":{"reference":"OperationDefinition/bc-patient-merge"},"name":"Merge Patient","description":"This operation is used to merge patients.","exampleBoolean":false,"groupingId":"Operations"},{"extension":[{"url":"http://hl7.org/fhir/tools/StructureDefinition/resource-sort","valueInteger":999999999},{"url":"http://hl7.org/fhir/StructureDefinition/implementationguide-page","valueUri":"OperationDefinition-bc-patient-notification.html"}],"reference":{"reference":"OperationDefinition/bc-patient-notification"},"name":"Patient Notification","description":"This operation is used notify a user that a patient's record has changed.","exampleBoolean":false,"groupingId":"Operations"},{"extension":[{"url":"http://hl7.org/fhir/tools/StructureDefinition/resource-sort","valueInteger":999999999},{"url":"http://hl7.org/fhir/StructureDefinition/implementationguide-page","valueUri":"OperationDefinition-bc-patient-revise.html"}],"reference":{"reference":"OperationDefinition/bc-patient-revise"},"name":"Revise Patient","description":"This operation is used to revise a patient's demographics.","exampleBoolean":false,"groupingId":"Operations"},{"extension":[{"url":"http://hl7.org/fhir/tools/StructureDefinition/resource-sort","valueInteger":999999999},{"url":"http://hl7.org/fhir/StructureDefinition/implementationguide-page","valueUri":"StructureDefinition-bc-patient.html"}],"reference":{"reference":"StructureDefinition/bc-patient"},"name":"ClientRegistryPatient","description":"General constraints on the Patient resource for use in the BC Client Registry project.","exampleBoolean":false,"groupingId":"PatientProfile"},{"extension":[{"url":"http://hl7.org/fhir/tools/StructureDefinition/resource-sort","valueInteger":999999999},{"url":"http://hl7.org/fhir/StructureDefinition/implementationguide-page","valueUri":"StructureDefinition-bc-merge-patient.html"}],"reference":{"reference":"StructureDefinition/bc-merge-patient"},"name":"PatientMerge","description":"General constraints on the Patient resource for use in the BC Client Registry project Merge Operation.","exampleBoolean":false,"groupingId":"PatientProfile"},{"extension":[{"url":"http://hl7.org/fhir/tools/StructureDefinition/resource-sort","valueInteger":999999999},{"url":"http://hl7.org/fhir/StructureDefinition/implementationguide-page","valueUri":"StructureDefinition-bc-add-request-bundle.html"}],"reference":{"reference":"StructureDefinition/bc-add-request-bundle"},"name":"AddRequestBundle","description":"A Bundle that is used in the Client Registry for Add Patient requests.","exampleBoolean":false,"groupingId":"Bundles"},{"extension":[{"url":"http://hl7.org/fhir/tools/StructureDefinition/resource-sort","valueInteger":999999999},{"url":"http://hl7.org/fhir/StructureDefinition/implementationguide-page","valueUri":"StructureDefinition-bc-add-response-bundle.html"}],"reference":{"reference":"StructureDefinition/bc-add-response-bundle"},"name":"AddResponseBundle","description":"A Bundle that is used in the Client Registry response to Add Patient requests.","exampleBoolean":false,"groupingId":"Bundles"},{"extension":[{"url":"http://hl7.org/fhir/tools/StructureDefinition/resource-sort","valueInteger":999999999},{"url":"http://hl7.org/fhir/StructureDefinition/implementationguide-page","valueUri":"StructureDefinition-bc-async-ack-response-bundle.html"}],"reference":{"reference":"StructureDefinition/bc-async-ack-response-bundle"},"name":"AsyncAckBundle","description":"A Bundle that is used for the ACK response to an aynchronous operation request.","exampleBoolean":false,"groupingId":"Bundles"},{"extension":[{"url":"http://hl7.org/fhir/tools/StructureDefinition/resource-sort","valueInteger":999999999},{"url":"http://hl7.org/fhir/StructureDefinition/implementationguide-page","valueUri":"StructureDefinition-bc-find-candidates-request-bundle.html"}],"reference":{"reference":"StructureDefinition/bc-find-candidates-request-bundle"},"name":"FindCandidatesRequestBundle","description":"A Bundle that is used in the Find Candidates Operation request.","exampleBoolean":false,"groupingId":"Bundles"},{"extension":[{"url":"http://hl7.org/fhir/tools/StructureDefinition/resource-sort","valueInteger":999999999},{"url":"http://hl7.org/fhir/StructureDefinition/implementationguide-page","valueUri":"StructureDefinition-bc-get-demographics-request-bundle.html"}],"reference":{"reference":"StructureDefinition/bc-get-demographics-request-bundle"},"name":"GetDemographicsRequestBundle","description":"A Bundle that is used in the Get Demographics Operation request.","exampleBoolean":false,"groupingId":"Bundles"},{"extension":[{"url":"http://hl7.org/fhir/tools/StructureDefinition/resource-sort","valueInteger":999999999},{"url":"http://hl7.org/fhir/StructureDefinition/implementationguide-page","valueUri":"StructureDefinition-bc-merge-request-bundle.html"}],"reference":{"reference":"StructureDefinition/bc-merge-request-bundle"},"name":"MergeRequestBundle","description":"A Bundle that is used in the Client Registry for Add Patient requests.","exampleBoolean":false,"groupingId":"Bundles"},{"extension":[{"url":"http://hl7.org/fhir/tools/StructureDefinition/resource-sort","valueInteger":999999999},{"url":"http://hl7.org/fhir/StructureDefinition/implementationguide-page","valueUri":"StructureDefinition-bc-merge-response-bundle.html"}],"reference":{"reference":"StructureDefinition/bc-merge-response-bundle"},"name":"MergeResponseBundle","description":"A Bundle that is used in the Client Registry response to Merge Patient requests.","exampleBoolean":false,"groupingId":"Bundles"},{"extension":[{"url":"http://hl7.org/fhir/tools/StructureDefinition/resource-sort","valueInteger":999999999},{"url":"http://hl7.org/fhir/StructureDefinition/implementationguide-page","valueUri":"StructureDefinition-bc-revise-request-bundle.html"}],"reference":{"reference":"StructureDefinition/bc-revise-request-bundle"},"name":"ReviseRequestBundle","description":"A Bundle that is used in the Client Registry for Revise Patient requests.  This is also used by Patient Notitifications.","exampleBoolean":false,"groupingId":"Bundles"},{"extension":[{"url":"http://hl7.org/fhir/tools/StructureDefinition/resource-sort","valueInteger":999999999},{"url":"http://hl7.org/fhir/StructureDefinition/implementationguide-page","valueUri":"StructureDefinition-bc-revise-response-bundle.html"}],"reference":{"reference":"StructureDefinition/bc-revise-response-bundle"},"name":"ReviseResponseBundle","description":"A Bundle that is used in the Client Registry response to Revise Patient requests.","exampleBoolean":false,"groupingId":"Bundles"},{"extension":[{"url":"http://hl7.org/fhir/tools/StructureDefinition/resource-sort","valueInteger":999999999},{"url":"http://hl7.org/fhir/StructureDefinition/implementationguide-page","valueUri":"StructureDefinition-bc-search-response-bundle.html"}],"reference":{"reference":"StructureDefinition/bc-search-response-bundle"},"name":"SearchResponseBundle","description":"A Bundle that is used in the Client Registry response to Find Candidates and Get Demographics queries.","exampleBoolean":false,"groupingId":"Bundles"},{"extension":[{"url":"http://hl7.org/fhir/tools/StructureDefinition/resource-sort","valueInteger":999999999},{"url":"http://hl7.org/fhir/StructureDefinition/implementationguide-page","valueUri":"StructureDefinition-bc-metadata-parameter-async-response.html"}],"reference":{"reference":"StructureDefinition/bc-metadata-parameter-async-response"},"name":"MetadataParametersAsync","description":"Parameters profile for BC meta data - async messages.","exampleBoolean":false,"groupingId":"SupportingProfiles"},{"extension":[{"url":"http://hl7.org/fhir/tools/StructureDefinition/resource-sort","valueInteger":999999999},{"url":"http://hl7.org/fhir/StructureDefinition/implementationguide-page","valueUri":"StructureDefinition-bc-metadata-parameters-in.html"}],"reference":{"reference":"StructureDefinition/bc-metadata-parameters-in"},"name":"MetadataParametersIn","description":"Parameters profile for BC meta data - incoming messages.","exampleBoolean":false,"groupingId":"SupportingProfiles"},{"extension":[{"url":"http://hl7.org/fhir/tools/StructureDefinition/resource-sort","valueInteger":999999999},{"url":"http://hl7.org/fhir/StructureDefinition/implementationguide-page","valueUri":"StructureDefinition-bc-metadata-parameters-out.html"}],"reference":{"reference":"StructureDefinition/bc-metadata-parameters-out"},"name":"MetadataParametersOut","description":"Parameters profile for BC meta data - outbound messages.","exampleBoolean":false,"groupingId":"SupportingProfiles"},{"extension":[{"url":"http://hl7.org/fhir/tools/StructureDefinition/resource-sort","valueInteger":999999999},{"url":"http://hl7.org/fhir/StructureDefinition/implementationguide-page","valueUri":"Bundle-AddNewbornByMumsPHN-Request.html"}],"reference":{"reference":"Bundle/AddNewbornByMumsPHN-Request"},"name":"AddNewbornByMumsPHN-Request","description":"Example of $Add request with Mother's PHN.","exampleCanonical":"http://hlth.gov.bc.ca/fhir/client/StructureDefinition/bc-add-request-bundle","groupingId":"RequestExamples"},{"extension":[{"url":"http://hl7.org/fhir/tools/StructureDefinition/resource-sort","valueInteger":999999999},{"url":"http://hl7.org/fhir/StructureDefinition/implementationguide-page","valueUri":"Bundle-AddPatient-Request.html"}],"reference":{"reference":"Bundle/AddPatient-Request"},"name":"AddPatient-Request","description":"Example of $Add Patient request with all data fields populated.","exampleCanonical":"http://hlth.gov.bc.ca/fhir/client/StructureDefinition/bc-add-request-bundle","groupingId":"RequestExamples"},{"extension":[{"url":"http://hl7.org/fhir/tools/StructureDefinition/resource-sort","valueInteger":999999999},{"url":"http://hl7.org/fhir/StructureDefinition/implementationguide-page","valueUri":"Bundle-FindCandidates-Request.html"}],"reference":{"reference":"Bundle/FindCandidates-Request"},"name":"FindCandidates-Request","description":"Example of $FindCandidates request","exampleCanonical":"http://hlth.gov.bc.ca/fhir/client/StructureDefinition/bc-find-candidates-request-bundle","groupingId":"RequestExamples"},{"extension":[{"url":"http://hl7.org/fhir/tools/StructureDefinition/resource-sort","valueInteger":999999999},{"url":"http://hl7.org/fhir/StructureDefinition/implementationguide-page","valueUri":"Bundle-FindNewbornByMumsPHN-Request.html"}],"reference":{"reference":"Bundle/FindNewbornByMumsPHN-Request"},"name":"FindNewbornByMumsPHN-Request","description":"Example of $FindCandidates request with Mother's PHN.","exampleCanonical":"http://hlth.gov.bc.ca/fhir/client/StructureDefinition/bc-find-candidates-request-bundle","groupingId":"RequestExamples"},{"extension":[{"url":"http://hl7.org/fhir/tools/StructureDefinition/resource-sort","valueInteger":999999999},{"url":"http://hl7.org/fhir/StructureDefinition/implementationguide-page","valueUri":"Bundle-GetDemographics-Request.html"}],"reference":{"reference":"Bundle/GetDemographics-Request"},"name":"GetDemographics-Request","description":"Example of $GetDemographics request","exampleCanonical":"http://hlth.gov.bc.ca/fhir/client/StructureDefinition/bc-get-demographics-request-bundle","groupingId":"RequestExamples"},{"extension":[{"url":"http://hl7.org/fhir/tools/StructureDefinition/resource-sort","valueInteger":999999999},{"url":"http://hl7.org/fhir/StructureDefinition/implementationguide-page","valueUri":"Bundle-GetDemographics-withHistory-Request.html"}],"reference":{"reference":"Bundle/GetDemographics-withHistory-Request"},"name":"GetDemographics-withHistory-Request","description":"Example of $GetDemographics request with History","exampleCanonical":"http://hlth.gov.bc.ca/fhir/client/StructureDefinition/bc-get-demographics-request-bundle","groupingId":"RequestExamples"},{"extension":[{"url":"http://hl7.org/fhir/tools/StructureDefinition/resource-sort","valueInteger":999999999},{"url":"http://hl7.org/fhir/StructureDefinition/implementationguide-page","valueUri":"Bundle-Merge-Only-Request.html"}],"reference":{"reference":"Bundle/Merge-Only-Request"},"name":"Merge-Only-Request","description":"Example of $Merge only request.","exampleCanonical":"http://hlth.gov.bc.ca/fhir/client/StructureDefinition/bc-merge-request-bundle","groupingId":"RequestExamples"},{"extension":[{"url":"http://hl7.org/fhir/tools/StructureDefinition/resource-sort","valueInteger":999999999},{"url":"http://hl7.org/fhir/StructureDefinition/implementationguide-page","valueUri":"Bundle-Merge-SSRI-Request.html"}],"reference":{"reference":"Bundle/Merge-SSRI-Request"},"name":"Merge-SSRI-Request","description":"Example of $Merge request with SSRI.","exampleCanonical":"http://hlth.gov.bc.ca/fhir/client/StructureDefinition/bc-merge-request-bundle","groupingId":"RequestExamples"},{"extension":[{"url":"http://hl7.org/fhir/tools/StructureDefinition/resource-sort","valueInteger":999999999},{"url":"http://hl7.org/fhir/StructureDefinition/implementationguide-page","valueUri":"Bundle-Merge-WithPayload-Request.html"}],"reference":{"reference":"Bundle/Merge-WithPayload-Request"},"name":"Merge-WithPayload-Request","description":"Example of $Merge with payload request.","exampleCanonical":"http://hlth.gov.bc.ca/fhir/client/StructureDefinition/bc-merge-request-bundle","groupingId":"RequestExamples"},{"extension":[{"url":"http://hl7.org/fhir/tools/StructureDefinition/resource-sort","valueInteger":999999999},{"url":"http://hl7.org/fhir/StructureDefinition/implementationguide-page","valueUri":"Bundle-Revise-withMaxData-Request.html"}],"reference":{"reference":"Bundle/Revise-withMaxData-Request"},"name":"Revise-withMaxData-Request","description":"Example of $Revise request with all data fields populated.","exampleCanonical":"http://hlth.gov.bc.ca/fhir/client/StructureDefinition/bc-revise-request-bundle","groupingId":"RequestExamples"},{"extension":[{"url":"http://hl7.org/fhir/tools/StructureDefinition/resource-sort","valueInteger":999999999},{"url":"http://hl7.org/fhir/StructureDefinition/implementationguide-page","valueUri":"Bundle-AddPatient-Response.html"}],"reference":{"reference":"Bundle/AddPatient-Response"},"name":"AddPatient-Response","description":"Example of a $Add Patient Response message.","exampleCanonical":"http://hlth.gov.bc.ca/fhir/client/StructureDefinition/bc-add-response-bundle","groupingId":"ResponseExamples"},{"extension":[{"url":"http://hl7.org/fhir/tools/StructureDefinition/resource-sort","valueInteger":999999999},{"url":"http://hl7.org/fhir/StructureDefinition/implementationguide-page","valueUri":"Bundle-FindCandidates-Response.html"}],"reference":{"reference":"Bundle/FindCandidates-Response"},"name":"FindCandidates-Response","description":"Example of $FindCandidates response","exampleCanonical":"http://hlth.gov.bc.ca/fhir/client/StructureDefinition/bc-search-response-bundle","groupingId":"ResponseExamples"},{"extension":[{"url":"http://hl7.org/fhir/tools/StructureDefinition/resource-sort","valueInteger":999999999},{"url":"http://hl7.org/fhir/StructureDefinition/implementationguide-page","valueUri":"Bundle-FindNewbornByMumsPHN-Response.html"}],"reference":{"reference":"Bundle/FindNewbornByMumsPHN-Response"},"name":"FindNewbornByMumsPHN-Response","description":"Example of $FindCandidates response with Mother's PHN.","exampleCanonical":"http://hlth.gov.bc.ca/fhir/client/StructureDefinition/bc-search-response-bundle","groupingId":"ResponseExamples"},{"extension":[{"url":"http://hl7.org/fhir/tools/StructureDefinition/resource-sort","valueInteger":999999999},{"url":"http://hl7.org/fhir/StructureDefinition/implementationguide-page","valueUri":"Bundle-GetDemographics-Response.html"}],"reference":{"reference":"Bundle/GetDemographics-Response"},"name":"GetDemographics-Response","description":"Example of $GetDemographics response","exampleCanonical":"http://hlth.gov.bc.ca/fhir/client/StructureDefinition/bc-search-response-bundle","groupingId":"ResponseExamples"},{"extension":[{"url":"http://hl7.org/fhir/tools/StructureDefinition/resource-sort","valueInteger":999999999},{"url":"http://hl7.org/fhir/StructureDefinition/implementationguide-page","valueUri":"Bundle-GetDemographics-withHistory-Response.html"}],"reference":{"reference":"Bundle/GetDemographics-withHistory-Response"},"name":"GetDemographics-withHistory-Response","description":"Example of $GetDemographics response with History","exampleCanonical":"http://hlth.gov.bc.ca/fhir/client/StructureDefinition/bc-search-response-bundle","groupingId":"ResponseExamples"},{"extension":[{"url":"http://hl7.org/fhir/tools/StructureDefinition/resource-sort","valueInteger":999999999},{"url":"http://hl7.org/fhir/StructureDefinition/implementationguide-page","valueUri":"Bundle-GetDemographics-withPHNInfo-Response.html"}],"reference":{"reference":"Bundle/GetDemographics-withPHNInfo-Response"},"name":"GetDemographics-withPHNInfo-Response","description":"Example of $GetDemographics response with PHN info. Only organization users with specific access will receive this data, to be used by the admin Webapp","exampleCanonical":"http://hlth.gov.bc.ca/fhir/client/StructureDefinition/bc-search-response-bundle","groupingId":"ResponseExamples"},{"extension":[{"url":"http://hl7.org/fhir/tools/StructureDefinition/resource-sort","valueInteger":999999999},{"url":"http://hl7.org/fhir/StructureDefinition/implementationguide-page","valueUri":"Bundle-Merge-Response.html"}],"reference":{"reference":"Bundle/Merge-Response"},"name":"Merge-Response","description":"Example of $Merge response.","exampleCanonical":"http://hlth.gov.bc.ca/fhir/client/StructureDefinition/bc-merge-response-bundle","groupingId":"ResponseExamples"},{"extension":[{"url":"http://hl7.org/fhir/tools/StructureDefinition/resource-sort","valueInteger":999999999},{"url":"http://hl7.org/fhir/StructureDefinition/implementationguide-page","valueUri":"Bundle-Merge-WithPayload-Response.html"}],"reference":{"reference":"Bundle/Merge-WithPayload-Response"},"name":"Merge-WithPayload-Response","description":"Example of $Merge response with payload.","exampleCanonical":"http://hlth.gov.bc.ca/fhir/client/StructureDefinition/bc-merge-response-bundle","groupingId":"ResponseExamples"},{"extension":[{"url":"http://hl7.org/fhir/tools/StructureDefinition/resource-sort","valueInteger":999999999},{"url":"http://hl7.org/fhir/StructureDefinition/implementationguide-page","valueUri":"Bundle-Revise-Async-ACK.html"}],"reference":{"reference":"Bundle/Revise-Async-ACK"},"name":"Revise-Async-ACK","description":"Example of an Asynchronous $Revise ACK message.","exampleCanonical":"http://hlth.gov.bc.ca/fhir/client/StructureDefinition/bc-async-ack-response-bundle","groupingId":"ResponseExamples"},{"extension":[{"url":"http://hl7.org/fhir/tools/StructureDefinition/resource-sort","valueInteger":999999999},{"url":"http://hl7.org/fhir/StructureDefinition/implementationguide-page","valueUri":"Bundle-Revise-Response.html"}],"reference":{"reference":"Bundle/Revise-Response"},"name":"Revise-Response","description":"Example of a $Revise Patient Response message.","exampleCanonical":"http://hlth.gov.bc.ca/fhir/client/StructureDefinition/bc-revise-response-bundle","groupingId":"ResponseExamples"},{"extension":[{"url":"http://hl7.org/fhir/tools/StructureDefinition/resource-sort","valueInteger":999999999},{"url":"http://hl7.org/fhir/StructureDefinition/implementationguide-page","valueUri":"SubscriptionTopic-HCIMPatientChangeDistributionTopic.html"}],"reference":{"reference":"SubscriptionTopic/HCIMPatientChangeDistributionTopic"},"name":"HCIM Patient Change Distributions Topic","description":"This is the subscription topic used for subscribing to different change distributions.","exampleBoolean":false,"groupingId":"Subscriptions"},{"extension":[{"url":"http://hl7.org/fhir/tools/StructureDefinition/resource-sort","valueInteger":999999999},{"url":"http://hl7.org/fhir/StructureDefinition/implementationguide-page","valueUri":"StructureDefinition-HCIMPatientChangeSubscription.html"}],"reference":{"reference":"StructureDefinition/HCIMPatientChangeSubscription"},"name":"HCIMPatientChangeSubscription","description":"Profile on subscription for HCIM Patient Changes","exampleBoolean":false,"groupingId":"Subscriptions"},{"extension":[{"url":"http://hl7.org/fhir/tools/StructureDefinition/resource-sort","valueInteger":999999999},{"url":"http://hl7.org/fhir/StructureDefinition/implementationguide-page","valueUri":"StructureDefinition-bc-metadata-parameters-subscription.html"}],"reference":{"reference":"StructureDefinition/bc-metadata-parameters-subscription"},"name":"MetadataParametersSubscription","description":"Parameters profile for BC meta data when a subscription response is sent.","exampleBoolean":false,"groupingId":"Subscriptions"},{"extension":[{"url":"http://hl7.org/fhir/tools/StructureDefinition/resource-sort","valueInteger":999999999},{"url":"http://hl7.org/fhir/StructureDefinition/implementationguide-page","valueUri":"StructureDefinition-bc-subscription-notification-bundle.html"}],"reference":{"reference":"StructureDefinition/bc-subscription-notification-bundle"},"name":"SubscriptionNotificationBundle","description":"A Bundle that is used in the Client Registry when sending subscription notifications.","exampleBoolean":false,"groupingId":"Subscriptions"},{"extension":[{"url":"http://hl7.org/fhir/tools/StructureDefinition/resource-sort","valueInteger":999999999},{"url":"http://hl7.org/fhir/StructureDefinition/implementationguide-page","valueUri":"StructureDefinition-bc-patient-by-example.html"}],"reference":{"reference":"StructureDefinition/bc-patient-by-example"},"name":"PatientByExample","description":"Will get removed. General constraints on the Patient resource for use in the BC Client Registry project for queries. PatientByExample is a resource of the Client Registry FHIR implementation use only by Get Demographics and Find Candidates","exampleBoolean":false,"groupingId":"-str-profile"},{"extension":[{"url":"http://hl7.org/fhir/tools/StructureDefinition/resource-sort","valueInteger":999999999},{"url":"http://hl7.org/fhir/StructureDefinition/implementationguide-page","valueUri":"StructureDefinition-bc-validation-status-extension.html"}],"reference":{"reference":"StructureDefinition/bc-validation-status-extension"},"name":"BC Address Validation Status Code","description":"A code that represents the validation status of the address","exampleBoolean":false,"groupingId":"-str-extension"},{"extension":[{"url":"http://hl7.org/fhir/tools/StructureDefinition/resource-sort","valueInteger":999999999},{"url":"http://hl7.org/fhir/StructureDefinition/implementationguide-page","valueUri":"StructureDefinition-bc-birthdate-history-extension.html"}],"reference":{"reference":"StructureDefinition/bc-birthdate-history-extension"},"name":"BC Birth Date History","description":"This extension allows the Client Registry to include historical birth dates in a single Patient resource.","exampleBoolean":false,"groupingId":"-str-extension"},{"extension":[{"url":"http://hl7.org/fhir/tools/StructureDefinition/resource-sort","valueInteger":999999999},{"url":"http://hl7.org/fhir/StructureDefinition/implementationguide-page","valueUri":"StructureDefinition-bc-business-period-extension.html"}],"reference":{"reference":"StructureDefinition/bc-business-period-extension"},"name":"BC Business Dates","description":"The effective dates for the parent element.","exampleBoolean":false,"groupingId":"-str-extension"},{"extension":[{"url":"http://hl7.org/fhir/tools/StructureDefinition/resource-sort","valueInteger":999999999},{"url":"http://hl7.org/fhir/StructureDefinition/implementationguide-page","valueUri":"StructureDefinition-bc-death-date-history-extension.html"}],"reference":{"reference":"StructureDefinition/bc-death-date-history-extension"},"name":"BC Death Date History","description":"This extension allows the Client Registry to include historical death dates and flags in a single Patient resource.","exampleBoolean":false,"groupingId":"-str-extension"},{"extension":[{"url":"http://hl7.org/fhir/tools/StructureDefinition/resource-sort","valueInteger":999999999},{"url":"http://hl7.org/fhir/StructureDefinition/implementationguide-page","valueUri":"StructureDefinition-bc-death-verified-flag-extension.html"}],"reference":{"reference":"StructureDefinition/bc-death-verified-flag-extension"},"name":"BC Death Verified Flag","description":"The Patients death is verified and as recorded in the Client Registry as a flag.  This also includes death verified flag history as required.","exampleBoolean":false,"groupingId":"-str-extension"},{"extension":[{"url":"http://hl7.org/fhir/tools/StructureDefinition/resource-sort","valueInteger":999999999},{"url":"http://hl7.org/fhir/StructureDefinition/implementationguide-page","valueUri":"StructureDefinition-bc-death-verified-flag-history-extension.html"}],"reference":{"reference":"StructureDefinition/bc-death-verified-flag-history-extension"},"name":"BC Death Verified Flag History","description":"This extension allows the Client Registry to include historical death flags in a single Patient resource.","exampleBoolean":false,"groupingId":"-str-extension"},{"extension":[{"url":"http://hl7.org/fhir/tools/StructureDefinition/resource-sort","valueInteger":999999999},{"url":"http://hl7.org/fhir/StructureDefinition/implementationguide-page","valueUri":"StructureDefinition-bc-gender-history-extension.html"}],"reference":{"reference":"StructureDefinition/bc-gender-history-extension"},"name":"BC Gender History","description":"This extension allows the Client Registry to include historical gender codes in a single Patient resource.","exampleBoolean":false,"groupingId":"-str-extension"},{"extension":[{"url":"http://hl7.org/fhir/tools/StructureDefinition/resource-sort","valueInteger":999999999},{"url":"http://hl7.org/fhir/StructureDefinition/implementationguide-page","valueUri":"StructureDefinition-bc-gender-identity-extension.html"}],"reference":{"reference":"StructureDefinition/bc-gender-identity-extension"},"name":"BC Gender Identity with business dates.","description":"Gender Identity with business dates.","exampleBoolean":false,"groupingId":"-str-extension"},{"extension":[{"url":"http://hl7.org/fhir/tools/StructureDefinition/resource-sort","valueInteger":999999999},{"url":"http://hl7.org/fhir/StructureDefinition/implementationguide-page","valueUri":"StructureDefinition-bc-identifier-status-extension.html"}],"reference":{"reference":"StructureDefinition/bc-identifier-status-extension"},"name":"BC Identifier Status","description":"Identifier status.","exampleBoolean":false,"groupingId":"-str-extension"},{"extension":[{"url":"http://hl7.org/fhir/tools/StructureDefinition/resource-sort","valueInteger":999999999},{"url":"http://hl7.org/fhir/StructureDefinition/implementationguide-page","valueUri":"StructureDefinition-bc-merge-status-extension.html"}],"reference":{"reference":"StructureDefinition/bc-merge-status-extension"},"name":"BC Merge Status Code","description":"A code that represents the Merge status of the Patient.","exampleBoolean":false,"groupingId":"-str-extension"},{"extension":[{"url":"http://hl7.org/fhir/tools/StructureDefinition/resource-sort","valueInteger":999999999},{"url":"http://hl7.org/fhir/StructureDefinition/implementationguide-page","valueUri":"StructureDefinition-bc-multiplebirth-history-extension.html"}],"reference":{"reference":"StructureDefinition/bc-multiplebirth-history-extension"},"name":"BC Multiple Birth History","description":"This extension allows the Client Registry to include historical multiple birth values in a single Patient resource.","exampleBoolean":false,"groupingId":"-str-extension"},{"extension":[{"url":"http://hl7.org/fhir/tools/StructureDefinition/resource-sort","valueInteger":999999999},{"url":"http://hl7.org/fhir/StructureDefinition/implementationguide-page","valueUri":"StructureDefinition-bc-sourceId-extension.html"}],"reference":{"reference":"StructureDefinition/bc-sourceId-extension"},"name":"BC SourceID and UserID","description":"Identifiers for the source and user that modified the specific element that this extension is on.","exampleBoolean":false,"groupingId":"-str-extension"},{"extension":[{"url":"http://hl7.org/fhir/tools/StructureDefinition/resource-sort","valueInteger":999999999},{"url":"http://hl7.org/fhir/StructureDefinition/implementationguide-page","valueUri":"ValueSet-bc-address-validation-value-set.html"}],"reference":{"reference":"ValueSet/bc-address-validation-value-set"},"name":"BC Address Validation Value Set","description":"BC Address Validation value set used to describe the validation status of an address","exampleBoolean":false,"groupingId":"-term-valueset"},{"extension":[{"url":"http://hl7.org/fhir/tools/StructureDefinition/resource-sort","valueInteger":999999999},{"url":"http://hl7.org/fhir/StructureDefinition/implementationguide-page","valueUri":"ValueSet-bc-client-registry-patient-change-notification-events-value-set.html"}],"reference":{"reference":"ValueSet/bc-client-registry-patient-change-notification-events-value-set"},"name":"BC Client Registry Patient Change Notification Events Value Set","description":"Codes used to indicate that type of patient changes that a subscriber is interested in receiving.","exampleBoolean":false,"groupingId":"-term-valueset"},{"extension":[{"url":"http://hl7.org/fhir/tools/StructureDefinition/resource-sort","valueInteger":999999999},{"url":"http://hl7.org/fhir/StructureDefinition/implementationguide-page","valueUri":"ValueSet-bc-contact-point-system-value-set.html"}],"reference":{"reference":"ValueSet/bc-contact-point-system-value-set"},"name":"BC Contact Point System Value Set","description":"BC Contact Point System value set, sliced to meet BC constraints.","exampleBoolean":false,"groupingId":"-term-valueset"},{"extension":[{"url":"http://hl7.org/fhir/tools/StructureDefinition/resource-sort","valueInteger":999999999},{"url":"http://hl7.org/fhir/StructureDefinition/implementationguide-page","valueUri":"ValueSet-bc-contact-point-use-value-set.html"}],"reference":{"reference":"ValueSet/bc-contact-point-use-value-set"},"name":"BC Contact Point Use Value Set","description":"BC Contact Point Use value set, sliced to meet BC constraints.","exampleBoolean":false,"groupingId":"-term-valueset"},{"extension":[{"url":"http://hl7.org/fhir/tools/StructureDefinition/resource-sort","valueInteger":999999999},{"url":"http://hl7.org/fhir/StructureDefinition/implementationguide-page","valueUri":"ValueSet-bc-identifier-status-value-set.html"}],"reference":{"reference":"ValueSet/bc-identifier-status-value-set"},"name":"BC Identifier Status Value Set","description":"BC Identifier Status value set used to describe the status of an identifier.","exampleBoolean":false,"groupingId":"-term-valueset"},{"extension":[{"url":"http://hl7.org/fhir/tools/StructureDefinition/resource-sort","valueInteger":999999999},{"url":"http://hl7.org/fhir/StructureDefinition/implementationguide-page","valueUri":"ValueSet-bc-merge-status-value-set.html"}],"reference":{"reference":"ValueSet/bc-merge-status-value-set"},"name":"BC Merge Status Value Set","description":"BC Merge Status value set used to describe the merge status of a Patient.","exampleBoolean":false,"groupingId":"-term-valueset"},{"extension":[{"url":"http://hl7.org/fhir/tools/StructureDefinition/resource-sort","valueInteger":999999999},{"url":"http://hl7.org/fhir/StructureDefinition/implementationguide-page","valueUri":"ValueSet-bc-name-use-value-set.html"}],"reference":{"reference":"ValueSet/bc-name-use-value-set"},"name":"BC Name Use value set.","description":"BC Name Use value set, sliced to meet BC constraints.","exampleBoolean":false,"groupingId":"-term-valueset"},{"extension":[{"url":"http://hl7.org/fhir/tools/StructureDefinition/resource-sort","valueInteger":999999999},{"url":"http://hl7.org/fhir/StructureDefinition/implementationguide-page","valueUri":"ValueSet-bc-client-registry-update-patient-operation-value-set.html"}],"reference":{"reference":"ValueSet/bc-client-registry-update-patient-operation-value-set"},"name":"BC Update Patient Operation Value Set","description":"A Value Set of allowed update operations.","exampleBoolean":false,"groupingId":"-term-valueset"},{"extension":[{"url":"http://hl7.org/fhir/tools/StructureDefinition/resource-sort","valueInteger":999999999},{"url":"http://hl7.org/fhir/StructureDefinition/implementationguide-page","valueUri":"CodeSystem-bc-client-registry-address-validation-code-system.html"}],"reference":{"reference":"CodeSystem/bc-client-registry-address-validation-code-system"},"name":"BC Client Registry Address Validation Status Code","description":"Codes used to define the address validation status.","exampleBoolean":false,"groupingId":"-term-codesystem"},{"extension":[{"url":"http://hl7.org/fhir/tools/StructureDefinition/resource-sort","valueInteger":999999999},{"url":"http://hl7.org/fhir/StructureDefinition/implementationguide-page","valueUri":"CodeSystem-bc-operation-outcome-details-code-system.html"}],"reference":{"reference":"CodeSystem/bc-operation-outcome-details-code-system"},"name":"BC Client Registry Operation Outcome details code system","description":"BC Client Registry Operation Outcome details code system","exampleBoolean":false,"groupingId":"-term-codesystem"},{"extension":[{"url":"http://hl7.org/fhir/tools/StructureDefinition/resource-sort","valueInteger":999999999},{"url":"http://hl7.org/fhir/StructureDefinition/implementationguide-page","valueUri":"CodeSystem-bc-client-registry-patient-change-notification-events.html"}],"reference":{"reference":"CodeSystem/bc-client-registry-patient-change-notification-events"},"name":"BC Client Registry Patient Change Notification Events Code System","description":"Codes used to indicate that type of patient changes that a subscriber is interested in receiving.","exampleBoolean":false,"groupingId":"-term-codesystem"},{"extension":[{"url":"http://hl7.org/fhir/tools/StructureDefinition/resource-sort","valueInteger":999999999},{"url":"http://hl7.org/fhir/StructureDefinition/implementationguide-page","valueUri":"CodeSystem-bc-client-registry-merge-status-code-system.html"}],"reference":{"reference":"CodeSystem/bc-client-registry-merge-status-code-system"},"name":"BC Client Registry merge status.","description":"Codes used to describe the merge status.","exampleBoolean":false,"groupingId":"-term-codesystem"},{"extension":[{"url":"http://hl7.org/fhir/tools/StructureDefinition/resource-sort","valueInteger":999999999},{"url":"http://hl7.org/fhir/StructureDefinition/implementationguide-page","valueUri":"CodeSystem-bc-identifier-status-code-system.html"}],"reference":{"reference":"CodeSystem/bc-identifier-status-code-system"},"name":"BC Client registry identifier status code system","description":"BC Client registry identifier status code system.","exampleBoolean":false,"groupingId":"-term-codesystem"},{"extension":[{"url":"http://hl7.org/fhir/tools/StructureDefinition/resource-sort","valueInteger":999999999},{"url":"http://hl7.org/fhir/StructureDefinition/implementationguide-page","valueUri":"CodeSystem-bc-client-registry-update-patient-operation-code-system.html"}],"reference":{"reference":"CodeSystem/bc-client-registry-update-patient-operation-code-system"},"name":"BC Code System Of Allowed Update Operations","description":"BC Code System of allowed update patient operations.","exampleBoolean":false,"groupingId":"-term-codesystem"},{"extension":[{"url":"http://hl7.org/fhir/tools/StructureDefinition/resource-sort","valueInteger":999999999},{"url":"http://hl7.org/fhir/StructureDefinition/implementationguide-page","valueUri":"Bundle-Bundle-MergePatient-Request-Example.html"}],"reference":{"reference":"Bundle/Bundle-MergePatient-Request-Example"},"name":"Bundle-MergePatient-Request-Example","description":"Example of $MergePatient operation.","exampleCanonical":"http://hlth.gov.bc.ca/fhir/client/StructureDefinition/bc-merge-request-bundle","groupingId":"-ex-example"},{"extension":[{"url":"http://hl7.org/fhir/tools/StructureDefinition/resource-sort","valueInteger":999999999},{"url":"http://hl7.org/fhir/StructureDefinition/implementationguide-page","valueUri":"Bundle-Bundle-MergePatient-Response-Example.html"}],"reference":{"reference":"Bundle/Bundle-MergePatient-Response-Example"},"name":"Bundle-MergePatient-Response-Example","description":"A sample MergePatient Operation response.","exampleCanonical":"http://hlth.gov.bc.ca/fhir/client/StructureDefinition/bc-merge-response-bundle","groupingId":"-ex-example"},{"extension":[{"url":"http://hl7.org/fhir/tools/StructureDefinition/resource-sort","valueInteger":999999999},{"url":"http://hl7.org/fhir/StructureDefinition/implementationguide-page","valueUri":"OperationOutcome-OperationOutcome-Example.html"}],"reference":{"reference":"OperationOutcome/OperationOutcome-Example"},"name":"OperationOutcome-Example","description":"Example OperationOutcome for a Client Registry Add, Revise or Merge.","exampleBoolean":true,"groupingId":"-ex-example"},{"extension":[{"url":"http://hl7.org/fhir/tools/StructureDefinition/resource-sort","valueInteger":999999999},{"url":"http://hl7.org/fhir/StructureDefinition/implementationguide-page","valueUri":"OperationOutcome-OperationOutcome-Search-Example.html"}],"reference":{"reference":"OperationOutcome/OperationOutcome-Search-Example"},"name":"OperationOutcome-Search-Example","description":"Example OperationOutcome for a Client Registry Search","exampleBoolean":true,"groupingId":"-ex-example"},{"extension":[{"url":"http://hl7.org/fhir/tools/StructureDefinition/resource-sort","valueInteger":999999999},{"url":"http://hl7.org/fhir/StructureDefinition/implementationguide-page","valueUri":"Parameters-Parameters-MergePatient-Response-Example.html"}],"reference":{"reference":"Parameters/Parameters-MergePatient-Response-Example"},"name":"Parameters-MergePatient-Response-Example","description":"Example of Merge response Metadata parameters","exampleCanonical":"http://hlth.gov.bc.ca/fhir/client/StructureDefinition/bc-metadata-parameters-out","groupingId":"-ex-example"},{"extension":[{"url":"http://hl7.org/fhir/tools/StructureDefinition/resource-sort","valueInteger":999999999},{"url":"http://hl7.org/fhir/StructureDefinition/implementationguide-page","valueUri":"Parameters-Parameters-MergePatient-TwoNonSurvivors-Example.html"}],"reference":{"reference":"Parameters/Parameters-MergePatient-TwoNonSurvivors-Example"},"name":"Parameters-MergePatient-TwoNonSurvivors-Example","description":"Example of $MergePatient operation.","exampleCanonical":"http://hlth.gov.bc.ca/fhir/client/StructureDefinition/bc-metadata-parameters-in","groupingId":"-ex-example"},{"extension":[{"url":"http://hl7.org/fhir/tools/StructureDefinition/resource-sort","valueInteger":999999999},{"url":"http://hl7.org/fhir/StructureDefinition/implementationguide-page","valueUri":"Patient-Patient-GetDemographics-Example.html"}],"reference":{"reference":"Patient/Patient-GetDemographics-Example"},"name":"Patient-GetDemographics-Example","description":"Example of Patient for $GetDemographics operation response","exampleCanonical":"http://hlth.gov.bc.ca/fhir/client/StructureDefinition/bc-patient","groupingId":"-ex-example"},{"extension":[{"url":"http://hl7.org/fhir/tools/StructureDefinition/resource-sort","valueInteger":999999999},{"url":"http://hl7.org/fhir/StructureDefinition/implementationguide-page","valueUri":"Patient-Patient-MergePatient-Example.html"}],"reference":{"reference":"Patient/Patient-MergePatient-Example"},"name":"Patient-MergePatient-Example","description":"Example of a merge patient Patient","exampleCanonical":"http://hlth.gov.bc.ca/fhir/client/StructureDefinition/bc-merge-patient","groupingId":"-ex-example"},{"extension":[{"url":"http://hl7.org/fhir/tools/StructureDefinition/resource-sort","valueInteger":999999999},{"url":"http://hl7.org/fhir/StructureDefinition/implementationguide-page","valueUri":"Subscription-SampleCompositeSubscriptionRequest.html"}],"reference":{"reference":"Subscription/SampleCompositeSubscriptionRequest"},"name":"SampleCompositeSubscriptionRequest","description":"Sample subscription request for Composite View events","exampleCanonical":"http://hlth.gov.bc.ca/fhir/client/StructureDefinition/HCIMPatientChangeSubscription","groupingId":"-ex-example"}],"page":{"extension":[{"url":"http://hl7.org/fhir/tools/StructureDefinition/ig-page-name","valueUrl":"toc.html"}],"nameUrl":"toc.html","title":"Table of Contents","generation":"html","page":[{"extension":[{"url":"http://hl7.org/fhir/tools/StructureDefinition/ig-page-name","valueUrl":"index.html"}],"nameUrl":"index.html","title":"Client Registry Overview","generation":"markdown"},{"extension":[{"url":"http://hl7.org/fhir/tools/StructureDefinition/ig-page-name","valueUrl":"design.html"}],"nameUrl":"design.html","title":"FHIR Design","generation":"markdown"},{"extension":[{"url":"http://hl7.org/fhir/tools/StructureDefinition/ig-page-name","valueUrl":"search.html"}],"nameUrl":"search.html","title":"Search Patient","generation":"markdown"},{"extension":[{"url":"http://hl7.org/fhir/tools/StructureDefinition/ig-page-name","valueUrl":"reviseAndMerge.html"}],"nameUrl":"reviseAndMerge.html","title":"Add, Revise and Merge Patient","generation":"markdown"},{"extension":[{"url":"http://hl7.org/fhir/tools/StructureDefinition/ig-page-name","valueUrl":"distributions.html"}],"nameUrl":"distributions.html","title":"Patient Change Notification","generation":"markdown"},{"extension":[{"url":"http://hl7.org/fhir/tools/StructureDefinition/ig-page-name","valueUrl":"identifiers.html"}],"nameUrl":"identifiers.html","title":"Identifiers","generation":"markdown"},{"extension":[{"url":"http://hl7.org/fhir/tools/StructureDefinition/ig-page-name","valueUrl":"absentData.html"}],"nameUrl":"absentData.html","title":"Data Absent Reason","generation":"markdown"},{"extension":[{"url":"http://hl7.org/fhir/tools/StructureDefinition/ig-page-name","valueUrl":"v3Transition.html"}],"nameUrl":"v3Transition.html","title":"Transition from V3 Provider to FHIR","generation":"markdown"},{"extension":[{"url":"http://hl7.org/fhir/tools/StructureDefinition/ig-page-name","valueUrl":"connectedPartner.html"}],"nameUrl":"connectedPartner.html","title":"Connected Partners","generation":"markdown"},{"extension":[{"url":"http://hl7.org/fhir/tools/StructureDefinition/ig-page-name","valueUrl":"capabilityStatement.html"}],"nameUrl":"capabilityStatement.html","title":"Capability Statement","generation":"markdown"},{"extension":[{"url":"http://hl7.org/fhir/tools/StructureDefinition/ig-page-name","valueUrl":"futurePlans.html"}],"nameUrl":"futurePlans.html","title":"Future Plans","generation":"markdown"},{"extension":[{"url":"http://hl7.org/fhir/tools/StructureDefinition/ig-page-name","valueUrl":"terminology.html"}],"nameUrl":"terminology.html","title":"Glossary","generation":"markdown"},{"extension":[{"url":"http://hl7.org/fhir/tools/StructureDefinition/ig-page-name","valueUrl":"credits.html"}],"nameUrl":"credits.html","title":"Credits","generation":"markdown"},{"extension":[{"url":"http://hl7.org/fhir/tools/StructureDefinition/ig-page-name","valueUrl":"artifacts.html"}],"nameUrl":"artifacts.html","title":"Artifacts Summary","generation":"html","page":[{"extension":[{"url":"http://hl7.org/fhir/tools/StructureDefinition/ig-page-name","valueUrl":"CapabilityStatement-bc-hcim-capability-statement-client.html"}],"nameUrl":"CapabilityStatement-bc-hcim-capability-statement-client.html","title":"BC HCIM Client Capability Statement","generation":"generated"},{"extension":[{"url":"http://hl7.org/fhir/tools/StructureDefinition/ig-page-name","valueUrl":"CapabilityStatement-bc-hcim-capability-statement-server.html"}],"nameUrl":"CapabilityStatement-bc-hcim-capability-statement-server.html","title":"BC HCIM Server Capability Statement","generation":"generated"},{"extension":[{"url":"http://hl7.org/fhir/tools/StructureDefinition/ig-page-name","valueUrl":"OperationDefinition-bc-patient-add.html"}],"nameUrl":"OperationDefinition-bc-patient-add.html","title":"AddPatient","generation":"generated"},{"extension":[{"url":"http://hl7.org/fhir/tools/StructureDefinition/ig-page-name","valueUrl":"OperationDefinition-bc-patient-find-candidates.html"}],"nameUrl":"OperationDefinition-bc-patient-find-candidates.html","title":"Find Candidates By Example","generation":"generated"},{"extension":[{"url":"http://hl7.org/fhir/tools/StructureDefinition/ig-page-name","valueUrl":"OperationDefinition-bc-patient-get-demographics.html"}],"nameUrl":"OperationDefinition-bc-patient-get-demographics.html","title":"GetDemographics","generation":"generated"},{"extension":[{"url":"http://hl7.org/fhir/tools/StructureDefinition/ig-page-name","valueUrl":"OperationDefinition-bc-patient-history.html"}],"nameUrl":"OperationDefinition-bc-patient-history.html","title":"HistoryPatient","generation":"generated"},{"extension":[{"url":"http://hl7.org/fhir/tools/StructureDefinition/ig-page-name","valueUrl":"OperationDefinition-bc-patient-merge.html"}],"nameUrl":"OperationDefinition-bc-patient-merge.html","title":"Merge Patient","generation":"generated"},{"extension":[{"url":"http://hl7.org/fhir/tools/StructureDefinition/ig-page-name","valueUrl":"OperationDefinition-bc-patient-notification.html"}],"nameUrl":"OperationDefinition-bc-patient-notification.html","title":"Patient Notification","generation":"generated"},{"extension":[{"url":"http://hl7.org/fhir/tools/StructureDefinition/ig-page-name","valueUrl":"OperationDefinition-bc-patient-revise.html"}],"nameUrl":"OperationDefinition-bc-patient-revise.html","title":"Revise Patient","generation":"generated"},{"extension":[{"url":"http://hl7.org/fhir/tools/StructureDefinition/ig-page-name","valueUrl":"StructureDefinition-bc-patient.html"}],"nameUrl":"StructureDefinition-bc-patient.html","title":"ClientRegistryPatient","generation":"generated"},{"extension":[{"url":"http://hl7.org/fhir/tools/StructureDefinition/ig-page-name","valueUrl":"StructureDefinition-bc-merge-patient.html"}],"nameUrl":"StructureDefinition-bc-merge-patient.html","title":"PatientMerge","generation":"generated"},{"extension":[{"url":"http://hl7.org/fhir/tools/StructureDefinition/ig-page-name","valueUrl":"StructureDefinition-bc-add-request-bundle.html"}],"nameUrl":"StructureDefinition-bc-add-request-bundle.html","title":"AddRequestBundle","generation":"generated"},{"extension":[{"url":"http://hl7.org/fhir/tools/StructureDefinition/ig-page-name","valueUrl":"StructureDefinition-bc-add-response-bundle.html"}],"nameUrl":"StructureDefinition-bc-add-response-bundle.html","title":"AddResponseBundle","generation":"generated"},{"extension":[{"url":"http://hl7.org/fhir/tools/StructureDefinition/ig-page-name","valueUrl":"StructureDefinition-bc-async-ack-response-bundle.html"}],"nameUrl":"StructureDefinition-bc-async-ack-response-bundle.html","title":"AsyncAckBundle","generation":"generated"},{"extension":[{"url":"http://hl7.org/fhir/tools/StructureDefinition/ig-page-name","valueUrl":"StructureDefinition-bc-find-candidates-request-bundle.html"}],"nameUrl":"StructureDefinition-bc-find-candidates-request-bundle.html","title":"FindCandidatesRequestBundle","generation":"generated"},{"extension":[{"url":"http://hl7.org/fhir/tools/StructureDefinition/ig-page-name","valueUrl":"StructureDefinition-bc-get-demographics-request-bundle.html"}],"nameUrl":"StructureDefinition-bc-get-demographics-request-bundle.html","title":"GetDemographicsRequestBundle","generation":"generated"},{"extension":[{"url":"http://hl7.org/fhir/tools/StructureDefinition/ig-page-name","valueUrl":"StructureDefinition-bc-merge-request-bundle.html"}],"nameUrl":"StructureDefinition-bc-merge-request-bundle.html","title":"MergeRequestBundle","generation":"generated"},{"extension":[{"url":"http://hl7.org/fhir/tools/StructureDefinition/ig-page-name","valueUrl":"StructureDefinition-bc-merge-response-bundle.html"}],"nameUrl":"StructureDefinition-bc-merge-response-bundle.html","title":"MergeResponseBundle","generation":"generated"},{"extension":[{"url":"http://hl7.org/fhir/tools/StructureDefinition/ig-page-name","valueUrl":"StructureDefinition-bc-revise-request-bundle.html"}],"nameUrl":"StructureDefinition-bc-revise-request-bundle.html","title":"ReviseRequestBundle","generation":"generated"},{"extension":[{"url":"http://hl7.org/fhir/tools/StructureDefinition/ig-page-name","valueUrl":"StructureDefinition-bc-revise-response-bundle.html"}],"nameUrl":"StructureDefinition-bc-revise-response-bundle.html","title":"ReviseResponseBundle","generation":"generated"},{"extension":[{"url":"http://hl7.org/fhir/tools/StructureDefinition/ig-page-name","valueUrl":"StructureDefinition-bc-search-response-bundle.html"}],"nameUrl":"StructureDefinition-bc-search-response-bundle.html","title":"SearchResponseBundle","generation":"generated"},{"extension":[{"url":"http://hl7.org/fhir/tools/StructureDefinition/ig-page-name","valueUrl":"StructureDefinition-bc-metadata-parameter-async-response.html"}],"nameUrl":"StructureDefinition-bc-metadata-parameter-async-response.html","title":"MetadataParametersAsync","generation":"generated"},{"extension":[{"url":"http://hl7.org/fhir/tools/StructureDefinition/ig-page-name","valueUrl":"StructureDefinition-bc-metadata-parameters-in.html"}],"nameUrl":"StructureDefinition-bc-metadata-parameters-in.html","title":"MetadataParametersIn","generation":"generated"},{"extension":[{"url":"http://hl7.org/fhir/tools/StructureDefinition/ig-page-name","valueUrl":"StructureDefinition-bc-metadata-parameters-out.html"}],"nameUrl":"StructureDefinition-bc-metadata-parameters-out.html","title":"MetadataParametersOut","generation":"generated"},{"extension":[{"url":"http://hl7.org/fhir/tools/StructureDefinition/ig-page-name","valueUrl":"Bundle-AddNewbornByMumsPHN-Request.html"}],"nameUrl":"Bundle-AddNewbornByMumsPHN-Request.html","title":"AddNewbornByMumsPHN-Request","generation":"generated"},{"extension":[{"url":"http://hl7.org/fhir/tools/StructureDefinition/ig-page-name","valueUrl":"Bundle-AddPatient-Request.html"}],"nameUrl":"Bundle-AddPatient-Request.html","title":"AddPatient-Request","generation":"generated"},{"extension":[{"url":"http://hl7.org/fhir/tools/StructureDefinition/ig-page-name","valueUrl":"Bundle-FindCandidates-Request.html"}],"nameUrl":"Bundle-FindCandidates-Request.html","title":"FindCandidates-Request","generation":"generated"},{"extension":[{"url":"http://hl7.org/fhir/tools/StructureDefinition/ig-page-name","valueUrl":"Bundle-FindNewbornByMumsPHN-Request.html"}],"nameUrl":"Bundle-FindNewbornByMumsPHN-Request.html","title":"FindNewbornByMumsPHN-Request","generation":"generated"},{"extension":[{"url":"http://hl7.org/fhir/tools/StructureDefinition/ig-page-name","valueUrl":"Bundle-GetDemographics-Request.html"}],"nameUrl":"Bundle-GetDemographics-Request.html","title":"GetDemographics-Request","generation":"generated"},{"extension":[{"url":"http://hl7.org/fhir/tools/StructureDefinition/ig-page-name","valueUrl":"Bundle-GetDemographics-withHistory-Request.html"}],"nameUrl":"Bundle-GetDemographics-withHistory-Request.html","title":"GetDemographics-withHistory-Request","generation":"generated"},{"extension":[{"url":"http://hl7.org/fhir/tools/StructureDefinition/ig-page-name","valueUrl":"Bundle-Merge-Only-Request.html"}],"nameUrl":"Bundle-Merge-Only-Request.html","title":"Merge-Only-Request","generation":"generated"},{"extension":[{"url":"http://hl7.org/fhir/tools/StructureDefinition/ig-page-name","valueUrl":"Bundle-Merge-SSRI-Request.html"}],"nameUrl":"Bundle-Merge-SSRI-Request.html","title":"Merge-SSRI-Request","generation":"generated"},{"extension":[{"url":"http://hl7.org/fhir/tools/StructureDefinition/ig-page-name","valueUrl":"Bundle-Merge-WithPayload-Request.html"}],"nameUrl":"Bundle-Merge-WithPayload-Request.html","title":"Merge-WithPayload-Request","generation":"generated"},{"extension":[{"url":"http://hl7.org/fhir/tools/StructureDefinition/ig-page-name","valueUrl":"Bundle-Revise-withMaxData-Request.html"}],"nameUrl":"Bundle-Revise-withMaxData-Request.html","title":"Revise-withMaxData-Request","generation":"generated"},{"extension":[{"url":"http://hl7.org/fhir/tools/StructureDefinition/ig-page-name","valueUrl":"Bundle-AddPatient-Response.html"}],"nameUrl":"Bundle-AddPatient-Response.html","title":"AddPatient-Response","generation":"generated"},{"extension":[{"url":"http://hl7.org/fhir/tools/StructureDefinition/ig-page-name","valueUrl":"Bundle-FindCandidates-Response.html"}],"nameUrl":"Bundle-FindCandidates-Response.html","title":"FindCandidates-Response","generation":"generated"},{"extension":[{"url":"http://hl7.org/fhir/tools/StructureDefinition/ig-page-name","valueUrl":"Bundle-FindNewbornByMumsPHN-Response.html"}],"nameUrl":"Bundle-FindNewbornByMumsPHN-Response.html","title":"FindNewbornByMumsPHN-Response","generation":"generated"},{"extension":[{"url":"http://hl7.org/fhir/tools/StructureDefinition/ig-page-name","valueUrl":"Bundle-GetDemographics-Response.html"}],"nameUrl":"Bundle-GetDemographics-Response.html","title":"GetDemographics-Response","generation":"generated"},{"extension":[{"url":"http://hl7.org/fhir/tools/StructureDefinition/ig-page-name","valueUrl":"Bundle-GetDemographics-withHistory-Response.html"}],"nameUrl":"Bundle-GetDemographics-withHistory-Response.html","title":"GetDemographics-withHistory-Response","generation":"generated"},{"extension":[{"url":"http://hl7.org/fhir/tools/StructureDefinition/ig-page-name","valueUrl":"Bundle-GetDemographics-withPHNInfo-Response.html"}],"nameUrl":"Bundle-GetDemographics-withPHNInfo-Response.html","title":"GetDemographics-withPHNInfo-Response","generation":"generated"},{"extension":[{"url":"http://hl7.org/fhir/tools/StructureDefinition/ig-page-name","valueUrl":"Bundle-Merge-Response.html"}],"nameUrl":"Bundle-Merge-Response.html","title":"Merge-Response","generation":"generated"},{"extension":[{"url":"http://hl7.org/fhir/tools/StructureDefinition/ig-page-name","valueUrl":"Bundle-Merge-WithPayload-Response.html"}],"nameUrl":"Bundle-Merge-WithPayload-Response.html","title":"Merge-WithPayload-Response","generation":"generated"},{"extension":[{"url":"http://hl7.org/fhir/tools/StructureDefinition/ig-page-name","valueUrl":"Bundle-Revise-Async-ACK.html"}],"nameUrl":"Bundle-Revise-Async-ACK.html","title":"Revise-Async-ACK","generation":"generated"},{"extension":[{"url":"http://hl7.org/fhir/tools/StructureDefinition/ig-page-name","valueUrl":"Bundle-Revise-Response.html"}],"nameUrl":"Bundle-Revise-Response.html","title":"Revise-Response","generation":"generated"},{"extension":[{"url":"http://hl7.org/fhir/tools/StructureDefinition/ig-page-name","valueUrl":"SubscriptionTopic-HCIMPatientChangeDistributionTopic.html"}],"nameUrl":"SubscriptionTopic-HCIMPatientChangeDistributionTopic.html","title":"HCIM Patient Change Distributions Topic","generation":"generated"},{"extension":[{"url":"http://hl7.org/fhir/tools/StructureDefinition/ig-page-name","valueUrl":"StructureDefinition-HCIMPatientChangeSubscription.html"}],"nameUrl":"StructureDefinition-HCIMPatientChangeSubscription.html","title":"HCIMPatientChangeSubscription","generation":"generated"},{"extension":[{"url":"http://hl7.org/fhir/tools/StructureDefinition/ig-page-name","valueUrl":"StructureDefinition-bc-metadata-parameters-subscription.html"}],"nameUrl":"StructureDefinition-bc-metadata-parameters-subscription.html","title":"MetadataParametersSubscription","generation":"generated"},{"extension":[{"url":"http://hl7.org/fhir/tools/StructureDefinition/ig-page-name","valueUrl":"StructureDefinition-bc-subscription-notification-bundle.html"}],"nameUrl":"StructureDefinition-bc-subscription-notification-bundle.html","title":"SubscriptionNotificationBundle","generation":"generated"},{"extension":[{"url":"http://hl7.org/fhir/tools/StructureDefinition/ig-page-name","valueUrl":"StructureDefinition-bc-patient-by-example.html"}],"nameUrl":"StructureDefinition-bc-patient-by-example.html","title":"PatientByExample","generation":"generated"},{"extension":[{"url":"http://hl7.org/fhir/tools/StructureDefinition/ig-page-name","valueUrl":"StructureDefinition-bc-validation-status-extension.html"}],"nameUrl":"StructureDefinition-bc-validation-status-extension.html","title":"BC Address Validation Status Code","generation":"generated"},{"extension":[{"url":"http://hl7.org/fhir/tools/StructureDefinition/ig-page-name","valueUrl":"StructureDefinition-bc-birthdate-history-extension.html"}],"nameUrl":"StructureDefinition-bc-birthdate-history-extension.html","title":"BC Birth Date History","generation":"generated"},{"extension":[{"url":"http://hl7.org/fhir/tools/StructureDefinition/ig-page-name","valueUrl":"StructureDefinition-bc-business-period-extension.html"}],"nameUrl":"StructureDefinition-bc-business-period-extension.html","title":"BC Business Dates","generation":"generated"},{"extension":[{"url":"http://hl7.org/fhir/tools/StructureDefinition/ig-page-name","valueUrl":"StructureDefinition-bc-death-date-history-extension.html"}],"nameUrl":"StructureDefinition-bc-death-date-history-extension.html","title":"BC Death Date History","generation":"generated"},{"extension":[{"url":"http://hl7.org/fhir/tools/StructureDefinition/ig-page-name","valueUrl":"StructureDefinition-bc-death-verified-flag-extension.html"}],"nameUrl":"StructureDefinition-bc-death-verified-flag-extension.html","title":"BC Death Verified Flag","generation":"generated"},{"extension":[{"url":"http://hl7.org/fhir/tools/StructureDefinition/ig-page-name","valueUrl":"StructureDefinition-bc-death-verified-flag-history-extension.html"}],"nameUrl":"StructureDefinition-bc-death-verified-flag-history-extension.html","title":"BC Death Verified Flag History","generation":"generated"},{"extension":[{"url":"http://hl7.org/fhir/tools/StructureDefinition/ig-page-name","valueUrl":"StructureDefinition-bc-gender-history-extension.html"}],"nameUrl":"StructureDefinition-bc-gender-history-extension.html","title":"BC Gender History","generation":"generated"},{"extension":[{"url":"http://hl7.org/fhir/tools/StructureDefinition/ig-page-name","valueUrl":"StructureDefinition-bc-gender-identity-extension.html"}],"nameUrl":"StructureDefinition-bc-gender-identity-extension.html","title":"BC Gender Identity with business dates.","generation":"generated"},{"extension":[{"url":"http://hl7.org/fhir/tools/StructureDefinition/ig-page-name","valueUrl":"StructureDefinition-bc-identifier-status-extension.html"}],"nameUrl":"StructureDefinition-bc-identifier-status-extension.html","title":"BC Identifier Status","generation":"generated"},{"extension":[{"url":"http://hl7.org/fhir/tools/StructureDefinition/ig-page-name","valueUrl":"StructureDefinition-bc-merge-status-extension.html"}],"nameUrl":"StructureDefinition-bc-merge-status-extension.html","title":"BC Merge Status Code","generation":"generated"},{"extension":[{"url":"http://hl7.org/fhir/tools/StructureDefinition/ig-page-name","valueUrl":"StructureDefinition-bc-multiplebirth-history-extension.html"}],"nameUrl":"StructureDefinition-bc-multiplebirth-history-extension.html","title":"BC Multiple Birth History","generation":"generated"},{"extension":[{"url":"http://hl7.org/fhir/tools/StructureDefinition/ig-page-name","valueUrl":"StructureDefinition-bc-sourceId-extension.html"}],"nameUrl":"StructureDefinition-bc-sourceId-extension.html","title":"BC SourceID and UserID","generation":"generated"},{"extension":[{"url":"http://hl7.org/fhir/tools/StructureDefinition/ig-page-name","valueUrl":"ValueSet-bc-address-validation-value-set.html"}],"nameUrl":"ValueSet-bc-address-validation-value-set.html","title":"BC Address Validation Value Set","generation":"generated"},{"extension":[{"url":"http://hl7.org/fhir/tools/StructureDefinition/ig-page-name","valueUrl":"ValueSet-bc-client-registry-patient-change-notification-events-value-set.html"}],"nameUrl":"ValueSet-bc-client-registry-patient-change-notification-events-value-set.html","title":"BC Client Registry Patient Change Notification Events Value Set","generation":"generated"},{"extension":[{"url":"http://hl7.org/fhir/tools/StructureDefinition/ig-page-name","valueUrl":"ValueSet-bc-contact-point-system-value-set.html"}],"nameUrl":"ValueSet-bc-contact-point-system-value-set.html","title":"BC Contact Point System Value Set","generation":"generated"},{"extension":[{"url":"http://hl7.org/fhir/tools/StructureDefinition/ig-page-name","valueUrl":"ValueSet-bc-contact-point-use-value-set.html"}],"nameUrl":"ValueSet-bc-contact-point-use-value-set.html","title":"BC Contact Point Use Value Set","generation":"generated"},{"extension":[{"url":"http://hl7.org/fhir/tools/StructureDefinition/ig-page-name","valueUrl":"ValueSet-bc-identifier-status-value-set.html"}],"nameUrl":"ValueSet-bc-identifier-status-value-set.html","title":"BC Identifier Status Value Set","generation":"generated"},{"extension":[{"url":"http://hl7.org/fhir/tools/StructureDefinition/ig-page-name","valueUrl":"ValueSet-bc-merge-status-value-set.html"}],"nameUrl":"ValueSet-bc-merge-status-value-set.html","title":"BC Merge Status Value Set","generation":"generated"},{"extension":[{"url":"http://hl7.org/fhir/tools/StructureDefinition/ig-page-name","valueUrl":"ValueSet-bc-name-use-value-set.html"}],"nameUrl":"ValueSet-bc-name-use-value-set.html","title":"BC Name Use value set.","generation":"generated"},{"extension":[{"url":"http://hl7.org/fhir/tools/StructureDefinition/ig-page-name","valueUrl":"ValueSet-bc-client-registry-update-patient-operation-value-set.html"}],"nameUrl":"ValueSet-bc-client-registry-update-patient-operation-value-set.html","title":"BC Update Patient Operation Value Set","generation":"generated"},{"extension":[{"url":"http://hl7.org/fhir/tools/StructureDefinition/ig-page-name","valueUrl":"CodeSystem-bc-client-registry-address-validation-code-system.html"}],"nameUrl":"CodeSystem-bc-client-registry-address-validation-code-system.html","title":"BC Client Registry Address Validation Status Code","generation":"generated"},{"extension":[{"url":"http://hl7.org/fhir/tools/StructureDefinition/ig-page-name","valueUrl":"CodeSystem-bc-identifier-status-code-system.html"}],"nameUrl":"CodeSystem-bc-identifier-status-code-system.html","title":"BC Client registry identifier status code system","generation":"generated"},{"extension":[{"url":"http://hl7.org/fhir/tools/StructureDefinition/ig-page-name","valueUrl":"CodeSystem-bc-client-registry-merge-status-code-system.html"}],"nameUrl":"CodeSystem-bc-client-registry-merge-status-code-system.html","title":"BC Client Registry merge status.","generation":"generated"},{"extension":[{"url":"http://hl7.org/fhir/tools/StructureDefinition/ig-page-name","valueUrl":"CodeSystem-bc-operation-outcome-details-code-system.html"}],"nameUrl":"CodeSystem-bc-operation-outcome-details-code-system.html","title":"BC Client Registry Operation Outcome details code system","generation":"generated"},{"extension":[{"url":"http://hl7.org/fhir/tools/StructureDefinition/ig-page-name","valueUrl":"CodeSystem-bc-client-registry-patient-change-notification-events.html"}],"nameUrl":"CodeSystem-bc-client-registry-patient-change-notification-events.html","title":"BC Client Registry Patient Change Notification Events Code System","generation":"generated"},{"extension":[{"url":"http://hl7.org/fhir/tools/StructureDefinition/ig-page-name","valueUrl":"CodeSystem-bc-client-registry-update-patient-operation-code-system.html"}],"nameUrl":"CodeSystem-bc-client-registry-update-patient-operation-code-system.html","title":"BC Code System Of Allowed Update Operations","generation":"generated"},{"extension":[{"url":"http://hl7.org/fhir/tools/StructureDefinition/ig-page-name","valueUrl":"Bundle-Bundle-MergePatient-Request-Example.html"}],"nameUrl":"Bundle-Bundle-MergePatient-Request-Example.html","title":"Bundle-MergePatient-Request-Example","generation":"generated"},{"extension":[{"url":"http://hl7.org/fhir/tools/StructureDefinition/ig-page-name","valueUrl":"Bundle-Bundle-MergePatient-Response-Example.html"}],"nameUrl":"Bundle-Bundle-MergePatient-Response-Example.html","title":"Bundle-MergePatient-Response-Example","generation":"generated"},{"extension":[{"url":"http://hl7.org/fhir/tools/StructureDefinition/ig-page-name","valueUrl":"OperationOutcome-OperationOutcome-Example.html"}],"nameUrl":"OperationOutcome-OperationOutcome-Example.html","title":"OperationOutcome-Example","generation":"generated"},{"extension":[{"url":"http://hl7.org/fhir/tools/StructureDefinition/ig-page-name","valueUrl":"OperationOutcome-OperationOutcome-Search-Example.html"}],"nameUrl":"OperationOutcome-OperationOutcome-Search-Example.html","title":"OperationOutcome-Search-Example","generation":"generated"},{"extension":[{"url":"http://hl7.org/fhir/tools/StructureDefinition/ig-page-name","valueUrl":"Parameters-Parameters-MergePatient-Response-Example.html"}],"nameUrl":"Parameters-Parameters-MergePatient-Response-Example.html","title":"Parameters-MergePatient-Response-Example","generation":"generated"},{"extension":[{"url":"http://hl7.org/fhir/tools/StructureDefinition/ig-page-name","valueUrl":"Parameters-Parameters-MergePatient-TwoNonSurvivors-Example.html"}],"nameUrl":"Parameters-Parameters-MergePatient-TwoNonSurvivors-Example.html","title":"Parameters-MergePatient-TwoNonSurvivors-Example","generation":"generated"},{"extension":[{"url":"http://hl7.org/fhir/tools/StructureDefinition/ig-page-name","valueUrl":"Patient-Patient-GetDemographics-Example.html"}],"nameUrl":"Patient-Patient-GetDemographics-Example.html","title":"Patient-GetDemographics-Example","generation":"generated"},{"extension":[{"url":"http://hl7.org/fhir/tools/StructureDefinition/ig-page-name","valueUrl":"Patient-Patient-MergePatient-Example.html"}],"nameUrl":"Patient-Patient-MergePatient-Example.html","title":"Patient-MergePatient-Example","generation":"generated"},{"extension":[{"url":"http://hl7.org/fhir/tools/StructureDefinition/ig-page-name","valueUrl":"Subscription-SampleCompositeSubscriptionRequest.html"}],"nameUrl":"Subscription-SampleCompositeSubscriptionRequest.html","title":"SampleCompositeSubscriptionRequest","generation":"generated"}]}]},"parameter":[{"code":"path-resource","value":"input/capabilities"},{"code":"path-resource","value":"input/examples"},{"code":"path-resource","value":"input/extensions"},{"code":"path-resource","value":"input/models"},{"code":"path-resource","value":"input/operations"},{"code":"path-resource","value":"input/profiles"},{"code":"path-resource","value":"input/resources"},{"code":"path-resource","value":"input/vocabulary"},{"code":"path-resource","value":"input/maps"},{"code":"path-resource","value":"input/testing"},{"code":"path-resource","value":"input/history"},{"code":"path-resource","value":"fsh-generated/resources"},{"code":"path-pages","value":"template/config"},{"code":"path-pages","value":"input/images"},{"code":"path-tx-cache","value":"input-cache/txcache"}]}}