{"resourceType":"ValueSet","id":"bc-identifier-status-value-set","text":{"status":"generated","div":"<div xmlns=\"http://www.w3.org/1999/xhtml\"><p class=\"res-header-id\"><b>Generated Narrative: ValueSet bc-identifier-status-value-set</b></p><a name=\"bc-identifier-status-value-set\"> </a><a name=\"hcbc-identifier-status-value-set\"> </a><a name=\"bc-identifier-status-value-set-en-US\"> </a><ul><li>Include all codes defined in <a href=\"CodeSystem-bc-identifier-status-code-system.html\"><code>https://terminology.hlth.gov.bc.ca/ClientRegistry/CodeSystem/bc-identifier-status-code-system</code></a></li></ul></div>"},"url":"https://terminology.hlth.gov.bc.ca/ClientRegistry/ValueSet/bc-identifier-status-value-set","version":"1.0.0","name":"IdentifierStatusVS","title":"BC Identifier Status Value Set","status":"active","experimental":false,"date":"2024-09-27T22:56:13+00:00","publisher":"BC Ministry of Health","contact":[{"name":"BC Ministry of Health","telecom":[{"system":"url","value":"https://www2.gov.bc.ca/gov/content/governments/organizational-structure/ministries-organizations/ministries/health"}]}],"description":"BC Identifier Status value set used to describe the status of an identifier.","jurisdiction":[{"coding":[{"system":"urn:iso:std:iso:3166","code":"CA","display":"Canada"}]}],"compose":{"include":[{"system":"https://terminology.hlth.gov.bc.ca/ClientRegistry/CodeSystem/bc-identifier-status-code-system"}]}}