{
  "resourceType" : "CapabilityStatement",
  "id" : "bc-hcim-capability-statement-client",
  "text" : {
    "status" : "extensions",
    "div" : "<div xmlns=\"http://www.w3.org/1999/xhtml\"><p class=\"res-header-id\"><b>Generated Narrative: CapabilityStatement bc-hcim-capability-statement-client</b></p><a name=\"bc-hcim-capability-statement-client\"> </a><a name=\"hcbc-hcim-capability-statement-client\"> </a><a name=\"bc-hcim-capability-statement-client-en-US\"> </a><h2 id=\"title\">BC HCIM Client Capability Statement</h2><ul><li>Implementation Guide Version: 1.0.0 </li><li>FHIR Version: 4.0.1 </li><li>Supported Formats: <code>json</code></li><li>Supported Patch Formats: </li><li>Published on: 2021-11-18 </li><li>Published by: BC Ministry of Health </li></ul><blockquote class=\"impl-note\"><p><strong>Note to Implementers: FHIR Capabilities</strong></p><p>Any FHIR capability may be 'allowed' by the system unless explicitly marked as 'SHALL NOT'. A few items are marked as MAY in the Implementation Guide to highlight their potential relevance to the use case.</p></blockquote><h2 id=\"rest\">FHIR RESTful Capabilities</h2><div class=\"panel panel-default\"><div class=\"panel-heading\"><h3 id=\"mode1\" class=\"panel-title\">Mode: <code>client</code></h3></div><div class=\"panel-body\"><div class=\"lead\"><em>Summary of System-wide Interactions</em></div></div></div></div>"
  },
  "url" : "http://hlth.gov.bc.ca/fhir/client/CapabilityStatement/bc-hcim-capability-statement-client",
  "version" : "1.0.0",
  "name" : "HCIMClientCapabilityStatement",
  "title" : "BC HCIM Client Capability Statement",
  "status" : "draft",
  "date" : "2021-11-18",
  "publisher" : "BC Ministry of Health",
  "contact" : [{
    "name" : "BC Ministry of Health",
    "telecom" : [{
      "system" : "url",
      "value" : "https://www2.gov.bc.ca/gov/content/governments/organizational-structure/ministries-organizations/ministries/health"
    }]
  }],
  "description" : "This capability statement describes the use cases that are supported by the BC FHIR implementation of the Client Registry when it is acting as a client. I.e. sending notifications - FUTURE work.",
  "jurisdiction" : [{
    "coding" : [{
      "system" : "urn:iso:std:iso:3166",
      "code" : "CA",
      "display" : "Canada"
    }]
  }],
  "kind" : "capability",
  "software" : {
    "name" : "BC HCIM FHIR Implementation"
  },
  "fhirVersion" : "4.0.1",
  "format" : ["json"],
  "rest" : [{
    "mode" : "client"
  }]
}