<?xml version="1.0" encoding="UTF-8"?>

<Bundle xmlns="http://hl7.org/fhir">
  <id value="b58c1c16-f02b-4875-8315-e73f00da6764"/>
  <meta>
    <lastUpdated value="2022-01-13T21:55:58.375+00:00"/>
  </meta>
  <type value="collection"/>
  <entry>
    <fullUrl value="http://hlth.gov.bc.ca/fhir/client/ValueSet/bc-address-type-value-set"/>
    <resource>
      <ValueSet>
        <id value="bc-address-type-value-set"/>
        <text>
          <status value="generated"/>
          <div xmlns="http://www.w3.org/1999/xhtml">
            <p>This value set contains 2 concepts</p>
            <div style="border: black 1px dotted; background-color: #EEEEEE; padding: 8px; margin-bottom: 8px">
              <p>Expansion based on: </p>
              <ul>
                <li>
                  <a href="http://hl7.org/fhir/R4/codesystem-address-type.html">AddressType v4.0.1 (CodeSystem)</a>
                </li>
                <li>
                  <a href="http://hl7.org/fhir/R4/valueset-address-type.html">AddressType v4.0.1 (ValueSet)</a>
                </li>
              </ul>
            </div>
            <p>All codes in this table are from the system 
              <a href="http://hl7.org/fhir/R4/codesystem-address-type.html">
                <code>http://hl7.org/fhir/address-type</code>
              </a>
            </p>
            <table class="codes">
              <tr>
                <td style="white-space:nowrap">
                  <b>Code</b>
                </td>
                <td>
                  <b>Display</b>
                </td>
                <td>
                  <b>Definition</b>
                </td>
              </tr>
              <tr>
                <td style="white-space:nowrap">
                  <a name="http---hl7.org-fhir-address-type-postal"> </a>
                  <a href="http://hl7.org/fhir/R4/codesystem-address-type.html#address-type-postal">postal</a>
                </td>
                <td>Postal</td>
                <td>Mailing addresses - PO Boxes and care-of addresses.</td>
              </tr>
              <tr>
                <td style="white-space:nowrap">
                  <a name="http---hl7.org-fhir-address-type-physical"> </a>
                  <a href="http://hl7.org/fhir/R4/codesystem-address-type.html#address-type-physical">physical</a>
                </td>
                <td>Physical</td>
                <td>A physical address that can be visited.</td>
              </tr>
            </table>
          </div>
        </text>
        <url value="http://hlth.gov.bc.ca/fhir/client/ValueSet/bc-address-type-value-set"/>
        <version value="0.1.0"/>
        <name value="BCAddressTypeVS"/>
        <title value="BC Address Type Value Set"/>
        <status value="active"/>
        <date value="2022-01-13T21:55:58+00:00"/>
        <publisher value="BC Ministry of Health"/>
        <contact>
          <name value="BC Ministry of Health"/>
          <telecom>
            <system value="url"/>
            <value value="https://www2.gov.bc.ca/gov/content/governments/organizational-structure/ministries-organizations/ministries/health"/>
          </telecom>
        </contact>
        <description value="BC Address Type value set, sliced to meet BC constraints."/>
        <jurisdiction>
          <coding>
            <system value="urn:iso:std:iso:3166"/>
            <code value="CA"/>
            <display value="Canada"/>
          </coding>
        </jurisdiction>
        <expansion>
          <identifier value="urn:uuid:1745a8d1-b918-441e-9796-494ee0f74b83"/>
          <timestamp value="2022-01-13T21:56:30+00:00"/>
          <total value="2"/>
          <parameter>
            <name value="excludeNested"/>
            <valueBoolean value="false"/>
          </parameter>
          <parameter>
            <name value="version"/>
            <valueUri value="http://hl7.org/fhir/ValueSet/address-type|4.0.1"/>
          </parameter>
          <parameter>
            <name value="version"/>
            <valueUri value="http://hl7.org/fhir/address-type|4.0.1"/>
          </parameter>
          <contains>
            <system value="http://hl7.org/fhir/address-type"/>
            <abstract value="false"/>
            <inactive value="false"/>
            <code value="postal"/>
            <display value="Postal"/>
          </contains>
          <contains>
            <system value="http://hl7.org/fhir/address-type"/>
            <abstract value="false"/>
            <inactive value="false"/>
            <code value="physical"/>
            <display value="Physical"/>
          </contains>
        </expansion>
      </ValueSet>
    </resource>
  </entry>
  <entry>
    <fullUrl value="http://hlth.gov.bc.ca/fhir/client/ValueSet/bc-address-validation-value-set"/>
    <resource>
      <ValueSet>
        <id value="bc-address-validation-value-set"/>
        <text>
          <status value="generated"/>
          <div xmlns="http://www.w3.org/1999/xhtml">
            <p>This value set contains 3 concepts</p>
            <p style="border: black 1px dotted; background-color: #EEEEEE; padding: 8px; margin-bottom: 8px">Expansion based on 
              <a href="CodeSystem-bc-client-registry-address-validation-code-system.html">BC Client Registry Address Validation Status Code v0.1.0 (CodeSystem)</a>
            </p>
            <p>All codes in this table are from the system 
              <a href="CodeSystem-bc-client-registry-address-validation-code-system.html">
                <code>http://hlth.gov.bc.ca/fhir/client/CodeSystem/bc-client-registry-address-validation-code-system</code>
              </a>
            </p>
            <table class="codes">
              <tr>
                <td style="white-space:nowrap">
                  <b>Code</b>
                </td>
                <td>
                  <b>Display</b>
                </td>
                <td>
                  <b>Definition</b>
                </td>
              </tr>
              <tr>
                <td style="white-space:nowrap">
                  <a name="http---hlth.gov.bc.ca-fhir-client-CodeSystem-bc-client-registry-address-validation-code-system-valid"> </a>
                  <a href="CodeSystem-bc-client-registry-address-validation-code-system.html#bc-client-registry-address-validation-code-system-valid">valid</a>
                </td>
                <td>valid</td>
                <td>The address is valid, i.e. there is a reasonable good chance this address is known to Canada Post.</td>
              </tr>
              <tr>
                <td style="white-space:nowrap">
                  <a name="http---hlth.gov.bc.ca-fhir-client-CodeSystem-bc-client-registry-address-validation-code-system-invalid"> </a>
                  <a href="CodeSystem-bc-client-registry-address-validation-code-system.html#bc-client-registry-address-validation-code-system-invalid">invalid</a>
                </td>
                <td>invalid</td>
                <td>The address validation status is invalid and like not recognized by Canada Post.</td>
              </tr>
              <tr>
                <td style="white-space:nowrap">
                  <a name="http---hlth.gov.bc.ca-fhir-client-CodeSystem-bc-client-registry-address-validation-code-system-unknown"> </a>
                  <a href="CodeSystem-bc-client-registry-address-validation-code-system.html#bc-client-registry-address-validation-code-system-unknown">unknown</a>
                </td>
                <td>unknown</td>
                <td>The address validation status is unknown.</td>
              </tr>
            </table>
          </div>
        </text>
        <url value="http://hlth.gov.bc.ca/fhir/client/ValueSet/bc-address-validation-value-set"/>
        <version value="0.1.0"/>
        <name value="BCAddressValidationVS"/>
        <title value="BC Address Validation Value Set"/>
        <status value="active"/>
        <date value="2022-01-13T21:55:58+00:00"/>
        <publisher value="BC Ministry of Health"/>
        <contact>
          <name value="BC Ministry of Health"/>
          <telecom>
            <system value="url"/>
            <value value="https://www2.gov.bc.ca/gov/content/governments/organizational-structure/ministries-organizations/ministries/health"/>
          </telecom>
        </contact>
        <description value="BC Address Validation value set used to describe the validation status of an address"/>
        <jurisdiction>
          <coding>
            <system value="urn:iso:std:iso:3166"/>
            <code value="CA"/>
            <display value="Canada"/>
          </coding>
        </jurisdiction>
        <expansion>
          <identifier value="urn:uuid:9f48efeb-584f-4811-8c5d-8d4d9a5dfe14"/>
          <timestamp value="2022-01-13T21:56:30+00:00"/>
          <total value="3"/>
          <parameter>
            <name value="excludeNested"/>
            <valueBoolean value="false"/>
          </parameter>
          <parameter>
            <name value="version"/>
            <valueUri value="http://hlth.gov.bc.ca/fhir/client/CodeSystem/bc-client-registry-address-validation-code-system|0.1.0"/>
          </parameter>
          <contains>
            <system value="http://hlth.gov.bc.ca/fhir/client/CodeSystem/bc-client-registry-address-validation-code-system"/>
            <code value="valid"/>
            <display value="valid"/>
          </contains>
          <contains>
            <system value="http://hlth.gov.bc.ca/fhir/client/CodeSystem/bc-client-registry-address-validation-code-system"/>
            <code value="invalid"/>
            <display value="invalid"/>
          </contains>
          <contains>
            <system value="http://hlth.gov.bc.ca/fhir/client/CodeSystem/bc-client-registry-address-validation-code-system"/>
            <code value="unknown"/>
            <display value="unknown"/>
          </contains>
        </expansion>
      </ValueSet>
    </resource>
  </entry>
  <entry>
    <fullUrl value="http://hlth.gov.bc.ca/fhir/client/ValueSet/bc-contact-point-system-value-set"/>
    <resource>
      <ValueSet>
        <id value="bc-contact-point-system-value-set"/>
        <text>
          <status value="generated"/>
          <div xmlns="http://www.w3.org/1999/xhtml">
            <p>This value set contains 2 concepts</p>
            <div style="border: black 1px dotted; background-color: #EEEEEE; padding: 8px; margin-bottom: 8px">
              <p>Expansion based on: </p>
              <ul>
                <li>
                  <a href="http://hl7.org/fhir/R4/valueset-contact-point-system.html">ContactPointSystem v4.0.1 (ValueSet)</a>
                </li>
                <li>
                  <a href="http://hl7.org/fhir/R4/codesystem-contact-point-system.html">ContactPointSystem v4.0.1 (CodeSystem)</a>
                </li>
              </ul>
            </div>
            <p>All codes in this table are from the system 
              <a href="http://hl7.org/fhir/R4/codesystem-contact-point-system.html">
                <code>http://hl7.org/fhir/contact-point-system</code>
              </a>
            </p>
            <table class="codes">
              <tr>
                <td style="white-space:nowrap">
                  <b>Code</b>
                </td>
                <td>
                  <b>Display</b>
                </td>
                <td>
                  <b>Definition</b>
                </td>
              </tr>
              <tr>
                <td style="white-space:nowrap">
                  <a name="http---hl7.org-fhir-contact-point-system-phone"> </a>
                  <a href="http://hl7.org/fhir/R4/codesystem-contact-point-system.html#contact-point-system-phone">phone</a>
                </td>
                <td>Phone</td>
                <td>The value is a telephone number used for voice calls. Use of full international numbers starting with + is recommended to enable automatic dialing support but not required.</td>
              </tr>
              <tr>
                <td style="white-space:nowrap">
                  <a name="http---hl7.org-fhir-contact-point-system-email"> </a>
                  <a href="http://hl7.org/fhir/R4/codesystem-contact-point-system.html#contact-point-system-email">email</a>
                </td>
                <td>Email</td>
                <td>The value is an email address.</td>
              </tr>
            </table>
          </div>
        </text>
        <url value="http://hlth.gov.bc.ca/fhir/client/ValueSet/bc-contact-point-system-value-set"/>
        <version value="0.1.0"/>
        <name value="BCContactPointSystemVS"/>
        <title value="BC Contact Point System Value Set"/>
        <status value="active"/>
        <date value="2022-01-13T21:55:58+00:00"/>
        <publisher value="BC Ministry of Health"/>
        <contact>
          <name value="BC Ministry of Health"/>
          <telecom>
            <system value="url"/>
            <value value="https://www2.gov.bc.ca/gov/content/governments/organizational-structure/ministries-organizations/ministries/health"/>
          </telecom>
        </contact>
        <description value="BC Contact Point System value set, sliced to meet BC constraints."/>
        <jurisdiction>
          <coding>
            <system value="urn:iso:std:iso:3166"/>
            <code value="CA"/>
            <display value="Canada"/>
          </coding>
        </jurisdiction>
        <expansion>
          <identifier value="urn:uuid:636e49e1-fb4c-4868-b223-08a0212c5ab5"/>
          <timestamp value="2022-01-13T21:56:30+00:00"/>
          <total value="2"/>
          <parameter>
            <name value="excludeNested"/>
            <valueBoolean value="false"/>
          </parameter>
          <parameter>
            <name value="version"/>
            <valueUri value="http://hl7.org/fhir/ValueSet/contact-point-system|4.0.1"/>
          </parameter>
          <parameter>
            <name value="version"/>
            <valueUri value="http://hl7.org/fhir/contact-point-system|4.0.1"/>
          </parameter>
          <contains>
            <system value="http://hl7.org/fhir/contact-point-system"/>
            <abstract value="false"/>
            <inactive value="false"/>
            <code value="phone"/>
            <display value="Phone"/>
          </contains>
          <contains>
            <system value="http://hl7.org/fhir/contact-point-system"/>
            <abstract value="false"/>
            <inactive value="false"/>
            <code value="email"/>
            <display value="Email"/>
          </contains>
        </expansion>
      </ValueSet>
    </resource>
  </entry>
  <entry>
    <fullUrl value="http://hlth.gov.bc.ca/fhir/client/ValueSet/bc-contact-point-use-value-set"/>
    <resource>
      <ValueSet>
        <id value="bc-contact-point-use-value-set"/>
        <text>
          <status value="generated"/>
          <div xmlns="http://www.w3.org/1999/xhtml">
            <p>This value set contains 3 concepts</p>
            <div style="border: black 1px dotted; background-color: #EEEEEE; padding: 8px; margin-bottom: 8px">
              <p>Expansion based on: </p>
              <ul>
                <li>
                  <a href="http://hl7.org/fhir/R4/codesystem-contact-point-use.html">ContactPointUse v4.0.1 (CodeSystem)</a>
                </li>
                <li>
                  <a href="http://hl7.org/fhir/R4/valueset-contact-point-use.html">ContactPointUse v4.0.1 (ValueSet)</a>
                </li>
              </ul>
            </div>
            <p>All codes in this table are from the system 
              <a href="http://hl7.org/fhir/R4/codesystem-contact-point-use.html">
                <code>http://hl7.org/fhir/contact-point-use</code>
              </a>
            </p>
            <table class="codes">
              <tr>
                <td style="white-space:nowrap">
                  <b>Code</b>
                </td>
                <td>
                  <b>Display</b>
                </td>
                <td>
                  <b>Definition</b>
                </td>
              </tr>
              <tr>
                <td style="white-space:nowrap">
                  <a name="http---hl7.org-fhir-contact-point-use-home"> </a>
                  <a href="http://hl7.org/fhir/R4/codesystem-contact-point-use.html#contact-point-use-home">home</a>
                </td>
                <td>Home</td>
                <td>A communication contact point at a home; attempted contacts for business purposes might intrude privacy and chances are one will contact family or other household members instead of the person one wishes to call. Typically used with urgent cases, or if no other contacts are available.</td>
              </tr>
              <tr>
                <td style="white-space:nowrap">
                  <a name="http---hl7.org-fhir-contact-point-use-work"> </a>
                  <a href="http://hl7.org/fhir/R4/codesystem-contact-point-use.html#contact-point-use-work">work</a>
                </td>
                <td>Work</td>
                <td>An office contact point. First choice for business related contacts during business hours.</td>
              </tr>
              <tr>
                <td style="white-space:nowrap">
                  <a name="http---hl7.org-fhir-contact-point-use-mobile"> </a>
                  <a href="http://hl7.org/fhir/R4/codesystem-contact-point-use.html#contact-point-use-mobile">mobile</a>
                </td>
                <td>Mobile</td>
                <td>A telecommunication device that moves and stays with its owner. May have characteristics of all other use codes, suitable for urgent matters, not the first choice for routine business.</td>
              </tr>
            </table>
          </div>
        </text>
        <url value="http://hlth.gov.bc.ca/fhir/client/ValueSet/bc-contact-point-use-value-set"/>
        <version value="0.1.0"/>
        <name value="BCContactPointUseVS"/>
        <title value="BC Contact Point Use Value Set"/>
        <status value="active"/>
        <date value="2022-01-13T21:55:58+00:00"/>
        <publisher value="BC Ministry of Health"/>
        <contact>
          <name value="BC Ministry of Health"/>
          <telecom>
            <system value="url"/>
            <value value="https://www2.gov.bc.ca/gov/content/governments/organizational-structure/ministries-organizations/ministries/health"/>
          </telecom>
        </contact>
        <description value="BC Contact Point Use value set, sliced to meet BC constraints."/>
        <jurisdiction>
          <coding>
            <system value="urn:iso:std:iso:3166"/>
            <code value="CA"/>
            <display value="Canada"/>
          </coding>
        </jurisdiction>
        <expansion>
          <identifier value="urn:uuid:56ffa0a6-d0d8-4a3d-ab3b-ea0a80aab810"/>
          <timestamp value="2022-01-13T21:56:30+00:00"/>
          <total value="3"/>
          <parameter>
            <name value="excludeNested"/>
            <valueBoolean value="false"/>
          </parameter>
          <parameter>
            <name value="version"/>
            <valueUri value="http://hl7.org/fhir/ValueSet/contact-point-use|4.0.1"/>
          </parameter>
          <parameter>
            <name value="version"/>
            <valueUri value="http://hl7.org/fhir/contact-point-use|4.0.1"/>
          </parameter>
          <contains>
            <system value="http://hl7.org/fhir/contact-point-use"/>
            <abstract value="false"/>
            <inactive value="false"/>
            <code value="home"/>
            <display value="Home"/>
          </contains>
          <contains>
            <system value="http://hl7.org/fhir/contact-point-use"/>
            <abstract value="false"/>
            <inactive value="false"/>
            <code value="work"/>
            <display value="Work"/>
          </contains>
          <contains>
            <system value="http://hl7.org/fhir/contact-point-use"/>
            <abstract value="false"/>
            <inactive value="false"/>
            <code value="mobile"/>
            <display value="Mobile"/>
          </contains>
        </expansion>
      </ValueSet>
    </resource>
  </entry>
  <entry>
    <fullUrl value="http://hlth.gov.bc.ca/fhir/client/ValueSet/bc-merge-status-value-set"/>
    <resource>
      <ValueSet>
        <id value="bc-merge-status-value-set"/>
        <text>
          <status value="generated"/>
          <div xmlns="http://www.w3.org/1999/xhtml">
            <p>This value set contains 2 concepts</p>
            <p style="border: black 1px dotted; background-color: #EEEEEE; padding: 8px; margin-bottom: 8px">Expansion based on 
              <a href="CodeSystem-bc-client-registry-merge-status-code-system.html">BC Client Registry merge status. v0.1.0 (CodeSystem)</a>
            </p>
            <p>All codes in this table are from the system 
              <a href="CodeSystem-bc-client-registry-merge-status-code-system.html">
                <code>http://hlth.gov.bc.ca/fhir/client/CodeSystem/bc-client-registry-merge-status-code-system</code>
              </a>
            </p>
            <table class="codes">
              <tr>
                <td style="white-space:nowrap">
                  <b>Code</b>
                </td>
                <td>
                  <b>Display</b>
                </td>
                <td>
                  <b>Definition</b>
                </td>
              </tr>
              <tr>
                <td style="white-space:nowrap">
                  <a name="http---hlth.gov.bc.ca-fhir-client-CodeSystem-bc-client-registry-merge-status-code-system-obsolete"> </a>
                  <a href="CodeSystem-bc-client-registry-merge-status-code-system.html#bc-client-registry-merge-status-code-system-obsolete">obsolete</a>
                </td>
                <td>obsolete</td>
                <td>The merge obsoletes this Patient.</td>
              </tr>
              <tr>
                <td style="white-space:nowrap">
                  <a name="http---hlth.gov.bc.ca-fhir-client-CodeSystem-bc-client-registry-merge-status-code-system-cancelled"> </a>
                  <a href="CodeSystem-bc-client-registry-merge-status-code-system.html#bc-client-registry-merge-status-code-system-cancelled">cancelled</a>
                </td>
                <td>cancelled</td>
                <td>The merge cancels this Patient.</td>
              </tr>
            </table>
          </div>
        </text>
        <url value="http://hlth.gov.bc.ca/fhir/client/ValueSet/bc-merge-status-value-set"/>
        <version value="0.1.0"/>
        <name value="BCMergeStatusVS"/>
        <title value="BC Merge Status Value Set"/>
        <status value="active"/>
        <date value="2022-01-13T21:55:58+00:00"/>
        <publisher value="BC Ministry of Health"/>
        <contact>
          <name value="BC Ministry of Health"/>
          <telecom>
            <system value="url"/>
            <value value="https://www2.gov.bc.ca/gov/content/governments/organizational-structure/ministries-organizations/ministries/health"/>
          </telecom>
        </contact>
        <description value="BC Merge Status value set used to describe the merge status of a Patient."/>
        <jurisdiction>
          <coding>
            <system value="urn:iso:std:iso:3166"/>
            <code value="CA"/>
            <display value="Canada"/>
          </coding>
        </jurisdiction>
        <expansion>
          <identifier value="urn:uuid:5aa2ec00-c09d-4643-a793-9c4ed402ae89"/>
          <timestamp value="2022-01-13T21:56:30+00:00"/>
          <total value="2"/>
          <parameter>
            <name value="excludeNested"/>
            <valueBoolean value="false"/>
          </parameter>
          <parameter>
            <name value="version"/>
            <valueUri value="http://hlth.gov.bc.ca/fhir/client/CodeSystem/bc-client-registry-merge-status-code-system|0.1.0"/>
          </parameter>
          <contains>
            <system value="http://hlth.gov.bc.ca/fhir/client/CodeSystem/bc-client-registry-merge-status-code-system"/>
            <code value="obsolete"/>
            <display value="obsolete"/>
          </contains>
          <contains>
            <system value="http://hlth.gov.bc.ca/fhir/client/CodeSystem/bc-client-registry-merge-status-code-system"/>
            <code value="cancelled"/>
            <display value="cancelled"/>
          </contains>
        </expansion>
      </ValueSet>
    </resource>
  </entry>
  <entry>
    <fullUrl value="http://hlth.gov.bc.ca/fhir/client/ValueSet/bc-name-use-value-set"/>
    <resource>
      <ValueSet>
        <id value="bc-name-use-value-set"/>
        <text>
          <status value="generated"/>
          <div xmlns="http://www.w3.org/1999/xhtml">
            <p>This value set contains 3 concepts</p>
            <div style="border: black 1px dotted; background-color: #EEEEEE; padding: 8px; margin-bottom: 8px">
              <p>Expansion based on: </p>
              <ul>
                <li>
                  <a href="http://hl7.org/fhir/R4/codesystem-name-use.html">NameUse v4.0.1 (CodeSystem)</a>
                </li>
                <li>
                  <a href="http://hl7.org/fhir/R4/valueset-name-use.html">NameUse v4.0.1 (ValueSet)</a>
                </li>
              </ul>
            </div>
            <p>All codes in this table are from the system 
              <a href="http://hl7.org/fhir/R4/codesystem-name-use.html">
                <code>http://hl7.org/fhir/name-use</code>
              </a>
            </p>
            <table class="codes">
              <tr>
                <td style="white-space:nowrap">
                  <b>Code</b>
                </td>
                <td>
                  <b>Display</b>
                </td>
                <td>
                  <b>Definition</b>
                </td>
              </tr>
              <tr>
                <td style="white-space:nowrap">
                  <a name="http---hl7.org-fhir-name-use-usual"> </a>
                  <a href="http://hl7.org/fhir/R4/codesystem-name-use.html#name-use-usual">usual</a>
                </td>
                <td>Usual</td>
                <td>Known as/conventional/the one you normally use.</td>
              </tr>
              <tr>
                <td style="white-space:nowrap">
                  <a name="http---hl7.org-fhir-name-use-official"> </a>
                  <a href="http://hl7.org/fhir/R4/codesystem-name-use.html#name-use-official">official</a>
                </td>
                <td>Official</td>
                <td>The formal name as registered in an official (government) registry, but which name might not be commonly used. May be called &quot;legal name&quot;.</td>
              </tr>
              <tr>
                <td style="white-space:nowrap">
                  <a name="http---hl7.org-fhir-name-use-nickname"> </a>
                  <a href="http://hl7.org/fhir/R4/codesystem-name-use.html#name-use-nickname">nickname</a>
                </td>
                <td>Nickname</td>
                <td>A name that is used to address the person in an informal manner, but is not part of their formal or usual name.</td>
              </tr>
            </table>
          </div>
        </text>
        <url value="http://hlth.gov.bc.ca/fhir/client/ValueSet/bc-name-use-value-set"/>
        <version value="0.1.0"/>
        <name value="BCNameUseVS"/>
        <title value="BC Name Use value set."/>
        <status value="active"/>
        <date value="2022-01-13T21:55:58+00:00"/>
        <publisher value="BC Ministry of Health"/>
        <contact>
          <name value="BC Ministry of Health"/>
          <telecom>
            <system value="url"/>
            <value value="https://www2.gov.bc.ca/gov/content/governments/organizational-structure/ministries-organizations/ministries/health"/>
          </telecom>
        </contact>
        <description value="BC Name Use value set, sliced to meet BC constraints."/>
        <jurisdiction>
          <coding>
            <system value="urn:iso:std:iso:3166"/>
            <code value="CA"/>
            <display value="Canada"/>
          </coding>
        </jurisdiction>
        <expansion>
          <identifier value="urn:uuid:84640aa2-f4ea-458e-83a2-5d2697da2049"/>
          <timestamp value="2022-01-13T21:56:30+00:00"/>
          <total value="3"/>
          <parameter>
            <name value="excludeNested"/>
            <valueBoolean value="false"/>
          </parameter>
          <parameter>
            <name value="version"/>
            <valueUri value="http://hl7.org/fhir/ValueSet/name-use|4.0.1"/>
          </parameter>
          <parameter>
            <name value="version"/>
            <valueUri value="http://hl7.org/fhir/name-use|4.0.1"/>
          </parameter>
          <contains>
            <system value="http://hl7.org/fhir/name-use"/>
            <abstract value="false"/>
            <inactive value="false"/>
            <code value="usual"/>
            <display value="Usual"/>
          </contains>
          <contains>
            <system value="http://hl7.org/fhir/name-use"/>
            <abstract value="false"/>
            <inactive value="false"/>
            <code value="official"/>
            <display value="Official"/>
          </contains>
          <contains>
            <system value="http://hl7.org/fhir/name-use"/>
            <abstract value="false"/>
            <inactive value="false"/>
            <code value="nickname"/>
            <display value="Nickname"/>
          </contains>
        </expansion>
      </ValueSet>
    </resource>
  </entry>
</Bundle>