<?xml version="1.0" encoding="UTF-8"?>

<Bundle xmlns="http://hl7.org/fhir">
  <id value="59896fe6-a99c-4705-9e4b-d42a13fcf066"/>
  <meta>
    <lastUpdated value="2021-10-20T05:17:43.395+00:00"/>
  </meta>
  <type value="collection"/>
  <entry>
    <fullUrl value="http://moh.fhir.org/moh-hcim/ValueSet/bc-address-validation-value-set"/>
    <resource>
      <ValueSet>
        <id value="bc-address-validation-value-set"/>
        <text>
          <status value="generated"/>
          <div xmlns="http://www.w3.org/1999/xhtml">
            <p>This value set contains 3 concepts</p>
            <p style="border: black 1px dotted; background-color: #EEEEEE; padding: 8px; margin-bottom: 8px">Expansion based on 
              <a href="CodeSystem-bc-client-registry-address-validation-code-system.html">BC Client Registry address validation status code v0.1.0 (CodeSystem)</a>
            </p>
            <p>All codes in this table are from the system 
              <a href="CodeSystem-bc-client-registry-address-validation-code-system.html">
                <code>http://moh.fhir.org/moh-hcim/CodeSystem/bc-client-registry-address-validation-code-system</code>
              </a>
            </p>
            <table class="codes">
              <tr>
                <td style="white-space:nowrap">
                  <b>Code</b>
                </td>
                <td>
                  <b>Display</b>
                </td>
                <td>
                  <b>Definition</b>
                </td>
              </tr>
              <tr>
                <td style="white-space:nowrap">
                  <a name="http---moh.fhir.org-moh-hcim-CodeSystem-bc-client-registry-address-validation-code-system-valid"> </a>
                  <a href="CodeSystem-bc-client-registry-address-validation-code-system.html#bc-client-registry-address-validation-code-system-valid">valid</a>
                </td>
                <td>valid</td>
                <td>The address is valid, i.e. there is a reasonable good chance this address is known by Canada Post.</td>
              </tr>
              <tr>
                <td style="white-space:nowrap">
                  <a name="http---moh.fhir.org-moh-hcim-CodeSystem-bc-client-registry-address-validation-code-system-invalid"> </a>
                  <a href="CodeSystem-bc-client-registry-address-validation-code-system.html#bc-client-registry-address-validation-code-system-invalid">invalid</a>
                </td>
                <td>invalid</td>
                <td>The address validation status is invalid and like not recognized by Canada Post.</td>
              </tr>
              <tr>
                <td style="white-space:nowrap">
                  <a name="http---moh.fhir.org-moh-hcim-CodeSystem-bc-client-registry-address-validation-code-system-unknown"> </a>
                  <a href="CodeSystem-bc-client-registry-address-validation-code-system.html#bc-client-registry-address-validation-code-system-unknown">unknown</a>
                </td>
                <td>unknown</td>
                <td>The address validation status is unknown.</td>
              </tr>
            </table>
          </div>
        </text>
        <url value="http://moh.fhir.org/moh-hcim/ValueSet/bc-address-validation-value-set"/>
        <version value="0.1.0"/>
        <name value="BCAddressValidationVS"/>
        <title value="BC Address Validation value set"/>
        <status value="active"/>
        <date value="2021-10-20T05:17:43+00:00"/>
        <description value="BC Address Validation value set used to desribe the validation status of an address"/>
        <expansion>
          <identifier value="urn:uuid:653777ea-9fe4-45fc-acef-723237d27f3d"/>
          <timestamp value="2021-10-20T05:17:53+00:00"/>
          <total value="3"/>
          <parameter>
            <name value="excludeNested"/>
            <valueBoolean value="false"/>
          </parameter>
          <parameter>
            <name value="version"/>
            <valueUri value="http://moh.fhir.org/moh-hcim/CodeSystem/bc-client-registry-address-validation-code-system|0.1.0"/>
          </parameter>
          <contains>
            <system value="http://moh.fhir.org/moh-hcim/CodeSystem/bc-client-registry-address-validation-code-system"/>
            <code value="valid"/>
            <display value="valid"/>
          </contains>
          <contains>
            <system value="http://moh.fhir.org/moh-hcim/CodeSystem/bc-client-registry-address-validation-code-system"/>
            <code value="invalid"/>
            <display value="invalid"/>
          </contains>
          <contains>
            <system value="http://moh.fhir.org/moh-hcim/CodeSystem/bc-client-registry-address-validation-code-system"/>
            <code value="unknown"/>
            <display value="unknown"/>
          </contains>
        </expansion>
      </ValueSet>
    </resource>
  </entry>
</Bundle>