<?xml version="1.0" encoding="UTF-8"?>

<Bundle xmlns="http://hl7.org/fhir">
  <id value="Bundle-GetDemographicsWithEligibility-Response-Example"/>
  <meta>
    <profile value="http://hlth.gov.bc.ca/fhir/client/StructureDefinition/bc-search-response-bundle"/>
  </meta>
  <type value="searchset"/>
  <timestamp value="2011-09-07T12:18:23.000-07:00"/>
  <link>
    <relation value="self"/>
    <url value="http://your.search.url"/>
  </link>
  <entry>
    <fullUrl value="urn:uuid:61061501-9953-4fba-87fe-6ae30e79da33"/>
    <resource>
      <Parameters>
        <id value="Parameters-GetDemographicsWithEligibility-Response-Example"/>
        <meta>
          <profile value="http://hlth.gov.bc.ca/fhir/client/StructureDefinition/bc-metadata-parameters-out"/>
        </meta>
        <parameter>
          <name value="messageId"/>
          <valueString value="c087e71e-3e7e-4c22-a3ce-61523f600615"/>
        </parameter>
        <parameter>
          <name value="messageDateTime"/>
          <valueDateTime value="2015-02-07T13:29:17-08:00"/>
        </parameter>
        <parameter>
          <name value="sender"/>
          <valueIdentifier>
            <system value="http://hlth.gov.bc.ca/fhir/client/bc-org"/>
            <value value="MOH_CRS"/>
          </valueIdentifier>
        </parameter>
        <parameter>
          <name value="requestMessageId"/>
          <valueString value="98028b44-882a-4c72-8c92-b87d916147e1"/>
        </parameter>
      </Parameters>
    </resource>
    <search>
      <mode value="include"/>
    </search>
  </entry>
  <entry>
    <fullUrl value="urn:uuid:2d028b44-882a-4c72-8c92-b87d916147e1"/>
    <resource>
      <OperationOutcome>
        <id value="OperationOutcome-Search-Example"/>
        <text>
          <status value="generated"/><div xmlns="http://www.w3.org/1999/xhtml"><p><b>Generated Narrative: OperationOutcome</b><a name="OperationOutcome-Search-Example"> </a></p><div style="display: inline-block; background-color: #d9e0e7; padding: 6px; margin: 4px; border: 1px solid #8da1b4; border-radius: 5px; line-height: 60%"><p style="margin-bottom: 0px">Resource OperationOutcome "OperationOutcome-Search-Example" </p></div><h3>Issues</h3><table class="grid"><tr><td>-</td><td><b>Severity</b></td><td><b>Code</b></td><td><b>Details</b></td></tr><tr><td>*</td><td>warning</td><td>business-rule</td><td>Warning: The identifier you used in the query has been merged. The surviving identifier was returned. <span style="background: LightGoldenRodYellow; margin: 4px; border: 1px solid khaki"> (bc-oo-codes#BCHCIM.GD.0.0015)</span></td></tr></table></div>
        </text>
        <issue>
          <severity value="warning"/>
          <code value="business-rule"/>
          <details>
            <coding>
              <system value="http://hlth.gov.bc.ca/fhir/client/bc-oo-codes"/>
              <code value="BCHCIM.GD.0.0015"/>
            </coding>
            <text value="Warning: The identifier you used in the query has been merged. The surviving identifier was returned."/>
          </details>
        </issue>
      </OperationOutcome>
    </resource>
    <search>
      <mode value="outcome"/>
    </search>
  </entry>
  <entry>
    <fullUrl value="urn:uuid:4e795f80-6032-42e3-bbfd-24e27f0c3e7c"/>
    <resource>
      <Patient>
        <id value="Patient-GetDemographics-Example"/>
        <meta>
          <profile value="http://hlth.gov.bc.ca/fhir/client/StructureDefinition/bc-patient"/>
        </meta>
        <text>
          <status value="generated"/><div xmlns="http://www.w3.org/1999/xhtml"><p><b>Generated Narrative: Patient</b><a name="Patient-GetDemographics-Example"> </a></p><div style="display: inline-block; background-color: #d9e0e7; padding: 6px; margin: 4px; border: 1px solid #8da1b4; border-radius: 5px; line-height: 60%"><p style="margin-bottom: 0px">Resource Patient "Patient-GetDemographics-Example" </p><p style="margin-bottom: 0px">Profile: <a href="StructureDefinition-bc-patient.html">ClientRegistryPatient</a></p></div><p><b>identifier</b>: Jurisdictional health number: 9123456789 (OFFICIAL)</p><p><b>name</b>: Jane Doe </p><p><b>telecom</b>: ph: 2505554848(HOME)</p><p><b>gender</b>: female</p><p><b>birthDate</b>: 1972-10-16</p><p><b>address</b>: 721 FRONT ST VICTORIA BC V9A3Y3 CA </p></div>
        </text>
        <identifier>
          <use value="official"/>
          <type>
            <coding>
              <system value="http://terminology.hl7.org/CodeSystem/v2-0203"/>
              <code value="JHN"/>
            </coding>
          </type>
          <system value="http://hlth.gov.bc.ca/fhir/client/id-issuer/BC"/>
          <value value="9123456789"/>
          <period>
            <start value="2000-01-01T11:11:11+08:00"/>
          </period>
        </identifier>
        <name>
          <use value="usual"/>
          <family value="Doe"/>
          <given value="Jane"/>
        </name>
        <telecom>
          <system value="phone"/>
          <value value="2505554848"/>
          <use value="home"/>
          <period>
            <start value="2000-01-02T10:10:10-08:00"/>
          </period>
        </telecom>
        <gender value="female">
          <extension url="http://hlth.gov.bc.ca/fhir/client/StructureDefinition/bc-business-period-extension">
            <valuePeriod>
              <start value="2017-04-05T16:16:16-08:00"/>
            </valuePeriod>
          </extension>
          <extension url="http://hlth.gov.bc.ca/fhir/client/StructureDefinition/bc-gender-history-extension">
            <extension url="http://hlth.gov.bc.ca/fhir/client/StructureDefinition/bc-business-period-extension">
              <valuePeriod>
                <start value="2016-04-05"/>
                <end value="2017-04-05"/>
              </valuePeriod>
            </extension>
            <extension url="gender">
              <valueCode value="other"/>
            </extension>
          </extension>
          <extension url="http://hlth.gov.bc.ca/fhir/client/StructureDefinition/bc-gender-history-extension">
            <extension url="http://hlth.gov.bc.ca/fhir/client/StructureDefinition/bc-business-period-extension">
              <valuePeriod>
                <start value="2015-04-05"/>
                <end value="2016-04-05"/>
              </valuePeriod>
            </extension>
            <extension url="gender">
              <valueCode value="unknown"/>
            </extension>
          </extension>
        </gender>
        <birthDate value="1972-10-16">
          <extension url="http://hlth.gov.bc.ca/fhir/client/StructureDefinition/bc-business-period-extension">
            <valuePeriod>
              <start value="2018-03-17T03:29:17-08:00"/>
            </valuePeriod>
          </extension>
        </birthDate>
        <address>
          <type value="physical"/>
          <line value="721 FRONT ST"/>
          <city value="VICTORIA"/>
          <state value="BC"/>
          <postalCode value="V9A3Y3"/>
          <country value="CA"/>
        </address>
      </Patient>
    </resource>
    <search>
      <mode value="include"/>
    </search>
  </entry>
  <entry>
    <fullUrl value="urn:uuid:0e65065f-76a8-4578-a286-eb9c1ac3dbbc"/>
    <resource>
      <Coverage>
        <id value="Coverage-Active-Example"/>
        <text>
          <status value="generated"/><div xmlns="http://www.w3.org/1999/xhtml"><p><b>Generated Narrative: Coverage</b><a name="Coverage-Active-Example"> </a></p><div style="display: inline-block; background-color: #d9e0e7; padding: 6px; margin: 4px; border: 1px solid #8da1b4; border-radius: 5px; line-height: 60%"><p style="margin-bottom: 0px">Resource Coverage "Coverage-Active-Example" </p></div><p><b>status</b>: active</p><p><b>type</b>: mandatory health program <span style="background: LightGoldenRodYellow; margin: 4px; border: 1px solid khaki"> (<a href="http://terminology.hl7.org/4.0.0/CodeSystem-v3-ActCode.html">ActCode</a>#MANDPOL)</span></p><p><b>beneficiary</b>: <a href="#Patient_Patient-GetDemographics-Example">See above (urn:uuid:4e795f80-6032-42e3-bbfd-24e27f0c3e7c)</a></p><p><b>period</b>: 2021-01-17 --&gt; (ongoing)</p><p><b>payor</b>: <span>: Health Insurance BC</span></p></div>
        </text>
        <status value="active"/>
        <type>
          <coding>
            <system value="http://terminology.hl7.org/CodeSystem/v3-ActCode"/>
            <code value="MANDPOL"/>
          </coding>
        </type>
        <beneficiary>
          <reference value="urn:uuid:4e795f80-6032-42e3-bbfd-24e27f0c3e7c"/>
        </beneficiary>
        <period>
          <start value="2021-01-17"/>
        </period>
        <payor>
          <display value="Health Insurance BC"/>
        </payor>
      </Coverage>
    </resource>
    <search>
      <mode value="include"/>
    </search>
  </entry>
</Bundle>