<?xml version="1.0" encoding="UTF-8"?>

<Bundle xmlns="http://hl7.org/fhir">
  <id value="Bundle-AddPatient-Response-Example"/>
  <meta>
    <profile value="http://hlth.gov.bc.ca/fhir/client/StructureDefinition/bc-add-response-bundle"/>
  </meta>
  <type value="collection"/>
  <timestamp value="2011-09-13T16:11:43.000-07:00"/>
  <link>
    <relation value="self"/>
    <url value="urn:uuid:98028b44-882a-4c72-8c92-b87d916147e1"/>
  </link>
  <entry>
    <fullUrl value="urn:uuid:61061501-9953-4fba-87fe-6ae30e79da33"/>
    <resource>
      <Parameters>
        <id value="Parameters-AddPatient-Response-Example"/>
        <meta>
          <profile value="http://hlth.gov.bc.ca/fhir/client/StructureDefinition/bc-metadata-parameters-out"/>
        </meta>
        <parameter>
          <name value="messageId"/>
          <valueString value="c087e71e-3e7e-4c22-a3ce-61523f600615"/>
        </parameter>
        <parameter>
          <name value="messageDateTime"/>
          <valueDateTime value="2015-02-07T13:29:17-08:00"/>
        </parameter>
        <parameter>
          <name value="sender"/>
          <valueIdentifier>
            <system value="http://hlth.gov.bc.ca/fhir/client/bc-org"/>
            <value value="MOH_CRS"/>
          </valueIdentifier>
        </parameter>
        <parameter>
          <name value="requestMessageId"/>
          <valueString value="98028b44-882a-4c72-8c92-b87d916147e1"/>
        </parameter>
        <parameter>
          <name value="requestParameters"/>
          <resource>
            <Parameters>
              <id value="Parameters-AddPatient-Example"/>
              <meta>
                <profile value="http://hlth.gov.bc.ca/fhir/client/StructureDefinition/bc-metadata-parameters-in"/>
              </meta>
              <parameter>
                <name value="messageId"/>
                <valueString value="98028b44-882a-4c72-8c92-b87d916147e1"/>
              </parameter>
              <parameter>
                <name value="messageDateTime"/>
                <valueDateTime value="2021-11-02T13:28:17-08:00"/>
              </parameter>
            </Parameters>
          </resource>
        </parameter>
      </Parameters>
    </resource>
  </entry>
  <entry>
    <fullUrl value="urn:uuid:2d028b44-882a-4c72-8c92-b87d916147e1"/>
    <resource>
      <OperationOutcome>
        <id value="OperationOutcome-Example"/>
        <text>
          <status value="generated"/><div xmlns="http://www.w3.org/1999/xhtml"><p><b>Generated Narrative: OperationOutcome</b><a name="OperationOutcome-Example"> </a></p><div style="display: inline-block; background-color: #d9e0e7; padding: 6px; margin: 4px; border: 1px solid #8da1b4; border-radius: 5px; line-height: 60%"><p style="margin-bottom: 0px">Resource OperationOutcome "OperationOutcome-Example" </p></div><blockquote><p><b>issue</b></p><p><b>severity</b>: warning</p><p><b>code</b>: business-rule</p><p><b>details</b>: Warning: The Revise Patient name has been modified to filter out invalid characters. <span style="background: LightGoldenRodYellow; margin: 4px; border: 1px solid khaki"> (bc-oo-codes#HCIM.RP.1.0017)</span></p></blockquote><blockquote><p><b>issue</b></p><p><b>severity</b>: error</p><p><b>code</b>: business-rule</p><p><b>details</b>: The HL7 message is invalid. Please correct the HL7 message, and resubmit it. (System.Exception: Results from Schematron validation: ... <span style="background: LightGoldenRodYellow; margin: 4px; border: 1px solid khaki"> (bc-oo-codes#HCIM.RP.1.0017)</span></p></blockquote></div>
        </text>
        <issue>
          <severity value="warning"/>
          <code value="business-rule"/>
          <details>
            <coding>
              <system value="http://hlth.gov.bc.ca/fhir/client/bc-oo-codes"/>
              <code value="HCIM.RP.1.0017"/>
            </coding>
            <text value="Warning: The Revise Patient name has been modified to filter out invalid characters."/>
          </details>
        </issue>
        <issue>
          <severity value="error"/>
          <code value="business-rule"/>
          <details>
            <coding>
              <system value="http://hlth.gov.bc.ca/fhir/client/bc-oo-codes"/>
              <code value="HCIM.RP.1.0017"/>
            </coding>
            <text value="The HL7 message is invalid. Please correct the HL7 message, and resubmit it. (System.Exception: Results from Schematron validation: ..."/>
          </details>
        </issue>
      </OperationOutcome>
    </resource>
  </entry>
  <entry>
    <fullUrl value="urn:uuid:c789da11-0e78-4eb5-a9b2-d31d8249fd50"/>
    <resource>
      <Patient>
        <id value="Patient-AddReviseOrMergePatient-Response-Example"/>
        <meta>
          <profile value="http://hlth.gov.bc.ca/fhir/client/StructureDefinition/bc-patient"/>
        </meta>
        <text>
          <status value="extensions"/><div xmlns="http://www.w3.org/1999/xhtml"><p><b>Generated Narrative: Patient</b><a name="Patient-AddReviseOrMergePatient-Response-Example"> </a></p><div style="display: inline-block; background-color: #d9e0e7; padding: 6px; margin: 4px; border: 1px solid #8da1b4; border-radius: 5px; line-height: 60%"><p style="margin-bottom: 0px">Resource Patient "Patient-AddReviseOrMergePatient-Response-Example" </p><p style="margin-bottom: 0px">Profile: <a href="StructureDefinition-bc-patient.html">ClientRegistryPatient</a></p></div><p><b>BC Business Dates</b>: 2019-02-07 01:29:17-0800 --&gt; (ongoing)</p><p><b>identifier</b>: Jurisdictional health number: ?ngen-9? (OFFICIAL), Account number: abc123345654 (OFFICIAL), Account number: def123345654 (SECONDARY), Jurisdictional health number: 9123345654 (OFFICIAL)</p><p><b>name</b>: John Johnny Doe , Nick (NICKNAME)</p><p><b>telecom</b>: ph: 2505554848(HOME)</p><p><b>gender</b>: male</p><p><b>birthDate</b>: 1940-06-06</p><p><b>address</b>: </p><ul><li>721 FRONT ST VICTORIA BC V9A3Y3 CA </li><li>721 FRONT AVE Victoria BC V9A3V3 CA </li></ul></div>
        </text>
        <extension url="http://hlth.gov.bc.ca/fhir/client/StructureDefinition/bc-business-period-extension">
          <valuePeriod>
            <start value="2019-02-07T13:29:17-08:00"/>
          </valuePeriod>
        </extension>
        <identifier>
          <use value="official"/>
          <type>
            <coding>
              <system value="http://terminology.hl7.org/CodeSystem/v2-0203"/>
              <code value="JHN"/>
            </coding>
          </type>
          <system value="http://hlth.gov.bc.ca/fhir/client/id-issuer/BC"/>
          <value>
            <extension url="http://hl7.org/fhir/StructureDefinition/data-absent-reason">
              <valueCode value="unknown"/>
            </extension>
          </value>
          <period>
            <start value="2000-01-01T11:11:11+08:00"/>
          </period>
        </identifier>
        <identifier>
          <extension url="http://hlth.gov.bc.ca/fhir/client/StructureDefinition/bc-identifier-status-extension">
            <valueCode value="active"/>
          </extension>
          <use value="official"/>
          <type>
            <coding>
              <system value="http://terminology.hl7.org/CodeSystem/v2-0203"/>
              <code value="AN"/>
            </coding>
          </type>
          <system value="http://hlth.gov.bc.ca/fhir/client/id-issuer/SrcCode"/>
          <value value="abc123345654"/>
          <period>
            <start value="2000-01-01T11:11:11+08:00"/>
          </period>
          <assigner>
            <display value="ORG_SRC e.g. VPP_CER, IHA_IHA"/>
          </assigner>
        </identifier>
        <identifier>
          <extension url="http://hlth.gov.bc.ca/fhir/client/StructureDefinition/bc-identifier-status-extension">
            <valueCode value="active"/>
          </extension>
          <use value="secondary"/>
          <type>
            <coding>
              <system value="http://terminology.hl7.org/CodeSystem/v2-0203"/>
              <code value="AN"/>
            </coding>
          </type>
          <system value="http://hlth.gov.bc.ca/fhir/client/id-issuer/SrcCode"/>
          <value value="def123345654"/>
          <period>
            <start value="2000-01-01T11:11:11+08:00"/>
          </period>
          <assigner>
            <display value="ORG_SUBSRC e.g. FHA_CAC or VPP_CW"/>
          </assigner>
        </identifier>
        <identifier>
          <extension url="http://hlth.gov.bc.ca/fhir/client/StructureDefinition/bc-identifier-status-extension">
            <valueCode value="active"/>
          </extension>
          <use value="official"/>
          <type>
            <coding>
              <system value="http://terminology.hl7.org/CodeSystem/v2-0203"/>
              <code value="JHN"/>
            </coding>
          </type>
          <system value="http://hlth.gov.bc.ca/fhir/client/id-issuer/QC"/>
          <value value="9123345654"/>
          <period>
            <start value="2000-01-01T11:11:11+08:00"/>
          </period>
        </identifier>
        <name>
          <use value="usual"/>
          <family value="Doe"/>
          <given value="John"/>
          <given value="Johnny"/>
          <period>
            <start value="2017-04-05"/>
          </period>
        </name>
        <name>
          <use value="nickname"/>
          <given value="Nick"/>
          <period>
            <start value="2018-05-06"/>
          </period>
        </name>
        <telecom>
          <system value="phone"/>
          <value value="2505554848"/>
          <use value="home"/>
          <period>
            <start value="2000-01-02T10:10:10-08:00"/>
          </period>
        </telecom>
        <gender value="male">
          <extension url="http://hlth.gov.bc.ca/fhir/client/StructureDefinition/bc-business-period-extension">
            <valuePeriod>
              <start value="2017-04-05T16:16:16-08:00"/>
            </valuePeriod>
          </extension>
        </gender>
        <birthDate value="1940-06-06">
          <extension url="http://hlth.gov.bc.ca/fhir/client/StructureDefinition/bc-business-period-extension">
            <valuePeriod>
              <start value="2020-10-17T03:29:17-08:00"/>
            </valuePeriod>
          </extension>
        </birthDate>
        <address>
          <extension url="http://hlth.gov.bc.ca/fhir/client/StructureDefinition/bc-validation-status-extension">
            <valueCode value="valid"/>
          </extension>
          <type value="physical"/>
          <line value="721 FRONT ST"/>
          <city value="VICTORIA"/>
          <state value="BC"/>
          <postalCode value="V9A3Y3"/>
          <country value="CA"/>
        </address>
        <address>
          <extension url="http://hlth.gov.bc.ca/fhir/client/StructureDefinition/bc-validation-status-extension">
            <valueCode value="invalid"/>
          </extension>
          <type value="postal"/>
          <line value="721 FRONT AVE"/>
          <city value="Victoria"/>
          <state value="BC"/>
          <postalCode value="V9A3V3"/>
          <country value="CA"/>
        </address>
      </Patient>
    </resource>
  </entry>
</Bundle>