<?xml version="1.0" encoding="UTF-8"?>

<CodeSystem xmlns="http://hl7.org/fhir">
  <id value="bc-operation-outcome-details-code-system"/>
  <text>
    <status value="generated"/><div xmlns="http://www.w3.org/1999/xhtml"><p>This code system http://hlth.gov.bc.ca/fhir/client/CodeSystem/bc-operation-outcome-details-code-system defines the following codes:</p><table class="codes"><tr><td style="white-space:nowrap"><b>Code</b></td></tr></table></div>
  </text>
  <url value="http://hlth.gov.bc.ca/fhir/client/CodeSystem/bc-operation-outcome-details-code-system"/>
  <version value="0.1.0"/>
  <name value="BCOperationOutcomeDetailsCS"/>
  <title value="BC Client Registry Operation Outcome details code system"/>
  <status value="active"/>
  <date value="2022-04-19T16:13:11+00:00"/>
  <publisher value="BC Ministry of Health"/>
  <contact>
    <name value="BC Ministry of Health"/>
    <telecom>
      <system value="url"/>
      <value value="https://www2.gov.bc.ca/gov/content/governments/organizational-structure/ministries-organizations/ministries/health"/>
    </telecom>
  </contact>
  <description value="BC Client Registry Operation Outcome details code system"/>
  <jurisdiction>
    <coding>
      <system value="urn:iso:std:iso:3166"/>
      <code value="CA"/>
      <display value="Canada"/>
    </coding>
  </jurisdiction>
  <caseSensitive value="true"/>
  <content value="complete"/>
</CodeSystem>