<?xml version="1.0" encoding="UTF-8"?>

<OperationDefinition xmlns="http://hl7.org/fhir">
  <id value="bc-patient-update"/>
  <text>
    <status value="extensions"/><div xmlns="http://www.w3.org/1999/xhtml"><h2>UpdatePatient</h2><p>OPERATION: UpdatePatient</p><p>The official URL for this operation definition is: </p><pre>http://hl7.org/fhir/ca-bc/client/OperationDefinition/bc-patient-update</pre><p>URL: [base]/Patient/$UpdatePatient</p><p>Input parameters Profile: <a href="StructureDefinition-bc-update-request-bundle.html">UpdateRequestBundle</a></p><p>Output parameters Profile: <a href="StructureDefinition-bc-revise-response-bundle.html">ReviseResponseBundle</a></p><p>Parameters</p><table class="grid"><tr><td><b>Use</b></td><td><b>Name</b></td><td><b>Cardinality</b></td><td><b>Type</b></td><td><b>Binding</b></td><td><b>Documentation</b></td></tr><tr><td>IN</td><td>UpdatePatientRequestBundle</td><td>1..1</td><td><a href="http://hl7.org/fhir/R4/bundle.html">Bundle</a></td><td/><td><div><p>Update request Bundle.</p>
</div></td></tr><tr><td>OUT</td><td>RevisePatientResponseBundle</td><td>1..1</td><td><a href="http://hl7.org/fhir/R4/bundle.html">Bundle</a></td><td/><td><div><p>Update response Bundle (which is the ReviseResponseBundle).</p>
</div></td></tr></table></div>
  </text>
  <url value="http://hl7.org/fhir/ca-bc/client/OperationDefinition/bc-patient-update"/>
  <version value="0.1.0"/>
  <name value="UpdatePatient"/>
  <title value="Update Patient"/>
  <status value="draft"/>
  <kind value="operation"/>
  <date value="2022-06-06T20:42:46+00:00"/>
  <publisher value="BC Ministry of Health"/>
  <contact>
    <name value="BC Ministry of Health"/>
    <telecom>
      <system value="url"/>
      <value value="https://www2.gov.bc.ca/gov/content/governments/organizational-structure/ministries-organizations/ministries/health"/>
    </telecom>
  </contact>
  <jurisdiction>
    <coding>
      <system value="urn:iso:std:iso:3166"/>
      <code value="CA"/>
      <display value="Canada"/>
    </coding>
  </jurisdiction>
  <code value="UpdatePatient"/>
  <resource value="Patient"/>
  <system value="false"/>
  <type value="true"/>
  <instance value="false"/>
  <inputProfile value="http://hlth.gov.bc.ca/fhir/client/StructureDefinition/bc-update-request-bundle"/>
  <outputProfile value="http://hlth.gov.bc.ca/fhir/client/StructureDefinition/bc-revise-response-bundle"/>
  <parameter>
    <name value="UpdatePatientRequestBundle"/>
    <use value="in"/>
    <min value="1"/>
    <max value="1"/>
    <documentation value="Update request Bundle."/>
    <type value="Bundle"/>
  </parameter>
  <parameter>
    <name value="RevisePatientResponseBundle"/>
    <use value="out"/>
    <min value="1"/>
    <max value="1"/>
    <documentation value="Update response Bundle (which is the ReviseResponseBundle)."/>
    <type value="Bundle"/>
  </parameter>
</OperationDefinition>