<?xml version="1.0" encoding="UTF-8"?>

<Parameters xmlns="http://hl7.org/fhir">
  <id value="RevisePatient-New"/>
  <meta>
    <profile value="http://moh.fhir/bc-clientregistry/StructureDefinition/bc-patient-business-parameters"/>
  </meta>
  <parameter>
    <name value="messageId"/>
    <valueString value="98028b44-882a-4c72-8c92-b87d916147e1"/>
  </parameter>
  <parameter>
    <name value="messageDateTime"/>
    <valueDateTime value="2021-11-02T13:28:17-08:00"/>
  </parameter>
  <parameter>
    <name value="sender"/>
    <valueIdentifier>
      <system value="http://hl7.org/fhir/bc-hcim/bc-org"/>
      <value value="PHARM"/>
    </valueIdentifier>
  </parameter>
  <parameter>
    <name value="patient"/>
    <resource>
      <Patient>
        <id value="PatientRP-New"/>
        <meta>
          <profile value="http://moh.fhir/bc-clientregistry/StructureDefinition/bc-patient"/>
        </meta>
        <extension url="http://moh.fhir/bc-clientregistry/StructureDefinition/bc-patient-business-dates-extension">
          <valuePeriod>
            <start value="2021-11-02T22:00:17-08:00"/>
          </valuePeriod>
        </extension>
        <name>
          <use value="usual"/>
          <family value="BARNEY"/>
          <given value="PURPLE"/>
        </name>
        <telecom>
          <system value="email"/>
          <value value="pbarney@thepark.com"/>
          <use value="home"/>
        </telecom>
        <gender value="male"/>
        <birthDate value="1940-06-06"/>
        <deceasedBoolean value="false"/>
        <address>
          <type value="physical"/>
          <line value="667 YELLOW BRICK RD"/>
          <city value="PRINCE GEORGE"/>
          <state value="BC"/>
          <postalCode value="V8W 3P9"/>
          <country value="CA"/>
        </address>
      </Patient>
    </resource>
  </parameter>
  <parameter>
    <name value="enterer"/>
    <valueIdentifier>
      <system value="http://hl7.org/fhir/bc-hcim/bc-user"/>
      <value value="klgodfre"/>
    </valueIdentifier>
  </parameter>
</Parameters>