<?xml version="1.0" encoding="UTF-8"?>

<Parameters xmlns="http://hl7.org/fhir">
  <id value="Parameters-AddPatient-Newborn-Example"/>
  <meta>
    <profile value="http://hlth.gov.bc.ca/fhir/client/StructureDefinition/bc-metadata-parameters"/>
  </meta>
  <parameter>
    <name value="messageId"/>
    <valueString value="98028b44-882a-4c72-8c92-b87d916147e1"/>
  </parameter>
  <parameter>
    <name value="messageDateTime"/>
    <valueDateTime value="2021-11-02T13:28:17-08:00"/>
  </parameter>
  <parameter>
    <name value="sender"/>
    <valueIdentifier>
      <system value="http://hlth.gov.bc.ca/fhir/client/bc-org"/>
      <value value="IHA"/>
    </valueIdentifier>
  </parameter>
  <parameter>
    <name value="enterer"/>
    <valueIdentifier>
      <system value="http://hlth.gov.bc.ca/fhir/client/bc-user"/>
      <value value="klgodfre"/>
    </valueIdentifier>
  </parameter>
</Parameters>