<?xml version="1.0" encoding="UTF-8"?>

<Parameters xmlns="http://hl7.org/fhir">
  <id value="Parameters-FindCandidates-Response-Example"/>
  <meta>
    <profile value="http://hlth.gov.bc.ca/fhir/client/StructureDefinition/bc-metadata-parameters"/>
  </meta>
  <parameter>
    <name value="messageId"/>
    <valueString value="c087e71e-3e7e-4c22-a3ce-61523f600615"/>
  </parameter>
  <parameter>
    <name value="messageDateTime"/>
    <valueDateTime value="2015-02-07T13:29:17-08:00"/>
  </parameter>
  <parameter>
    <name value="sender"/>
    <valueIdentifier>
      <system value="http://hlth.gov.bc.ca/fhir/client/bc-org"/>
      <value value="123123345"/>
    </valueIdentifier>
  </parameter>
  <parameter>
    <name value="requestMessageId"/>
    <valueString value="98028b44-882a-4c72-8c92-b87d916147e1"/>
  </parameter>
</Parameters>