<?xml version="1.0" encoding="UTF-8"?>

<Patient xmlns="http://hl7.org/fhir">
  <id value="Patient-2-Example"/>
  <meta>
    <profile value="http://hlth.gov.bc.ca/fhir/client/StructureDefinition/bc-patient"/>
  </meta>
  <text>
    <status value="generated"/><div xmlns="http://www.w3.org/1999/xhtml"><b>BAILEY PURPLE </b> (no stated gender) 1985-12-14 ( Jurisdictional health number: 9999999999)</div>
  </text>
  <extension url="http://hlth.gov.bc.ca/fhir/client/StructureDefinition/bc-business-period-extension">
    <valuePeriod>
      <start value="2019-02-07T13:29:17-08:00"/>
    </valuePeriod>
  </extension>
  <identifier>
    <type>
      <coding>
        <system value="http://terminology.hl7.org/CodeSystem/v2-0203"/>
        <code value="JHN"/>
      </coding>
    </type>
    <system value="http://hlth.gov.bc.ca/fhir/client/bc-sri"/>
    <value value="9999999999"/>
  </identifier>
  <name>
    <use value="usual"/>
    <family value="PURPLE"/>
    <given value="BAILEY"/>
  </name>
  <telecom>
    <system value="phone"/>
    <value value="2504283447"/>
    <use value="home"/>
  </telecom>
  <gender value="female">
    <extension url="http://hlth.gov.bc.ca/fhir/client/StructureDefinition/bc-business-period-extension">
      <valuePeriod>
        <start value="2017-04-05T16:16:16-08:00"/>
      </valuePeriod>
    </extension>
  </gender>
  <birthDate value="1985-12-14">
    <extension url="http://hlth.gov.bc.ca/fhir/client/StructureDefinition/bc-business-period-extension">
      <valuePeriod>
        <start value="2019-10-17T03:29:17-08:00"/>
      </valuePeriod>
    </extension>
  </birthDate>
  <address>
    <extension url="http://hlth.gov.bc.ca/fhir/client/StructureDefinition/bc-validation-status-extension">
      <valueCode value="valid"/>
    </extension>
    <type value="physical"/>
    <line value="123 FRONT ST"/>
    <city value="VICTORIA"/>
    <state value="BC"/>
    <postalCode value="V6N2W2"/>
    <country value="CA"/>
  </address>
  <address>
    <extension url="http://hlth.gov.bc.ca/fhir/client/StructureDefinition/bc-validation-status-extension">
      <valueCode value="invalid"/>
    </extension>
    <type value="postal"/>
    <line value="432 Douglas St"/>
    <city value="Victoria"/>
    <state value="BC"/>
    <postalCode value="V6N2R2"/>
    <country value="CA"/>
  </address>
  <multipleBirthBoolean value="false">
    <extension url="http://hlth.gov.bc.ca/fhir/client/StructureDefinition/bc-business-period-extension">
      <valuePeriod>
        <start value="2019-10-17T03:29:17-08:00"/>
      </valuePeriod>
    </extension>
  </multipleBirthBoolean>
</Patient>