<?xml version="1.0" encoding="UTF-8"?>

<Patient xmlns="http://hl7.org/fhir">
  <id value="Patient-AddReviseOrMergePatient-Response-Example"/>
  <meta>
    <profile value="http://hlth.gov.bc.ca/fhir/client/StructureDefinition/bc-patient"/>
  </meta>
  <text>
    <status value="generated"/><div xmlns="http://www.w3.org/1999/xhtml"><p><b>John Doe </b> male, DoB: 1940-06-06 ( Jurisdictional health number: 9123456789 (OFFICIAL))</p></div>
  </text>
  <extension url="http://hlth.gov.bc.ca/fhir/client/StructureDefinition/bc-business-period-extension">
    <valuePeriod>
      <start value="2019-02-07T13:29:17-08:00"/>
    </valuePeriod>
  </extension>
  <identifier>
    <extension url="http://hlth.gov.bc.ca/fhir/client/StructureDefinition/bc-identifier-status-extension">
      <valueCode value="merged"/>
    </extension>
    <use value="official"/>
    <type>
      <coding>
        <system value="http://terminology.hl7.org/CodeSystem/v2-0203"/>
        <code value="JHN"/>
      </coding>
    </type>
    <system value="http://hlth.gov.bc.ca/fhir/client/id-issuer/BC"/>
    <value value="9123456789"/>
    <period>
      <start value="2000-01-01T11:11:11+08:00"/>
    </period>
  </identifier>
  <identifier>
    <extension url="http://hlth.gov.bc.ca/fhir/client/StructureDefinition/bc-identifier-status-extension">
      <valueCode value="active"/>
    </extension>
    <use value="official"/>
    <type>
      <coding>
        <system value="http://terminology.hl7.org/CodeSystem/v2-0203"/>
        <code value="AN"/>
      </coding>
    </type>
    <system value="http://hlth.gov.bc.ca/fhir/client/id-issuer/SrcCode"/>
    <value value="123345654"/>
    <period>
      <start value="2000-01-01T11:11:11+08:00"/>
    </period>
  </identifier>
  <identifier>
    <extension url="http://hlth.gov.bc.ca/fhir/client/StructureDefinition/bc-identifier-status-extension">
      <valueCode value="active"/>
    </extension>
    <use value="secondary"/>
    <type>
      <coding>
        <system value="http://terminology.hl7.org/CodeSystem/v2-0203"/>
        <code value="AN"/>
      </coding>
    </type>
    <system value="http://hlth.gov.bc.ca/fhir/client/id-issuer/SrcCode"/>
    <value value="123345654"/>
    <period>
      <start value="2000-01-01T11:11:11+08:00"/>
    </period>
  </identifier>
  <identifier>
    <extension url="http://hlth.gov.bc.ca/fhir/client/StructureDefinition/bc-identifier-status-extension">
      <valueCode value="active"/>
    </extension>
    <use value="official"/>
    <type>
      <coding>
        <system value="http://terminology.hl7.org/CodeSystem/v2-0203"/>
        <code value="JHN"/>
      </coding>
    </type>
    <system value="http://hlth.gov.bc.ca/fhir/client/id-issuer/QC"/>
    <value value="9123345654"/>
    <period>
      <start value="2000-01-01T11:11:11+08:00"/>
    </period>
  </identifier>
  <name>
    <use value="usual"/>
    <family value="Doe"/>
    <given value="John"/>
    <period>
      <start value="2017-04-05"/>
    </period>
  </name>
  <telecom>
    <system value="phone"/>
    <value value="2505554848"/>
    <use value="home"/>
    <period>
      <start value="2000-01-02T10:10:10-08:00"/>
    </period>
  </telecom>
  <gender value="male">
    <extension url="http://hlth.gov.bc.ca/fhir/client/StructureDefinition/bc-business-period-extension">
      <valuePeriod>
        <start value="2017-04-05T16:16:16-08:00"/>
      </valuePeriod>
    </extension>
  </gender>
  <birthDate value="1940-06-06">
    <extension url="http://hlth.gov.bc.ca/fhir/client/StructureDefinition/bc-business-period-extension">
      <valuePeriod>
        <start value="2020-10-17T03:29:17-08:00"/>
      </valuePeriod>
    </extension>
  </birthDate>
  <address>
    <extension url="http://hlth.gov.bc.ca/fhir/client/StructureDefinition/bc-validation-status-extension">
      <valueCode value="valid"/>
    </extension>
    <type value="physical"/>
    <line value="721 FRONT ST"/>
    <city value="VICTORIA"/>
    <state value="BC"/>
    <postalCode value="V9A3Y3"/>
    <country value="CA"/>
  </address>
  <address>
    <extension url="http://hlth.gov.bc.ca/fhir/client/StructureDefinition/bc-validation-status-extension">
      <valueCode value="invalid"/>
    </extension>
    <type value="postal"/>
    <line value="721 FRONT AVE"/>
    <city value="Victoria"/>
    <state value="BC"/>
    <postalCode value="V9A3V3"/>
    <country value="CA"/>
  </address>
</Patient>