<?xml version="1.0" encoding="UTF-8"?>

<Patient xmlns="http://hl7.org/fhir">
  <id value="Patient-BabyGirl-Example"/>
  <meta>
    <profile value="http://hlth.gov.bc.ca/fhir/client/StructureDefinition/bc-patient"/>
  </meta>
  <text>
    <status value="generated"/><div xmlns="http://www.w3.org/1999/xhtml"><p style="border: 1px #661aff solid; background-color: #e6e6ff; padding: 10px;"><b>Jane Doe </b> female, DoB: 2019-12-12 ( Jurisdictional health number: 9123456789 (OFFICIAL))</p><hr/><table class="grid"><tr><td style="background-color: #f3f5da" title="Ways to contact the Patient">Contact Details:</td><td colspan="3"><ul><li>ph: 2505554848(HOME)</li><li>721 FRONT ST VICTORIA BC V9A3Y3 CA </li><li>721 FRONT AVE Victoria BC V9A3V3 CA </li></ul></td></tr><tr><td style="background-color: #f3f5da" title="The effective dates for the parent element."><a href="StructureDefinition-bc-business-period-extension.html">BC Business Dates:</a></td><td colspan="3"><ul><li>2019-11-12 01:21:13-0800 --&gt; (ongoing)</li></ul></td></tr></table></div>
  </text>
  <extension url="http://hlth.gov.bc.ca/fhir/client/StructureDefinition/bc-business-period-extension">
    <valuePeriod>
      <start value="2019-11-12T13:21:13-08:00"/>
    </valuePeriod>
  </extension>
  <identifier>
    <use value="official"/>
    <type>
      <coding>
        <system value="http://terminology.hl7.org/CodeSystem/v2-0203"/>
        <code value="JHN"/>
      </coding>
    </type>
    <system value="http://hlth.gov.bc.ca/fhir/client/id-issuer/BC"/>
    <value value="9123456789"/>
    <period>
      <start value="2000-01-01T11:11:11+08:00"/>
    </period>
  </identifier>
  <name>
    <use value="usual"/>
    <family value="Doe"/>
    <given value="Jane"/>
    <period>
      <start value="2018-04-05"/>
    </period>
  </name>
  <telecom>
    <system value="phone"/>
    <value value="2505554848"/>
    <use value="home"/>
    <period>
      <start value="2000-01-02T10:10:10-08:00"/>
    </period>
  </telecom>
  <gender value="female">
    <extension url="http://hlth.gov.bc.ca/fhir/client/StructureDefinition/bc-business-period-extension">
      <valuePeriod>
        <start value="2017-04-05T16:16:16-08:00"/>
      </valuePeriod>
    </extension>
  </gender>
  <birthDate value="2019-12-12">
    <extension url="http://hlth.gov.bc.ca/fhir/client/StructureDefinition/bc-business-period-extension">
      <valuePeriod>
        <start value="2019-11-12T03:29:17-08:00"/>
      </valuePeriod>
    </extension>
  </birthDate>
  <address>
    <extension url="http://hlth.gov.bc.ca/fhir/client/StructureDefinition/bc-validation-status-extension">
      <valueCode value="valid"/>
    </extension>
    <type value="physical"/>
    <line value="721 FRONT ST"/>
    <city value="VICTORIA"/>
    <state value="BC"/>
    <postalCode value="V9A3Y3"/>
    <country value="CA"/>
  </address>
  <address>
    <extension url="http://hlth.gov.bc.ca/fhir/client/StructureDefinition/bc-validation-status-extension">
      <valueCode value="invalid"/>
    </extension>
    <type value="postal"/>
    <line value="721 FRONT AVE"/>
    <city value="Victoria"/>
    <state value="BC"/>
    <postalCode value="V9A3V3"/>
    <country value="CA"/>
  </address>
</Patient>