<?xml version="1.0" encoding="UTF-8"?>

<Patient xmlns="http://hl7.org/fhir">
  <id value="Patient-RevisePatient-Example"/>
  <meta>
    <profile value="http://hlth.gov.bc.ca/fhir/client/StructureDefinition/bc-patient"/>
  </meta>
  <text>
    <status value="generated"/><div xmlns="http://www.w3.org/1999/xhtml"><p><b>PURPLE BARNEY (OFFICIAL)</b> (no stated gender) 1940-06-06 ( Jurisdictional health number: 9999999999)</p></div>
  </text>
  <identifier>
    <type>
      <coding>
        <system value="http://terminology.hl7.org/CodeSystem/v2-0203"/>
        <code value="JHN"/>
      </coding>
    </type>
    <system value="http://hlth.gov.bc.ca/fhir/client/bc-sri"/>
    <value value="9999999999"/>
  </identifier>
  <identifier>
    <system value="http://hlth.gov.bc.ca/fhir/client/bc-sri"/>
    <value value="CER2234"/>
    <assigner>
      <display value="VPP_CER"/>
    </assigner>
  </identifier>
  <identifier>
    <system value="http://hlth.gov.bc.ca/fhir/client/bc-ssri"/>
    <value value="VCHA234"/>
    <assigner>
      <display value="VPP_LION"/>
    </assigner>
  </identifier>
  <identifier>
    <system value="http://hlth.gov.bc.ca/fhir/client/bc-out-of-province-sri"/>
    <value value="90348733a"/>
    <assigner>
      <display value="MB"/>
    </assigner>
  </identifier>
  <name>
    <use value="official"/>
    <family value="BARNEY"/>
    <given value="PURPLE"/>
  </name>
  <telecom>
    <system value="phone"/>
    <value value="2505554848"/>
    <use value="home"/>
  </telecom>
  <gender value="male"/>
  <birthDate value="1940-06-06"/>
  <deceasedBoolean value="false"/>
  <address>
    <type value="physical"/>
    <line value="636 YELLOW BRICK RD"/>
    <city value="PRINCE GEORGE"/>
    <state value="BC"/>
    <postalCode value="V8W 3P9"/>
    <country value="CA"/>
  </address>
</Patient>