<?xml version="1.0" encoding="UTF-8"?>

<ValueSet xmlns="http://hl7.org/fhir">
  <id value="bc-merge-status-value-set"/>
  <text>
    <status value="generated"/><div xmlns="http://www.w3.org/1999/xhtml"><ul><li>Include all codes defined in <a href="CodeSystem-bc-client-registry-merge-status-code-system.html"><code>https://terminology.hlth.gov.bc.ca/ClientRegistry/CodeSystem/bc-client-registry-merge-status-code-system</code></a></li></ul></div>
  </text>
  <url value="https://terminology.hlth.gov.bc.ca/ClientRegistry/ValueSet/bc-merge-status-value-set"/>
  <version value="1.0.0"/>
  <name value="MergeStatusVS"/>
  <title value="BC Merge Status Value Set"/>
  <status value="active"/>
  <date value="2023-02-17T23:20:35+00:00"/>
  <publisher value="BC Ministry of Health"/>
  <contact>
    <name value="BC Ministry of Health"/>
    <telecom>
      <system value="url"/>
      <value value="https://www2.gov.bc.ca/gov/content/governments/organizational-structure/ministries-organizations/ministries/health"/>
    </telecom>
  </contact>
  <description value="BC Merge Status value set used to describe the merge status of a Patient."/>
  <jurisdiction>
    <coding>
      <system value="urn:iso:std:iso:3166"/>
      <code value="CA"/>
      <display value="Canada"/>
    </coding>
  </jurisdiction>
  <compose>
    <include>
      <system value="https://terminology.hlth.gov.bc.ca/ClientRegistry/CodeSystem/bc-client-registry-merge-status-code-system"/>
    </include>
  </compose>
</ValueSet>