<?xml version="1.0" encoding="UTF-8"?>

<ValueSet xmlns="http://hl7.org/fhir">
  <id value="bc-contact-point-system-value-set"/>
  <text>
    <status value="extensions"/><div xmlns="http://www.w3.org/1999/xhtml"><p>This value set includes codes based on the following rules:</p><ul><li>Import all the codes that are contained in <a href="http://hl7.org/fhir/R4/valueset-contact-point-system.html">http://hl7.org/fhir/ValueSet/contact-point-system</a></li></ul><p>This value set excludes codes based on the following rules:</p><ul><li>Exclude these codes as defined in <a href="http://hl7.org/fhir/R4/codesystem-contact-point-system.html"><code>http://hl7.org/fhir/contact-point-system</code></a><table class="none"><tr><td style="white-space:nowrap"><b>Code</b></td><td><b>Display</b></td><td><b>Definition</b></td></tr><tr><td><a href="http://hl7.org/fhir/R4/codesystem-contact-point-system.html#contact-point-system-fax">fax</a></td><td>Fax</td><td>The value is a fax machine. Use of full international numbers starting with + is recommended to enable automatic dialing support but not required.</td></tr><tr><td><a href="http://hl7.org/fhir/R4/codesystem-contact-point-system.html#contact-point-system-pager">pager</a></td><td>Pager</td><td>The value is a pager number. These may be local pager numbers that are only usable on a particular pager system.</td></tr><tr><td><a href="http://hl7.org/fhir/R4/codesystem-contact-point-system.html#contact-point-system-url">url</a></td><td>URL</td><td>A contact that is not a phone, fax, pager or email address and is expressed as a URL.  This is intended for various institutional or personal contacts including web sites, blogs, Skype, Twitter, Facebook, etc. Do not use for email addresses.</td></tr><tr><td><a href="http://hl7.org/fhir/R4/codesystem-contact-point-system.html#contact-point-system-sms">sms</a></td><td>SMS</td><td>A contact that can be used for sending an sms message (e.g. mobile phones, some landlines).</td></tr><tr><td><a href="http://hl7.org/fhir/R4/codesystem-contact-point-system.html#contact-point-system-other">other</a></td><td>Other</td><td>A contact that is not a phone, fax, page or email address and is not expressible as a URL.  E.g. Internal mail address.  This SHOULD NOT be used for contacts that are expressible as a URL (e.g. Skype, Twitter, Facebook, etc.)  Extensions may be used to distinguish &quot;other&quot; contact types.</td></tr></table></li></ul></div>
  </text>
  <url value="http://hlth.gov.bc.ca/fhir/client/ValueSet/bc-contact-point-system-value-set"/>
  <version value="1.0.0"/>
  <name value="ContactPointSystemVS"/>
  <title value="BC Contact Point System Value Set"/>
  <status value="active"/>
  <date value="2022-11-30T18:54:03+00:00"/>
  <publisher value="BC Ministry of Health"/>
  <contact>
    <name value="BC Ministry of Health"/>
    <telecom>
      <system value="url"/>
      <value value="https://www2.gov.bc.ca/gov/content/governments/organizational-structure/ministries-organizations/ministries/health"/>
    </telecom>
  </contact>
  <description value="BC Contact Point System value set, sliced to meet BC constraints."/>
  <jurisdiction>
    <coding>
      <system value="urn:iso:std:iso:3166"/>
      <code value="CA"/>
      <display value="Canada"/>
    </coding>
  </jurisdiction>
  <compose>
    <include>
      <valueSet value="http://hl7.org/fhir/ValueSet/contact-point-system"/>
    </include>
    <exclude>
      <system value="http://hl7.org/fhir/contact-point-system"/>
      <concept>
        <code value="fax"/>
      </concept>
      <concept>
        <code value="pager"/>
      </concept>
      <concept>
        <code value="url"/>
      </concept>
      <concept>
        <code value="sms"/>
      </concept>
      <concept>
        <code value="other"/>
      </concept>
    </exclude>
  </compose>
</ValueSet>