URL,Version,Status,OIDs,Name,Title,Description,Used
http://hl7.org/fhir/administrative-gender,4.0.1,active,"2.16.840.1.113883.4.642.4.2",AdministrativeGender,AdministrativeGender,"The gender of a person used for administrative purposes.","ValueSet/administrative-gender"
https://terminology.hlth.gov.bc.ca/ClientRegistry/CodeSystem/bc-client-registry-address-validation-code-system,1.0.0,active,,AddressValidationCS,BC Client Registry Address Validation Status Code,"Codes used to define the address validation status.","ValueSet/bc-address-validation-value-set"
https://terminology.hlth.gov.bc.ca/ClientRegistry/CodeSystem/bc-client-registry-merge-status-code-system,1.0.0,active,,MergeStatusCS,BC Client Registry merge status.,"Codes used to describe the merge status.","ValueSet/bc-merge-status-value-set"
https://terminology.hlth.gov.bc.ca/ClientRegistry/CodeSystem/bc-client-registry-patient-change-notification-events,1.0.0,active,,PatientChangeNotificationEvents,BC Client Registry Patient Change Notification Events Code System,"Codes used to indicate that type of patient changes that a subscriber is interested in receiving.","ValueSet/bc-client-registry-patient-change-notification-events-value-set"
https://terminology.hlth.gov.bc.ca/ClientRegistry/CodeSystem/bc-identifier-status-code-system,1.0.0,active,,IdentifierStatusCS,BC Client registry identifier status code system,"BC Client registry identifier status code system.","ValueSet/bc-identifier-status-value-set"
