<?xml version="1.0" encoding="UTF-8"?>

<Bundle xmlns="http://hl7.org/fhir">
  <id value="a501821f-2853-41f4-9e9d-ecf16dd8d7df"/>
  <meta>
    <lastUpdated value="2024-10-11T22:07:31.852+00:00"/>
  </meta>
  <type value="collection"/>
  <entry>
    <fullUrl value="https://terminology.hlth.gov.bc.ca/ClientRegistry/ValueSet/bc-address-validation-value-set"/>
    <resource>
      <ValueSet>
        <text>
          <status value="generated"/>
          <div xmlns="http://www.w3.org/1999/xhtml">
            <p class="res-header-id">
              <b>Generated Narrative: ValueSet </b>
            </p>
            <p style="border: black 1px dotted; background-color: #EEEEEE; padding: 8px; margin-bottom: 8px">Expansion based on 
              <a href="CodeSystem-bc-client-registry-address-validation-code-system.html">codesystem BC Client Registry Address Validation Status Code v1.0.0 (CodeSystem)</a>
            </p>
            <p>This value set contains 3 concepts</p>
            <table class="codes">
              <tr>
                <td style="white-space:nowrap">
                  <b>Code</b>
                </td>
                <td>
                  <b>System</b>
                </td>
                <td>
                  <b>Display</b>
                </td>
                <td>
                  <b>Definition</b>
                </td>
              </tr>
              <tr>
                <td style="white-space:nowrap">
                  <a name="x-https://terminology.hlth.gov.bc.ca/ClientRegistry/CodeSystem/bc-client-registry-address-validation-code-system-valid"> </a>  
                  <a href="CodeSystem-bc-client-registry-address-validation-code-system.html#bc-client-registry-address-validation-code-system-valid">valid</a>
                </td>
                <td>https://terminology.hlth.gov.bc.ca/ClientRegistry/CodeSystem/bc-client-registry-address-validation-code-system</td>
                <td>valid</td>
                <td>
                  <div>
                    <p>The address is valid, i.e. there is a reasonable good chance this address is known to Canada Post.</p>

                  </div>
                </td>
              </tr>
              <tr>
                <td style="white-space:nowrap">
                  <a name="x-https://terminology.hlth.gov.bc.ca/ClientRegistry/CodeSystem/bc-client-registry-address-validation-code-system-invalid"> </a>  
                  <a href="CodeSystem-bc-client-registry-address-validation-code-system.html#bc-client-registry-address-validation-code-system-invalid">invalid</a>
                </td>
                <td>https://terminology.hlth.gov.bc.ca/ClientRegistry/CodeSystem/bc-client-registry-address-validation-code-system</td>
                <td>invalid</td>
                <td>
                  <div>
                    <p>The address validation status is invalid and like not recognized by Canada Post.</p>

                  </div>
                </td>
              </tr>
              <tr>
                <td style="white-space:nowrap">
                  <a name="x-https://terminology.hlth.gov.bc.ca/ClientRegistry/CodeSystem/bc-client-registry-address-validation-code-system-unknown"> </a>  
                  <a href="CodeSystem-bc-client-registry-address-validation-code-system.html#bc-client-registry-address-validation-code-system-unknown">unknown</a>
                </td>
                <td>https://terminology.hlth.gov.bc.ca/ClientRegistry/CodeSystem/bc-client-registry-address-validation-code-system</td>
                <td>unknown</td>
                <td>
                  <div>
                    <p>The address validation status is unknown.</p>

                  </div>
                </td>
              </tr>
            </table>
          </div>
        </text>
        <url value="https://terminology.hlth.gov.bc.ca/ClientRegistry/ValueSet/bc-address-validation-value-set"/>
        <version value="1.0.0"/>
        <name value="AddressValidationVS"/>
        <title value="BC Address Validation Value Set"/>
        <status value="active"/>
        <experimental value="false"/>
        <date value="2024-10-11T22:07:31+00:00"/>
        <jurisdiction>
          <coding>
            <system value="urn:iso:std:iso:3166"/>
            <code value="CA"/>
            <display value="Canada"/>
          </coding>
        </jurisdiction>
        <expansion>
          <identifier value="urn:uuid:93600e39-64e9-4a1e-82b2-5ce6b4392d28"/>
          <timestamp value="2024-10-11T22:08:25+00:00"/>
          <total value="3"/>
          <offset value="0"/>
          <parameter>
            <name value="count"/>
            <valueInteger value="1000"/>
          </parameter>
          <parameter>
            <name value="offset"/>
            <valueInteger value="0"/>
          </parameter>
          <parameter>
            <name value="excludeNested"/>
            <valueBoolean value="false"/>
          </parameter>
          <parameter>
            <name value="used-codesystem"/>
            <valueUri value="https://terminology.hlth.gov.bc.ca/ClientRegistry/CodeSystem/bc-client-registry-address-validation-code-system|1.0.0"/>
          </parameter>
          <contains>
            <system value="https://terminology.hlth.gov.bc.ca/ClientRegistry/CodeSystem/bc-client-registry-address-validation-code-system"/>
            <code value="valid"/>
            <display value="valid"/>
          </contains>
          <contains>
            <system value="https://terminology.hlth.gov.bc.ca/ClientRegistry/CodeSystem/bc-client-registry-address-validation-code-system"/>
            <code value="invalid"/>
            <display value="invalid"/>
          </contains>
          <contains>
            <system value="https://terminology.hlth.gov.bc.ca/ClientRegistry/CodeSystem/bc-client-registry-address-validation-code-system"/>
            <code value="unknown"/>
            <display value="unknown"/>
          </contains>
        </expansion>
      </ValueSet>
    </resource>
  </entry>
  <entry>
    <fullUrl value="https://terminology.hlth.gov.bc.ca/ClientRegistry/ValueSet/bc-client-registry-patient-change-notification-events"/>
    <resource>
      <ValueSet>
        <text>
          <status value="generated"/>
          <div xmlns="http://www.w3.org/1999/xhtml">
            <p class="res-header-id">
              <b>Generated Narrative: ValueSet </b>
            </p>
            <p style="border: black 1px dotted; background-color: #EEEEEE; padding: 8px; margin-bottom: 8px">Expansion based on 
              <a href="CodeSystem-bc-client-registry-patient-change-notification-events.html">codesystem BC Client Registry Patient Change Notification Events Code System v1.0.0 (CodeSystem)</a>
            </p>
            <p>This value set contains 10 concepts</p>
            <table class="codes">
              <tr>
                <td style="white-space:nowrap">
                  <b>Code</b>
                </td>
                <td>
                  <b>System</b>
                </td>
                <td>
                  <b>Display</b>
                </td>
                <td>
                  <b>Definition</b>
                </td>
              </tr>
              <tr>
                <td style="white-space:nowrap">
                  <a name="x-https://terminology.hlth.gov.bc.ca/ClientRegistry/CodeSystem/bc-client-registry-patient-change-notification-events-COMPOSITE"> </a>  
                  <a href="CodeSystem-bc-client-registry-patient-change-notification-events.html#bc-client-registry-patient-change-notification-events-COMPOSITE">COMPOSITE</a>
                </td>
                <td>https://terminology.hlth.gov.bc.ca/ClientRegistry/CodeSystem/bc-client-registry-patient-change-notification-events</td>
                <td>composite</td>
                <td>
                  <div>
                    <p>Composite view distributions inform a subscribing system that their records are out-of-sync with the composite view and a subscriber that a data attribute has been modified on a specific source.</p>

                  </div>
                </td>
              </tr>
              <tr>
                <td style="white-space:nowrap">
                  <a name="x-https://terminology.hlth.gov.bc.ca/ClientRegistry/CodeSystem/bc-client-registry-patient-change-notification-events-DEATH"> </a>  
                  <a href="CodeSystem-bc-client-registry-patient-change-notification-events.html#bc-client-registry-patient-change-notification-events-DEATH">DEATH</a>
                </td>
                <td>https://terminology.hlth.gov.bc.ca/ClientRegistry/CodeSystem/bc-client-registry-patient-change-notification-events</td>
                <td>death</td>
                <td>
                  <div>
                    <p>DEATH distributions inform a subscriber that they have a record that is out of sync with the Date of Death, or the Deceased indicator is present and a change to the composite view has occurred and a subscribing system there is a Date of Death, or the Deceased indicator is present and a change to the composite view has occurred.</p>

                  </div>
                </td>
              </tr>
              <tr>
                <td style="white-space:nowrap">
                  <a name="x-https://terminology.hlth.gov.bc.ca/ClientRegistry/CodeSystem/bc-client-registry-patient-change-notification-events-EID"> </a>  
                  <a href="CodeSystem-bc-client-registry-patient-change-notification-events.html#bc-client-registry-patient-change-notification-events-EID">EID</a>
                </td>
                <td>https://terminology.hlth.gov.bc.ca/ClientRegistry/CodeSystem/bc-client-registry-patient-change-notification-events</td>
                <td>eid</td>
                <td>
                  <div>
                    <p>EID distributions inform subscribers when one of their source records has changed entity sets and/or is out-of-sync with the composite view.</p>

                  </div>
                </td>
              </tr>
              <tr>
                <td style="white-space:nowrap">
                  <a name="x-https://terminology.hlth.gov.bc.ca/ClientRegistry/CodeSystem/bc-client-registry-patient-change-notification-events-NEW"> </a>  
                  <a href="CodeSystem-bc-client-registry-patient-change-notification-events.html#bc-client-registry-patient-change-notification-events-NEW">NEW</a>
                </td>
                <td>https://terminology.hlth.gov.bc.ca/ClientRegistry/CodeSystem/bc-client-registry-patient-change-notification-events</td>
                <td>new PHN</td>
                <td>
                  <div>
                    <p>The New PHN (NEW) distribution is a non-source distribution and informs subscribers of all new PHNs.</p>

                  </div>
                </td>
              </tr>
              <tr>
                <td style="white-space:nowrap">
                  <a name="x-https://terminology.hlth.gov.bc.ca/ClientRegistry/CodeSystem/bc-client-registry-patient-change-notification-events-NEWBORN"> </a>  
                  <a href="CodeSystem-bc-client-registry-patient-change-notification-events.html#bc-client-registry-patient-change-notification-events-NEWBORN">NEWBORN</a>
                </td>
                <td>https://terminology.hlth.gov.bc.ca/ClientRegistry/CodeSystem/bc-client-registry-patient-change-notification-events</td>
                <td>newborn</td>
                <td>
                  <div>
                    <p>This distribution informs subscribers that a newborn record has been created in the EMPI, and has been assigned a PHN.</p>

                  </div>
                </td>
              </tr>
              <tr>
                <td style="white-space:nowrap">
                  <a name="x-https://terminology.hlth.gov.bc.ca/ClientRegistry/CodeSystem/bc-client-registry-patient-change-notification-events-NEWBORN_GENDER"> </a>  
                  <a href="CodeSystem-bc-client-registry-patient-change-notification-events.html#bc-client-registry-patient-change-notification-events-NEWBORN_GENDER">NEWBORN_GENDER</a>
                </td>
                <td>https://terminology.hlth.gov.bc.ca/ClientRegistry/CodeSystem/bc-client-registry-patient-change-notification-events</td>
                <td>newborn gender</td>
                <td>
                  <div>
                    <p>A non-source distribution and informs subscribers when the gender on a newborn record changes from unknown or undifferentiated to any other gender value.</p>

                  </div>
                </td>
              </tr>
              <tr>
                <td style="white-space:nowrap">
                  <a name="x-https://terminology.hlth.gov.bc.ca/ClientRegistry/CodeSystem/bc-client-registry-patient-change-notification-events-PHN"> </a>  
                  <a href="CodeSystem-bc-client-registry-patient-change-notification-events.html#bc-client-registry-patient-change-notification-events-PHN">PHN</a>
                </td>
                <td>https://terminology.hlth.gov.bc.ca/ClientRegistry/CodeSystem/bc-client-registry-patient-change-notification-events</td>
                <td>PHN change</td>
                <td>
                  <div>
                    <p>PHN Change distributions inform source systems that their purported PHN is out-of-sync with the PHN in the composite view.</p>

                  </div>
                </td>
              </tr>
              <tr>
                <td style="white-space:nowrap">
                  <a name="x-https://terminology.hlth.gov.bc.ca/ClientRegistry/CodeSystem/bc-client-registry-patient-change-notification-events-PHNJOIN"> </a>  
                  <a href="CodeSystem-bc-client-registry-patient-change-notification-events.html#bc-client-registry-patient-change-notification-events-PHNJOIN">PHNJOIN</a>
                </td>
                <td>https://terminology.hlth.gov.bc.ca/ClientRegistry/CodeSystem/bc-client-registry-patient-change-notification-events</td>
                <td>PHN Join</td>
                <td>
                  <div>
                    <p>PHN Join distributions inform source systems that their record has joined an entity with a PHN.</p>

                  </div>
                </td>
              </tr>
              <tr>
                <td style="white-space:nowrap">
                  <a name="x-https://terminology.hlth.gov.bc.ca/ClientRegistry/CodeSystem/bc-client-registry-patient-change-notification-events-PHNMERGE"> </a>  
                  <a href="CodeSystem-bc-client-registry-patient-change-notification-events.html#bc-client-registry-patient-change-notification-events-PHNMERGE">PHNMERGE</a>
                </td>
                <td>https://terminology.hlth.gov.bc.ca/ClientRegistry/CodeSystem/bc-client-registry-patient-change-notification-events</td>
                <td>PHN Merge</td>
                <td>
                  <div>
                    <p>PHN merge is a non-source distribution and informs subscribers of merged PHNs.</p>

                  </div>
                </td>
              </tr>
              <tr>
                <td style="white-space:nowrap">
                  <a name="x-https://terminology.hlth.gov.bc.ca/ClientRegistry/CodeSystem/bc-client-registry-patient-change-notification-events-SSRI"> </a>  
                  <a href="CodeSystem-bc-client-registry-patient-change-notification-events.html#bc-client-registry-patient-change-notification-events-SSRI">SSRI</a>
                </td>
                <td>https://terminology.hlth.gov.bc.ca/ClientRegistry/CodeSystem/bc-client-registry-patient-change-notification-events</td>
                <td>SSRI Sync</td>
                <td>
                  <div>
                    <p>SSRI Sync distributions notify a parent system that one of its child system’s records has joined the set.</p>

                  </div>
                </td>
              </tr>
            </table>
          </div>
        </text>
        <url value="https://terminology.hlth.gov.bc.ca/ClientRegistry/ValueSet/bc-client-registry-patient-change-notification-events"/>
        <version value="1.0.0"/>
        <name value="PatientChangeNotificationEventsValueSet"/>
        <title value="BC Client Registry Patient Change Notification Events Value Set"/>
        <status value="active"/>
        <experimental value="false"/>
        <date value="2024-10-11T22:07:31+00:00"/>
        <jurisdiction>
          <coding>
            <system value="urn:iso:std:iso:3166"/>
            <code value="CA"/>
            <display value="Canada"/>
          </coding>
        </jurisdiction>
        <expansion>
          <identifier value="urn:uuid:999cce43-4fa3-447d-9931-15c858ea3407"/>
          <timestamp value="2024-10-11T22:08:25+00:00"/>
          <total value="10"/>
          <offset value="0"/>
          <parameter>
            <name value="count"/>
            <valueInteger value="1000"/>
          </parameter>
          <parameter>
            <name value="offset"/>
            <valueInteger value="0"/>
          </parameter>
          <parameter>
            <name value="excludeNested"/>
            <valueBoolean value="false"/>
          </parameter>
          <parameter>
            <name value="used-codesystem"/>
            <valueUri value="https://terminology.hlth.gov.bc.ca/ClientRegistry/CodeSystem/bc-client-registry-patient-change-notification-events|1.0.0"/>
          </parameter>
          <contains>
            <system value="https://terminology.hlth.gov.bc.ca/ClientRegistry/CodeSystem/bc-client-registry-patient-change-notification-events"/>
            <code value="COMPOSITE"/>
            <display value="composite"/>
          </contains>
          <contains>
            <system value="https://terminology.hlth.gov.bc.ca/ClientRegistry/CodeSystem/bc-client-registry-patient-change-notification-events"/>
            <code value="DEATH"/>
            <display value="death"/>
          </contains>
          <contains>
            <system value="https://terminology.hlth.gov.bc.ca/ClientRegistry/CodeSystem/bc-client-registry-patient-change-notification-events"/>
            <code value="EID"/>
            <display value="eid"/>
          </contains>
          <contains>
            <system value="https://terminology.hlth.gov.bc.ca/ClientRegistry/CodeSystem/bc-client-registry-patient-change-notification-events"/>
            <code value="NEW"/>
            <display value="new PHN"/>
          </contains>
          <contains>
            <system value="https://terminology.hlth.gov.bc.ca/ClientRegistry/CodeSystem/bc-client-registry-patient-change-notification-events"/>
            <code value="NEWBORN"/>
            <display value="newborn"/>
          </contains>
          <contains>
            <system value="https://terminology.hlth.gov.bc.ca/ClientRegistry/CodeSystem/bc-client-registry-patient-change-notification-events"/>
            <code value="NEWBORN_GENDER"/>
            <display value="newborn gender"/>
          </contains>
          <contains>
            <system value="https://terminology.hlth.gov.bc.ca/ClientRegistry/CodeSystem/bc-client-registry-patient-change-notification-events"/>
            <code value="PHN"/>
            <display value="PHN change"/>
          </contains>
          <contains>
            <system value="https://terminology.hlth.gov.bc.ca/ClientRegistry/CodeSystem/bc-client-registry-patient-change-notification-events"/>
            <code value="PHNJOIN"/>
            <display value="PHN Join"/>
          </contains>
          <contains>
            <system value="https://terminology.hlth.gov.bc.ca/ClientRegistry/CodeSystem/bc-client-registry-patient-change-notification-events"/>
            <code value="PHNMERGE"/>
            <display value="PHN Merge"/>
          </contains>
          <contains>
            <system value="https://terminology.hlth.gov.bc.ca/ClientRegistry/CodeSystem/bc-client-registry-patient-change-notification-events"/>
            <code value="SSRI"/>
            <display value="SSRI Sync"/>
          </contains>
        </expansion>
      </ValueSet>
    </resource>
  </entry>
  <entry>
    <fullUrl value="https://terminology.hlth.gov.bc.ca/ClientRegistry/ValueSet/bc-client-registry-update-patient-operation-value-set"/>
    <resource>
      <ValueSet>
        <text>
          <status value="generated"/>
          <div xmlns="http://www.w3.org/1999/xhtml">
            <p class="res-header-id">
              <b>Generated Narrative: ValueSet </b>
            </p>
            <p style="border: black 1px dotted; background-color: #EEEEEE; padding: 8px; margin-bottom: 8px">Expansion based on 
              <a href="CodeSystem-bc-client-registry-update-patient-operation-code-system.html">codesystem BC Code System Of Allowed Update Operations v1.0.0 (CodeSystem)</a>
            </p>
            <p>This value set contains 3 concepts</p>
            <table class="codes">
              <tr>
                <td style="white-space:nowrap">
                  <b>Code</b>
                </td>
                <td>
                  <b>System</b>
                </td>
                <td>
                  <b>Display</b>
                </td>
                <td>
                  <b>Definition</b>
                </td>
              </tr>
              <tr>
                <td style="white-space:nowrap">
                  <a name="x-https://terminology.hlth.gov.bc.ca/ClientRegistry/CodeSystem/bc-client-registry-update-patient-operation-code-system-add"> </a>  
                  <a href="CodeSystem-bc-client-registry-update-patient-operation-code-system.html#bc-client-registry-update-patient-operation-code-system-add">add</a>
                </td>
                <td>https://terminology.hlth.gov.bc.ca/ClientRegistry/CodeSystem/bc-client-registry-update-patient-operation-code-system</td>
                <td>add</td>
                <td>
                  <div>
                    <p>This operation adds an attribute.</p>

                  </div>
                </td>
              </tr>
              <tr>
                <td style="white-space:nowrap">
                  <a name="x-https://terminology.hlth.gov.bc.ca/ClientRegistry/CodeSystem/bc-client-registry-update-patient-operation-code-system-delete"> </a>  
                  <a href="CodeSystem-bc-client-registry-update-patient-operation-code-system.html#bc-client-registry-update-patient-operation-code-system-delete">delete</a>
                </td>
                <td>https://terminology.hlth.gov.bc.ca/ClientRegistry/CodeSystem/bc-client-registry-update-patient-operation-code-system</td>
                <td>delete</td>
                <td>
                  <div>
                    <p>This operation deletes an existing attribute.</p>

                  </div>
                </td>
              </tr>
              <tr>
                <td style="white-space:nowrap">
                  <a name="x-https://terminology.hlth.gov.bc.ca/ClientRegistry/CodeSystem/bc-client-registry-update-patient-operation-code-system-replace"> </a>  
                  <a href="CodeSystem-bc-client-registry-update-patient-operation-code-system.html#bc-client-registry-update-patient-operation-code-system-replace">replace</a>
                </td>
                <td>https://terminology.hlth.gov.bc.ca/ClientRegistry/CodeSystem/bc-client-registry-update-patient-operation-code-system</td>
                <td>replace</td>
                <td>
                  <div>
                    <p>This operation replaces an existing attribute.</p>

                  </div>
                </td>
              </tr>
            </table>
          </div>
        </text>
        <url value="https://terminology.hlth.gov.bc.ca/ClientRegistry/ValueSet/bc-client-registry-update-patient-operation-value-set"/>
        <version value="1.0.0"/>
        <name value="UpdatePatientOperationVS"/>
        <title value="BC Update Patient Operation Value Set"/>
        <status value="active"/>
        <experimental value="false"/>
        <date value="2024-10-11T22:07:31+00:00"/>
        <jurisdiction>
          <coding>
            <system value="urn:iso:std:iso:3166"/>
            <code value="CA"/>
            <display value="Canada"/>
          </coding>
        </jurisdiction>
        <expansion>
          <identifier value="urn:uuid:0de92a6d-20d6-4ae8-8824-1d124a794f49"/>
          <timestamp value="2024-10-11T22:08:25+00:00"/>
          <total value="3"/>
          <offset value="0"/>
          <parameter>
            <name value="count"/>
            <valueInteger value="1000"/>
          </parameter>
          <parameter>
            <name value="offset"/>
            <valueInteger value="0"/>
          </parameter>
          <parameter>
            <name value="excludeNested"/>
            <valueBoolean value="false"/>
          </parameter>
          <parameter>
            <name value="used-codesystem"/>
            <valueUri value="https://terminology.hlth.gov.bc.ca/ClientRegistry/CodeSystem/bc-client-registry-update-patient-operation-code-system|1.0.0"/>
          </parameter>
          <contains>
            <system value="https://terminology.hlth.gov.bc.ca/ClientRegistry/CodeSystem/bc-client-registry-update-patient-operation-code-system"/>
            <code value="add"/>
            <display value="add"/>
          </contains>
          <contains>
            <system value="https://terminology.hlth.gov.bc.ca/ClientRegistry/CodeSystem/bc-client-registry-update-patient-operation-code-system"/>
            <code value="delete"/>
            <display value="delete"/>
          </contains>
          <contains>
            <system value="https://terminology.hlth.gov.bc.ca/ClientRegistry/CodeSystem/bc-client-registry-update-patient-operation-code-system"/>
            <code value="replace"/>
            <display value="replace"/>
          </contains>
        </expansion>
      </ValueSet>
    </resource>
  </entry>
  <entry>
    <fullUrl value="https://terminology.hlth.gov.bc.ca/ClientRegistry/ValueSet/bc-contact-point-system-value-set"/>
    <resource>
      <ValueSet>
        <text>
          <status value="generated"/>
          <div xmlns="http://www.w3.org/1999/xhtml">
            <p class="res-header-id">
              <b>Generated Narrative: ValueSet </b>
            </p>
            <div style="border: black 1px dotted; background-color: #EEEEEE; padding: 8px; margin-bottom: 8px">
              <p>Expansion based on:</p>
              <ul>
                <li>
                  <a href="http://hl7.org/fhir/R4/codesystem-contact-point-system.html">codesystem ContactPointSystem v4.0.1 (CodeSystem)</a>
                </li>
                <li>
                  <a href="http://hl7.org/fhir/R4/valueset-contact-point-system.html">valueset ContactPointSystem v4.0.1 (ValueSet)</a>
                </li>
              </ul>
            </div>
            <p>This value set contains 2 concepts</p>
            <table class="codes">
              <tr>
                <td style="white-space:nowrap">
                  <b>Code</b>
                </td>
                <td>
                  <b>System</b>
                </td>
                <td>
                  <b>Display</b>
                </td>
                <td>
                  <b>Definition</b>
                </td>
              </tr>
              <tr>
                <td style="white-space:nowrap">
                  <a name="x-http://hl7.org/fhir/contact-point-system-phone"> </a>  
                  <a href="http://hl7.org/fhir/R4/codesystem-contact-point-system.html#contact-point-system-phone">phone</a>
                </td>
                <td>http://hl7.org/fhir/contact-point-system</td>
                <td>Phone</td>
                <td>
                  <div>
                    <p>The value is a telephone number used for voice calls. Use of full international numbers starting with + is recommended to enable automatic dialing support but not required.</p>

                  </div>
                </td>
              </tr>
              <tr>
                <td style="white-space:nowrap">
                  <a name="x-http://hl7.org/fhir/contact-point-system-email"> </a>  
                  <a href="http://hl7.org/fhir/R4/codesystem-contact-point-system.html#contact-point-system-email">email</a>
                </td>
                <td>http://hl7.org/fhir/contact-point-system</td>
                <td>Email</td>
                <td>
                  <div>
                    <p>The value is an email address.</p>

                  </div>
                </td>
              </tr>
            </table>
          </div>
        </text>
        <url value="https://terminology.hlth.gov.bc.ca/ClientRegistry/ValueSet/bc-contact-point-system-value-set"/>
        <version value="1.0.0"/>
        <name value="ContactPointSystemVS"/>
        <title value="BC Contact Point System Value Set"/>
        <status value="active"/>
        <experimental value="false"/>
        <date value="2024-10-11T22:07:31+00:00"/>
        <jurisdiction>
          <coding>
            <system value="urn:iso:std:iso:3166"/>
            <code value="CA"/>
            <display value="Canada"/>
          </coding>
        </jurisdiction>
        <expansion>
          <identifier value="urn:uuid:7afc14be-873e-4bd1-9cda-54d4d8c485e5"/>
          <timestamp value="2024-10-11T22:08:25+00:00"/>
          <total value="2"/>
          <offset value="0"/>
          <parameter>
            <name value="count"/>
            <valueInteger value="1000"/>
          </parameter>
          <parameter>
            <name value="offset"/>
            <valueInteger value="0"/>
          </parameter>
          <parameter>
            <name value="excludeNested"/>
            <valueBoolean value="false"/>
          </parameter>
          <parameter>
            <name value="used-valueset"/>
            <valueUri value="http://hl7.org/fhir/ValueSet/contact-point-system|4.0.1"/>
          </parameter>
          <parameter>
            <name value="used-codesystem"/>
            <valueUri value="http://hl7.org/fhir/contact-point-system|4.0.1"/>
          </parameter>
          <contains>
            <system value="http://hl7.org/fhir/contact-point-system"/>
            <code value="phone"/>
            <display value="Phone"/>
          </contains>
          <contains>
            <system value="http://hl7.org/fhir/contact-point-system"/>
            <code value="email"/>
            <display value="Email"/>
          </contains>
        </expansion>
      </ValueSet>
    </resource>
  </entry>
  <entry>
    <fullUrl value="https://terminology.hlth.gov.bc.ca/ClientRegistry/ValueSet/bc-contact-point-use-value-set"/>
    <resource>
      <ValueSet>
        <text>
          <status value="generated"/>
          <div xmlns="http://www.w3.org/1999/xhtml">
            <p class="res-header-id">
              <b>Generated Narrative: ValueSet </b>
            </p>
            <div style="border: black 1px dotted; background-color: #EEEEEE; padding: 8px; margin-bottom: 8px">
              <p>Expansion based on:</p>
              <ul>
                <li>
                  <a href="http://hl7.org/fhir/R4/codesystem-contact-point-use.html">codesystem ContactPointUse v4.0.1 (CodeSystem)</a>
                </li>
                <li>
                  <a href="http://hl7.org/fhir/R4/valueset-contact-point-use.html">valueset ContactPointUse v4.0.1 (ValueSet)</a>
                </li>
              </ul>
            </div>
            <p>This value set contains 3 concepts</p>
            <table class="codes">
              <tr>
                <td style="white-space:nowrap">
                  <b>Code</b>
                </td>
                <td>
                  <b>System</b>
                </td>
                <td>
                  <b>Display</b>
                </td>
                <td>
                  <b>Definition</b>
                </td>
              </tr>
              <tr>
                <td style="white-space:nowrap">
                  <a name="x-http://hl7.org/fhir/contact-point-use-home"> </a>  
                  <a href="http://hl7.org/fhir/R4/codesystem-contact-point-use.html#contact-point-use-home">home</a>
                </td>
                <td>http://hl7.org/fhir/contact-point-use</td>
                <td>Home</td>
                <td>
                  <div>
                    <p>A communication contact point at a home; attempted contacts for business purposes might intrude privacy and chances are one will contact family or other household members instead of the person one wishes to call. Typically used with urgent cases, or if no other contacts are available.</p>

                  </div>
                </td>
              </tr>
              <tr>
                <td style="white-space:nowrap">
                  <a name="x-http://hl7.org/fhir/contact-point-use-work"> </a>  
                  <a href="http://hl7.org/fhir/R4/codesystem-contact-point-use.html#contact-point-use-work">work</a>
                </td>
                <td>http://hl7.org/fhir/contact-point-use</td>
                <td>Work</td>
                <td>
                  <div>
                    <p>An office contact point. First choice for business related contacts during business hours.</p>

                  </div>
                </td>
              </tr>
              <tr>
                <td style="white-space:nowrap">
                  <a name="x-http://hl7.org/fhir/contact-point-use-mobile"> </a>  
                  <a href="http://hl7.org/fhir/R4/codesystem-contact-point-use.html#contact-point-use-mobile">mobile</a>
                </td>
                <td>http://hl7.org/fhir/contact-point-use</td>
                <td>Mobile</td>
                <td>
                  <div>
                    <p>A telecommunication device that moves and stays with its owner. May have characteristics of all other use codes, suitable for urgent matters, not the first choice for routine business.</p>

                  </div>
                </td>
              </tr>
            </table>
          </div>
        </text>
        <url value="https://terminology.hlth.gov.bc.ca/ClientRegistry/ValueSet/bc-contact-point-use-value-set"/>
        <version value="1.0.0"/>
        <name value="ContactPointUseVS"/>
        <title value="BC Contact Point Use Value Set"/>
        <status value="active"/>
        <experimental value="false"/>
        <date value="2024-10-11T22:07:31+00:00"/>
        <jurisdiction>
          <coding>
            <system value="urn:iso:std:iso:3166"/>
            <code value="CA"/>
            <display value="Canada"/>
          </coding>
        </jurisdiction>
        <expansion>
          <identifier value="urn:uuid:1a62b235-a959-46a2-ba48-02d25fecbb08"/>
          <timestamp value="2024-10-11T22:08:25+00:00"/>
          <total value="3"/>
          <offset value="0"/>
          <parameter>
            <name value="count"/>
            <valueInteger value="1000"/>
          </parameter>
          <parameter>
            <name value="offset"/>
            <valueInteger value="0"/>
          </parameter>
          <parameter>
            <name value="excludeNested"/>
            <valueBoolean value="false"/>
          </parameter>
          <parameter>
            <name value="used-valueset"/>
            <valueUri value="http://hl7.org/fhir/ValueSet/contact-point-use|4.0.1"/>
          </parameter>
          <parameter>
            <name value="used-codesystem"/>
            <valueUri value="http://hl7.org/fhir/contact-point-use|4.0.1"/>
          </parameter>
          <contains>
            <system value="http://hl7.org/fhir/contact-point-use"/>
            <code value="home"/>
            <display value="Home"/>
          </contains>
          <contains>
            <system value="http://hl7.org/fhir/contact-point-use"/>
            <code value="work"/>
            <display value="Work"/>
          </contains>
          <contains>
            <system value="http://hl7.org/fhir/contact-point-use"/>
            <code value="mobile"/>
            <display value="Mobile"/>
          </contains>
        </expansion>
      </ValueSet>
    </resource>
  </entry>
  <entry>
    <fullUrl value="https://terminology.hlth.gov.bc.ca/ClientRegistry/ValueSet/bc-identifier-status-value-set"/>
    <resource>
      <ValueSet>
        <text>
          <status value="generated"/>
          <div xmlns="http://www.w3.org/1999/xhtml">
            <p class="res-header-id">
              <b>Generated Narrative: ValueSet </b>
            </p>
            <p style="border: black 1px dotted; background-color: #EEEEEE; padding: 8px; margin-bottom: 8px">Expansion based on 
              <a href="CodeSystem-bc-identifier-status-code-system.html">codesystem BC Client registry identifier status code system v1.0.0 (CodeSystem)</a>
            </p>
            <p>This value set contains 2 concepts</p>
            <table class="codes">
              <tr>
                <td style="white-space:nowrap">
                  <b>Code</b>
                </td>
                <td>
                  <b>System</b>
                </td>
                <td>
                  <b>Display</b>
                </td>
                <td>
                  <b>Definition</b>
                </td>
              </tr>
              <tr>
                <td style="white-space:nowrap">
                  <a name="x-https://terminology.hlth.gov.bc.ca/ClientRegistry/CodeSystem/bc-identifier-status-code-system-merged"> </a>  
                  <a href="CodeSystem-bc-identifier-status-code-system.html#bc-identifier-status-code-system-merged">merged</a>
                </td>
                <td>https://terminology.hlth.gov.bc.ca/ClientRegistry/CodeSystem/bc-identifier-status-code-system</td>
                <td>merged</td>
                <td>
                  <div>
                    <p>The identifier has been merged.</p>

                  </div>
                </td>
              </tr>
              <tr>
                <td style="white-space:nowrap">
                  <a name="x-https://terminology.hlth.gov.bc.ca/ClientRegistry/CodeSystem/bc-identifier-status-code-system-active"> </a>  
                  <a href="CodeSystem-bc-identifier-status-code-system.html#bc-identifier-status-code-system-active">active</a>
                </td>
                <td>https://terminology.hlth.gov.bc.ca/ClientRegistry/CodeSystem/bc-identifier-status-code-system</td>
                <td>active</td>
                <td>
                  <div>
                    <p>The identifier is active.</p>

                  </div>
                </td>
              </tr>
            </table>
          </div>
        </text>
        <url value="https://terminology.hlth.gov.bc.ca/ClientRegistry/ValueSet/bc-identifier-status-value-set"/>
        <version value="1.0.0"/>
        <name value="IdentifierStatusVS"/>
        <title value="BC Identifier Status Value Set"/>
        <status value="active"/>
        <experimental value="false"/>
        <date value="2024-10-11T22:07:31+00:00"/>
        <jurisdiction>
          <coding>
            <system value="urn:iso:std:iso:3166"/>
            <code value="CA"/>
            <display value="Canada"/>
          </coding>
        </jurisdiction>
        <expansion>
          <identifier value="urn:uuid:88a8a7db-7bee-444c-aed1-195b3897f736"/>
          <timestamp value="2024-10-11T22:08:25+00:00"/>
          <total value="2"/>
          <offset value="0"/>
          <parameter>
            <name value="count"/>
            <valueInteger value="1000"/>
          </parameter>
          <parameter>
            <name value="offset"/>
            <valueInteger value="0"/>
          </parameter>
          <parameter>
            <name value="excludeNested"/>
            <valueBoolean value="false"/>
          </parameter>
          <parameter>
            <name value="used-codesystem"/>
            <valueUri value="https://terminology.hlth.gov.bc.ca/ClientRegistry/CodeSystem/bc-identifier-status-code-system|1.0.0"/>
          </parameter>
          <contains>
            <system value="https://terminology.hlth.gov.bc.ca/ClientRegistry/CodeSystem/bc-identifier-status-code-system"/>
            <code value="merged"/>
            <display value="merged"/>
          </contains>
          <contains>
            <system value="https://terminology.hlth.gov.bc.ca/ClientRegistry/CodeSystem/bc-identifier-status-code-system"/>
            <code value="active"/>
            <display value="active"/>
          </contains>
        </expansion>
      </ValueSet>
    </resource>
  </entry>
  <entry>
    <fullUrl value="https://terminology.hlth.gov.bc.ca/ClientRegistry/ValueSet/bc-merge-status-value-set"/>
    <resource>
      <ValueSet>
        <text>
          <status value="generated"/>
          <div xmlns="http://www.w3.org/1999/xhtml">
            <p class="res-header-id">
              <b>Generated Narrative: ValueSet </b>
            </p>
            <p style="border: black 1px dotted; background-color: #EEEEEE; padding: 8px; margin-bottom: 8px">Expansion based on 
              <a href="CodeSystem-bc-client-registry-merge-status-code-system.html">codesystem BC Client Registry merge status. v1.0.0 (CodeSystem)</a>
            </p>
            <p>This value set contains 2 concepts</p>
            <table class="codes">
              <tr>
                <td style="white-space:nowrap">
                  <b>Code</b>
                </td>
                <td>
                  <b>System</b>
                </td>
                <td>
                  <b>Display</b>
                </td>
                <td>
                  <b>Definition</b>
                </td>
              </tr>
              <tr>
                <td style="white-space:nowrap">
                  <a name="x-https://terminology.hlth.gov.bc.ca/ClientRegistry/CodeSystem/bc-client-registry-merge-status-code-system-obsolete"> </a>  
                  <a href="CodeSystem-bc-client-registry-merge-status-code-system.html#bc-client-registry-merge-status-code-system-obsolete">obsolete</a>
                </td>
                <td>https://terminology.hlth.gov.bc.ca/ClientRegistry/CodeSystem/bc-client-registry-merge-status-code-system</td>
                <td>obsolete</td>
                <td>
                  <div>
                    <p>The merge obsoletes this Patient.</p>

                  </div>
                </td>
              </tr>
              <tr>
                <td style="white-space:nowrap">
                  <a name="x-https://terminology.hlth.gov.bc.ca/ClientRegistry/CodeSystem/bc-client-registry-merge-status-code-system-cancelled"> </a>  
                  <a href="CodeSystem-bc-client-registry-merge-status-code-system.html#bc-client-registry-merge-status-code-system-cancelled">cancelled</a>
                </td>
                <td>https://terminology.hlth.gov.bc.ca/ClientRegistry/CodeSystem/bc-client-registry-merge-status-code-system</td>
                <td>cancelled</td>
                <td>
                  <div>
                    <p>The merge cancels this Patient.</p>

                  </div>
                </td>
              </tr>
            </table>
          </div>
        </text>
        <url value="https://terminology.hlth.gov.bc.ca/ClientRegistry/ValueSet/bc-merge-status-value-set"/>
        <version value="1.0.0"/>
        <name value="MergeStatusVS"/>
        <title value="BC Merge Status Value Set"/>
        <status value="active"/>
        <experimental value="false"/>
        <date value="2024-10-11T22:07:31+00:00"/>
        <jurisdiction>
          <coding>
            <system value="urn:iso:std:iso:3166"/>
            <code value="CA"/>
            <display value="Canada"/>
          </coding>
        </jurisdiction>
        <expansion>
          <identifier value="urn:uuid:a6ab5e5c-1579-4904-968b-6a1e8f959d06"/>
          <timestamp value="2024-10-11T22:08:25+00:00"/>
          <total value="2"/>
          <offset value="0"/>
          <parameter>
            <name value="count"/>
            <valueInteger value="1000"/>
          </parameter>
          <parameter>
            <name value="offset"/>
            <valueInteger value="0"/>
          </parameter>
          <parameter>
            <name value="excludeNested"/>
            <valueBoolean value="false"/>
          </parameter>
          <parameter>
            <name value="used-codesystem"/>
            <valueUri value="https://terminology.hlth.gov.bc.ca/ClientRegistry/CodeSystem/bc-client-registry-merge-status-code-system|1.0.0"/>
          </parameter>
          <contains>
            <system value="https://terminology.hlth.gov.bc.ca/ClientRegistry/CodeSystem/bc-client-registry-merge-status-code-system"/>
            <code value="obsolete"/>
            <display value="obsolete"/>
          </contains>
          <contains>
            <system value="https://terminology.hlth.gov.bc.ca/ClientRegistry/CodeSystem/bc-client-registry-merge-status-code-system"/>
            <code value="cancelled"/>
            <display value="cancelled"/>
          </contains>
        </expansion>
      </ValueSet>
    </resource>
  </entry>
  <entry>
    <fullUrl value="https://terminology.hlth.gov.bc.ca/ClientRegistry/ValueSet/bc-name-use-value-set"/>
    <resource>
      <ValueSet>
        <text>
          <status value="generated"/>
          <div xmlns="http://www.w3.org/1999/xhtml">
            <p class="res-header-id">
              <b>Generated Narrative: ValueSet </b>
            </p>
            <div style="border: black 1px dotted; background-color: #EEEEEE; padding: 8px; margin-bottom: 8px">
              <p>Expansion based on:</p>
              <ul>
                <li>
                  <a href="http://hl7.org/fhir/R4/codesystem-name-use.html">codesystem NameUse v4.0.1 (CodeSystem)</a>
                </li>
                <li>
                  <a href="http://hl7.org/fhir/R4/valueset-name-use.html">valueset NameUse v4.0.1 (ValueSet)</a>
                </li>
              </ul>
            </div>
            <p>This value set contains 3 concepts</p>
            <table class="codes">
              <tr>
                <td style="white-space:nowrap">
                  <b>Code</b>
                </td>
                <td>
                  <b>System</b>
                </td>
                <td>
                  <b>Display</b>
                </td>
                <td>
                  <b>Definition</b>
                </td>
              </tr>
              <tr>
                <td style="white-space:nowrap">
                  <a name="x-http://hl7.org/fhir/name-use-usual"> </a>  
                  <a href="http://hl7.org/fhir/R4/codesystem-name-use.html#name-use-usual">usual</a>
                </td>
                <td>http://hl7.org/fhir/name-use</td>
                <td>Usual</td>
                <td>
                  <div>
                    <p>Known as/conventional/the one you normally use.</p>

                  </div>
                </td>
              </tr>
              <tr>
                <td style="white-space:nowrap">
                  <a name="x-http://hl7.org/fhir/name-use-official"> </a>  
                  <a href="http://hl7.org/fhir/R4/codesystem-name-use.html#name-use-official">official</a>
                </td>
                <td>http://hl7.org/fhir/name-use</td>
                <td>Official</td>
                <td>
                  <div>
                    <p>The formal name as registered in an official (government) registry, but which name might not be commonly used. May be called &quot;legal name&quot;.</p>

                  </div>
                </td>
              </tr>
              <tr>
                <td style="white-space:nowrap">
                  <a name="x-http://hl7.org/fhir/name-use-nickname"> </a>  
                  <a href="http://hl7.org/fhir/R4/codesystem-name-use.html#name-use-nickname">nickname</a>
                </td>
                <td>http://hl7.org/fhir/name-use</td>
                <td>Nickname</td>
                <td>
                  <div>
                    <p>A name that is used to address the person in an informal manner, but is not part of their formal or usual name.</p>

                  </div>
                </td>
              </tr>
            </table>
          </div>
        </text>
        <url value="https://terminology.hlth.gov.bc.ca/ClientRegistry/ValueSet/bc-name-use-value-set"/>
        <version value="1.0.0"/>
        <name value="NameUseVS"/>
        <title value="BC Name Use value set."/>
        <status value="active"/>
        <experimental value="false"/>
        <date value="2024-10-11T22:07:31+00:00"/>
        <jurisdiction>
          <coding>
            <system value="urn:iso:std:iso:3166"/>
            <code value="CA"/>
            <display value="Canada"/>
          </coding>
        </jurisdiction>
        <expansion>
          <identifier value="urn:uuid:6a4d1b02-cea9-466c-99ea-1e771bb3f14c"/>
          <timestamp value="2024-10-11T22:08:25+00:00"/>
          <total value="3"/>
          <offset value="0"/>
          <parameter>
            <name value="count"/>
            <valueInteger value="1000"/>
          </parameter>
          <parameter>
            <name value="offset"/>
            <valueInteger value="0"/>
          </parameter>
          <parameter>
            <name value="excludeNested"/>
            <valueBoolean value="false"/>
          </parameter>
          <parameter>
            <name value="used-valueset"/>
            <valueUri value="http://hl7.org/fhir/ValueSet/name-use|4.0.1"/>
          </parameter>
          <parameter>
            <name value="used-codesystem"/>
            <valueUri value="http://hl7.org/fhir/name-use|4.0.1"/>
          </parameter>
          <contains>
            <system value="http://hl7.org/fhir/name-use"/>
            <code value="usual"/>
            <display value="Usual"/>
          </contains>
          <contains>
            <system value="http://hl7.org/fhir/name-use"/>
            <code value="official"/>
            <display value="Official"/>
          </contains>
          <contains>
            <system value="http://hl7.org/fhir/name-use"/>
            <code value="nickname"/>
            <display value="Nickname"/>
          </contains>
        </expansion>
      </ValueSet>
    </resource>
  </entry>
</Bundle>