{
  "resourceType" : "Bundle",
  "id" : "Bundle-MergePatient-Request-Example",
  "meta" : {
    "profile" : ["http://hlth.gov.bc.ca/fhir/client/StructureDefinition/bc-merge-request-bundle"]
  },
  "type" : "collection",
  "timestamp" : "2011-09-13T16:11:43.000-07:00",
  "link" : [{
    "relation" : "self",
    "url" : "http://hlth.gov.bc.ca/fhir/client/Patient/$MergePatient"
  }],
  "entry" : [{
    "fullUrl" : "urn:uuid:e770dd20-7fe9-406f-a57c-52ed466f2222",
    "resource" : {
      "resourceType" : "Parameters",
      "id" : "Parameters-MergePatient-TwoNonSurvivors-Example",
      "meta" : {
        "profile" : ["http://hlth.gov.bc.ca/fhir/client/StructureDefinition/bc-metadata-parameters-in"]
      },
      "parameter" : [{
        "name" : "messageId",
        "valueString" : "98028b44-882a-4c72-8c92-b87d916147e1"
      },
      {
        "name" : "messageDateTime",
        "valueDateTime" : "2021-11-02T13:28:17-08:00"
      }]
    }
  },
  {
    "fullUrl" : "urn:uuid:e770dd20-7fe9-406f-a57c-52ed466f4444",
    "resource" : {
      "resourceType" : "Patient",
      "id" : "Patient-MergePatient-Example",
      "meta" : {
        "profile" : ["http://hlth.gov.bc.ca/fhir/client/StructureDefinition/bc-merge-patient"]
      },
      "text" : {
        "status" : "generated",
        "div" : "<div xmlns=\"http://www.w3.org/1999/xhtml\"><a name=\"Patient_Patient-MergePatient-Example\"> </a><p class=\"res-header-id\"><b>Generated Narrative: Patient Patient-MergePatient-Example</b></p><a name=\"Patient-MergePatient-Example\"> </a><a name=\"hcPatient-MergePatient-Example\"> </a><a name=\"Patient-MergePatient-Example-en-US\"> </a><p style=\"border: 1px #661aff solid; background-color: #e6e6ff; padding: 10px;\">Anonymous Patient (no stated gender), DoB Unknown ( Account number\u00a0(use:\u00a0official,\u00a0))</p><hr/><table class=\"grid\"><tr><td style=\"background-color: #f3f5da\" title=\"Record is active\">Active:</td><td colspan=\"3\">true</td></tr><tr><td style=\"background-color: #f3f5da\" title=\"Patient Links\">Links:</td><td colspan=\"3\"><ul><li>This record replaces: Identifier: Account number/123345654\u00a0(use:\u00a0official,\u00a0)</li><li>This record replaces: Identifier: Account number/123345654\u00a0(use:\u00a0secondary,\u00a0)</li><li>This record replaces: Identifier: Account number/123345654\u00a0(use:\u00a0secondary,\u00a0)</li><li>This record replaces: Identifier: Jurisdictional health number/9876543210\u00a0(use:\u00a0official,\u00a0)</li></ul></td></tr></table></div>"
      },
      "identifier" : [{
        "extension" : [{
          "url" : "http://hlth.gov.bc.ca/fhir/client/StructureDefinition/bc-identifier-status-extension",
          "valueCode" : "active"
        }],
        "use" : "official",
        "type" : {
          "coding" : [{
            "system" : "http://terminology.hl7.org/CodeSystem/v2-0203",
            "code" : "AN"
          }]
        },
        "system" : "https://health.gov.bc.ca/fhir/NamingSystem/ca-bc-iha-iha-source-patient-id",
        "value" : "8375493847"
      }],
      "active" : true,
      "link" : [{
        "extension" : [{
          "url" : "http://hlth.gov.bc.ca/fhir/client/StructureDefinition/bc-merge-status-extension",
          "valueCode" : "cancelled"
        }],
        "other" : {
          "identifier" : {
            "extension" : [{
              "url" : "http://hlth.gov.bc.ca/fhir/client/StructureDefinition/bc-identifier-status-extension",
              "valueCode" : "active"
            }],
            "use" : "official",
            "type" : {
              "coding" : [{
                "system" : "http://terminology.hl7.org/CodeSystem/v2-0203",
                "code" : "AN"
              }]
            },
            "system" : "https://health.gov.bc.ca/fhir/NamingSystem/ca-bc-iha-iha-source-patient-id",
            "value" : "123345654"
          }
        },
        "type" : "replaces"
      },
      {
        "extension" : [{
          "url" : "http://hlth.gov.bc.ca/fhir/client/StructureDefinition/bc-merge-status-extension",
          "valueCode" : "cancelled"
        }],
        "other" : {
          "identifier" : {
            "extension" : [{
              "url" : "http://hlth.gov.bc.ca/fhir/client/StructureDefinition/bc-identifier-status-extension",
              "valueCode" : "active"
            }],
            "use" : "secondary",
            "type" : {
              "coding" : [{
                "system" : "http://terminology.hl7.org/CodeSystem/v2-0203",
                "code" : "AN"
              }]
            },
            "system" : "https://health.gov.bc.ca/fhir/NamingSystem/ca-bc-vpp-cw-source-patient-id",
            "value" : "123345654"
          }
        },
        "type" : "replaces"
      },
      {
        "extension" : [{
          "url" : "http://hlth.gov.bc.ca/fhir/client/StructureDefinition/bc-merge-status-extension",
          "valueCode" : "obsolete"
        }],
        "other" : {
          "identifier" : {
            "extension" : [{
              "url" : "http://hlth.gov.bc.ca/fhir/client/StructureDefinition/bc-identifier-status-extension",
              "valueCode" : "active"
            }],
            "use" : "secondary",
            "type" : {
              "coding" : [{
                "system" : "http://terminology.hl7.org/CodeSystem/v2-0203",
                "code" : "AN"
              }]
            },
            "system" : "https://health.gov.bc.ca/fhir/NamingSystem/ca-bc-vpp-cw-source-patient-id",
            "value" : "123345654"
          }
        },
        "type" : "replaces"
      },
      {
        "extension" : [{
          "url" : "http://hlth.gov.bc.ca/fhir/client/StructureDefinition/bc-merge-status-extension",
          "valueCode" : "obsolete"
        }],
        "other" : {
          "identifier" : {
            "use" : "official",
            "type" : {
              "coding" : [{
                "system" : "http://terminology.hl7.org/CodeSystem/v2-0203",
                "code" : "JHN"
              }]
            },
            "system" : "https://fhir.infoway-inforoute.ca/NamingSystem/ca-bc-patient-healthcare-id",
            "value" : "9876543210"
          }
        },
        "type" : "replaces"
      }]
    }
  }]
}