{
  "package": "fhir.ca-bc.client",
  "version": "1.0.0",
  "fhirVersion": "4.0.1",
  "jurisdiction": "CA",
  "extensions": [
    {
      "url": "http://hlth.gov.bc.ca/fhir/client/StructureDefinition/bc-birthdate-history-extension",
      "title": "BC Birth Date History",
      "types": [
        "date",
        "base64Binary",
        "boolean",
        "canonical",
        "code",
        "date",
        "dateTime",
        "decimal",
        "id",
        "instant",
        "integer",
        "markdown",
        "oid",
        "positiveInt",
        "string",
        "time",
        "unsignedInt",
        "uri",
        "url",
        "uuid",
        "Address",
        "Age",
        "Annotation",
        "Attachment",
        "CodeableConcept",
        "Coding",
        "ContactPoint",
        "Count",
        "Distance",
        "Duration",
        "HumanName",
        "Identifier",
        "Money",
        "Period",
        "Quantity",
        "Range",
        "Ratio",
        "Reference",
        "SampledData",
        "Signature",
        "Timing",
        "ContactDetail",
        "Contributor",
        "DataRequirement",
        "Expression",
        "ParameterDefinition",
        "RelatedArtifact",
        "TriggerDefinition",
        "UsageContext",
        "Dosage",
        "Meta"
      ]
    },
    {
      "url": "http://hlth.gov.bc.ca/fhir/client/StructureDefinition/bc-business-period-extension",
      "title": "BC Business Dates",
      "types": [
        "Period"
      ]
    },
    {
      "url": "http://hlth.gov.bc.ca/fhir/client/StructureDefinition/bc-death-date-history-extension",
      "title": "BC Death Date History",
      "types": [
        "dateTime",
        "base64Binary",
        "boolean",
        "canonical",
        "code",
        "date",
        "dateTime",
        "decimal",
        "id",
        "instant",
        "integer",
        "markdown",
        "oid",
        "positiveInt",
        "string",
        "time",
        "unsignedInt",
        "uri",
        "url",
        "uuid",
        "Address",
        "Age",
        "Annotation",
        "Attachment",
        "CodeableConcept",
        "Coding",
        "ContactPoint",
        "Count",
        "Distance",
        "Duration",
        "HumanName",
        "Identifier",
        "Money",
        "Period",
        "Quantity",
        "Range",
        "Ratio",
        "Reference",
        "SampledData",
        "Signature",
        "Timing",
        "ContactDetail",
        "Contributor",
        "DataRequirement",
        "Expression",
        "ParameterDefinition",
        "RelatedArtifact",
        "TriggerDefinition",
        "UsageContext",
        "Dosage",
        "Meta"
      ]
    },
    {
      "url": "http://hlth.gov.bc.ca/fhir/client/StructureDefinition/bc-death-verified-flag-extension",
      "title": "BC Death Verified Flag",
      "types": [
        "boolean",
        "base64Binary",
        "boolean",
        "canonical",
        "code",
        "date",
        "dateTime",
        "decimal",
        "id",
        "instant",
        "integer",
        "markdown",
        "oid",
        "positiveInt",
        "string",
        "time",
        "unsignedInt",
        "uri",
        "url",
        "uuid",
        "Address",
        "Age",
        "Annotation",
        "Attachment",
        "CodeableConcept",
        "Coding",
        "ContactPoint",
        "Count",
        "Distance",
        "Duration",
        "HumanName",
        "Identifier",
        "Money",
        "Period",
        "Quantity",
        "Range",
        "Ratio",
        "Reference",
        "SampledData",
        "Signature",
        "Timing",
        "ContactDetail",
        "Contributor",
        "DataRequirement",
        "Expression",
        "ParameterDefinition",
        "RelatedArtifact",
        "TriggerDefinition",
        "UsageContext",
        "Dosage",
        "Meta"
      ]
    },
    {
      "url": "http://hlth.gov.bc.ca/fhir/client/StructureDefinition/bc-death-verified-flag-history-extension",
      "title": "BC Death Verified Flag History",
      "types": [
        "boolean",
        "base64Binary",
        "boolean",
        "canonical",
        "code",
        "date",
        "dateTime",
        "decimal",
        "id",
        "instant",
        "integer",
        "markdown",
        "oid",
        "positiveInt",
        "string",
        "time",
        "unsignedInt",
        "uri",
        "url",
        "uuid",
        "Address",
        "Age",
        "Annotation",
        "Attachment",
        "CodeableConcept",
        "Coding",
        "ContactPoint",
        "Count",
        "Distance",
        "Duration",
        "HumanName",
        "Identifier",
        "Money",
        "Period",
        "Quantity",
        "Range",
        "Ratio",
        "Reference",
        "SampledData",
        "Signature",
        "Timing",
        "ContactDetail",
        "Contributor",
        "DataRequirement",
        "Expression",
        "ParameterDefinition",
        "RelatedArtifact",
        "TriggerDefinition",
        "UsageContext",
        "Dosage",
        "Meta"
      ]
    },
    {
      "url": "http://hlth.gov.bc.ca/fhir/client/StructureDefinition/bc-gender-history-extension",
      "title": "BC Gender History",
      "types": [
        "code",
        "base64Binary",
        "boolean",
        "canonical",
        "code",
        "date",
        "dateTime",
        "decimal",
        "id",
        "instant",
        "integer",
        "markdown",
        "oid",
        "positiveInt",
        "string",
        "time",
        "unsignedInt",
        "uri",
        "url",
        "uuid",
        "Address",
        "Age",
        "Annotation",
        "Attachment",
        "CodeableConcept",
        "Coding",
        "ContactPoint",
        "Count",
        "Distance",
        "Duration",
        "HumanName",
        "Identifier",
        "Money",
        "Period",
        "Quantity",
        "Range",
        "Ratio",
        "Reference",
        "SampledData",
        "Signature",
        "Timing",
        "ContactDetail",
        "Contributor",
        "DataRequirement",
        "Expression",
        "ParameterDefinition",
        "RelatedArtifact",
        "TriggerDefinition",
        "UsageContext",
        "Dosage",
        "Meta"
      ]
    },
    {
      "url": "http://hlth.gov.bc.ca/fhir/client/StructureDefinition/bc-gender-identity-extension",
      "title": "BC Gender Identity with business dates.",
      "types": [
        "base64Binary",
        "boolean",
        "canonical",
        "code",
        "date",
        "dateTime",
        "decimal",
        "id",
        "instant",
        "integer",
        "markdown",
        "oid",
        "positiveInt",
        "string",
        "time",
        "unsignedInt",
        "uri",
        "url",
        "uuid",
        "Address",
        "Age",
        "Annotation",
        "Attachment",
        "CodeableConcept",
        "Coding",
        "ContactPoint",
        "Count",
        "Distance",
        "Duration",
        "HumanName",
        "Identifier",
        "Money",
        "Period",
        "Quantity",
        "Range",
        "Ratio",
        "Reference",
        "SampledData",
        "Signature",
        "Timing",
        "ContactDetail",
        "Contributor",
        "DataRequirement",
        "Expression",
        "ParameterDefinition",
        "RelatedArtifact",
        "TriggerDefinition",
        "UsageContext",
        "Dosage",
        "Meta"
      ]
    },
    {
      "url": "http://hlth.gov.bc.ca/fhir/client/StructureDefinition/bc-identifier-status-extension",
      "title": "BC Identifier Status",
      "types": [
        "code"
      ]
    },
    {
      "url": "http://hlth.gov.bc.ca/fhir/client/StructureDefinition/bc-merge-status-extension",
      "title": "BC Merge Status Code",
      "types": [
        "code"
      ]
    },
    {
      "url": "http://hlth.gov.bc.ca/fhir/client/StructureDefinition/bc-multiplebirth-history-extension",
      "title": "BC Multiple Birth History",
      "types": [
        "boolean",
        "integer",
        "base64Binary",
        "boolean",
        "canonical",
        "code",
        "date",
        "dateTime",
        "decimal",
        "id",
        "instant",
        "integer",
        "markdown",
        "oid",
        "positiveInt",
        "string",
        "time",
        "unsignedInt",
        "uri",
        "url",
        "uuid",
        "Address",
        "Age",
        "Annotation",
        "Attachment",
        "CodeableConcept",
        "Coding",
        "ContactPoint",
        "Count",
        "Distance",
        "Duration",
        "HumanName",
        "Identifier",
        "Money",
        "Period",
        "Quantity",
        "Range",
        "Ratio",
        "Reference",
        "SampledData",
        "Signature",
        "Timing",
        "ContactDetail",
        "Contributor",
        "DataRequirement",
        "Expression",
        "ParameterDefinition",
        "RelatedArtifact",
        "TriggerDefinition",
        "UsageContext",
        "Dosage",
        "Meta"
      ]
    },
    {
      "url": "http://hlth.gov.bc.ca/fhir/client/StructureDefinition/bc-sourceId-extension",
      "title": "BC SourceID and UserID",
      "types": [
        "string",
        "string",
        "base64Binary",
        "boolean",
        "canonical",
        "code",
        "date",
        "dateTime",
        "decimal",
        "id",
        "instant",
        "integer",
        "markdown",
        "oid",
        "positiveInt",
        "string",
        "time",
        "unsignedInt",
        "uri",
        "url",
        "uuid",
        "Address",
        "Age",
        "Annotation",
        "Attachment",
        "CodeableConcept",
        "Coding",
        "ContactPoint",
        "Count",
        "Distance",
        "Duration",
        "HumanName",
        "Identifier",
        "Money",
        "Period",
        "Quantity",
        "Range",
        "Ratio",
        "Reference",
        "SampledData",
        "Signature",
        "Timing",
        "ContactDetail",
        "Contributor",
        "DataRequirement",
        "Expression",
        "ParameterDefinition",
        "RelatedArtifact",
        "TriggerDefinition",
        "UsageContext",
        "Dosage",
        "Meta"
      ]
    },
    {
      "url": "http://hlth.gov.bc.ca/fhir/client/StructureDefinition/bc-validation-status-extension",
      "title": "BC Address Validation Status Code",
      "types": [
        "code"
      ]
    }
  ],
  "profiles": {
    "Subscription": [
      {
        "url": "http://hlth.gov.bc.ca/fhir/client/StructureDefinition/HCIMPatientChangeSubscription",
        "title": "HCIMPatientChangeSubscription"
      }
    ],
    "Bundle": [
      {
        "url": "http://hlth.gov.bc.ca/fhir/client/StructureDefinition/bc-revise-request-bundle",
        "title": "ReviseRequestBundle"
      },
      {
        "url": "http://hlth.gov.bc.ca/fhir/client/StructureDefinition/bc-revise-response-bundle",
        "title": "ReviseResponseBundle"
      },
      {
        "url": "http://hlth.gov.bc.ca/fhir/client/StructureDefinition/bc-search-response-bundle",
        "title": "SearchResponseBundle"
      },
      {
        "url": "http://hlth.gov.bc.ca/fhir/client/StructureDefinition/bc-subscription-notification-bundle",
        "title": "SubscriptionNotificationBundle"
      }
    ],
    "Patient": [
      {
        "url": "http://hlth.gov.bc.ca/fhir/client/StructureDefinition/bc-patient",
        "title": "ClientRegistryPatient"
      },
      {
        "url": "http://hlth.gov.bc.ca/fhir/client/StructureDefinition/bc-patient-by-example",
        "title": "PatientByExample"
      }
    ],
    "Parameters": [
      {
        "url": "http://hlth.gov.bc.ca/fhir/client/StructureDefinition/bc-metadata-parameter-async-response",
        "title": "MetadataParametersAsync"
      },
      {
        "url": "http://hlth.gov.bc.ca/fhir/client/StructureDefinition/bc-metadata-parameters-in",
        "title": "MetadataParametersIn"
      },
      {
        "url": "http://hlth.gov.bc.ca/fhir/client/StructureDefinition/bc-metadata-parameters-out",
        "title": "MetadataParametersOut"
      },
      {
        "url": "http://hlth.gov.bc.ca/fhir/client/StructureDefinition/bc-metadata-parameters-subscription",
        "title": "MetadataParametersSubscription"
      }
    ]
  },
  "usage": {
    "http://hl7.org/fhir/5.0/StructureDefinition/extension-SubscriptionTopic.canFilterBy": [
      "Basic"
    ],
    "http://hl7.org/fhir/5.0/StructureDefinition/extension-SubscriptionTopic.contact": [
      "Basic"
    ],
    "http://hl7.org/fhir/5.0/StructureDefinition/extension-SubscriptionTopic.date": [
      "Basic"
    ],
    "http://hl7.org/fhir/5.0/StructureDefinition/extension-SubscriptionTopic.description": [
      "Basic"
    ],
    "http://hl7.org/fhir/5.0/StructureDefinition/extension-SubscriptionTopic.eventTrigger": [
      "Basic"
    ],
    "http://hl7.org/fhir/5.0/StructureDefinition/extension-SubscriptionTopic.experimental": [
      "Basic"
    ],
    "http://hl7.org/fhir/5.0/StructureDefinition/extension-SubscriptionTopic.jurisdiction": [
      "Basic"
    ],
    "http://hl7.org/fhir/5.0/StructureDefinition/extension-SubscriptionTopic.name": [
      "Basic"
    ],
    "http://hl7.org/fhir/5.0/StructureDefinition/extension-SubscriptionTopic.publisher": [
      "Basic"
    ],
    "http://hl7.org/fhir/5.0/StructureDefinition/extension-SubscriptionTopic.status": [
      "Basic"
    ],
    "http://hl7.org/fhir/5.0/StructureDefinition/extension-SubscriptionTopic.title": [
      "Basic"
    ],
    "http://hl7.org/fhir/5.0/StructureDefinition/extension-SubscriptionTopic.url": [
      "Basic"
    ],
    "http://hl7.org/fhir/5.0/StructureDefinition/extension-SubscriptionTopic.version": [
      "Basic"
    ],
    "http://hl7.org/fhir/StructureDefinition/data-absent-reason": [
      "Patient.identifier.value"
    ],
    "http://hl7.org/fhir/StructureDefinition/elementdefinition-bestpractice": [
      "StructureDefinition.snapshot.element.constraint"
    ],
    "http://hl7.org/fhir/StructureDefinition/elementdefinition-bestpractice-explanation": [
      "StructureDefinition.snapshot.element.constraint"
    ],
    "http://hl7.org/fhir/StructureDefinition/elementdefinition-bindingName": [
      "StructureDefinition.snapshot.element.binding"
    ],
    "http://hl7.org/fhir/StructureDefinition/elementdefinition-maxValueSet": [
      "StructureDefinition.snapshot.element.binding"
    ],
    "http://hl7.org/fhir/StructureDefinition/iso21090-preferred": [
      "Patient.address"
    ],
    "http://hl7.org/fhir/StructureDefinition/patient-genderIdentity": [
      "Extension"
    ],
    "http://hl7.org/fhir/StructureDefinition/regex": [
      "StructureDefinition.snapshot.element.type"
    ],
    "http://hl7.org/fhir/StructureDefinition/structuredefinition-fhir-type": [
      "StructureDefinition.snapshot.element.type"
    ],
    "http://hl7.org/fhir/StructureDefinition/structuredefinition-hierarchy": [
      "StructureDefinition.snapshot.element.type"
    ],
    "http://hl7.org/fhir/StructureDefinition/structuredefinition-normative-version": [
      "StructureDefinition.snapshot.element"
    ],
    "http://hl7.org/fhir/StructureDefinition/structuredefinition-standards-status": [
      "StructureDefinition.snapshot.element"
    ],
    "http://hl7.org/fhir/ca/baseline/StructureDefinition/ext-aboriginalidentitygroup": [
      "Patient"
    ],
    "http://hl7.org/fhir/ca/baseline/StructureDefinition/ext-aboriginalidentityindicator": [
      "Patient"
    ],
    "http://hl7.org/fhir/ca/baseline/StructureDefinition/ext-ethnicity": [
      "Patient"
    ],
    "http://hl7.org/fhir/ca/baseline/StructureDefinition/ext-identifierversion": [
      "Patient.identifier"
    ],
    "http://hl7.org/fhir/ca/baseline/StructureDefinition/ext-nofixedaddress": [
      "Patient.address"
    ],
    "http://hl7.org/fhir/ca/baseline/StructureDefinition/ext-patientbirthsex": [
      "Patient"
    ],
    "http://hl7.org/fhir/tools/StructureDefinition/ig-internal-dependency": [
      "ImplementationGuide.definition"
    ],
    "http://hl7.org/fhir/tools/StructureDefinition/ig-page-name": [
      "ImplementationGuide.definition.page",
      "ImplementationGuide.definition.page.page"
    ],
    "http://hl7.org/fhir/tools/StructureDefinition/ig-parameter": [
      "ImplementationGuide.definition"
    ],
    "http://hl7.org/fhir/tools/StructureDefinition/implementationguide-dependency-comment": [
      "ImplementationGuide.dependsOn"
    ],
    "http://hl7.org/fhir/tools/StructureDefinition/resource-information": [
      "ImplementationGuide.definition.resource"
    ],
    "http://hl7.org/fhir/uv/subscriptions-backport/StructureDefinition/backport-channel-type": [
      "Subscription.channel.type"
    ],
    "http://hl7.org/fhir/uv/subscriptions-backport/StructureDefinition/backport-filter-criteria": [
      "Subscription.criteria"
    ],
    "http://hl7.org/fhir/uv/subscriptions-backport/StructureDefinition/backport-heartbeat-period": [
      "Subscription.channel"
    ],
    "http://hl7.org/fhir/uv/subscriptions-backport/StructureDefinition/backport-max-count": [
      "Subscription.channel"
    ],
    "http://hl7.org/fhir/uv/subscriptions-backport/StructureDefinition/backport-payload-content": [
      "Subscription.channel.payload"
    ],
    "http://hl7.org/fhir/uv/subscriptions-backport/StructureDefinition/backport-timeout": [
      "Subscription.channel"
    ],
    "http://hl7.org/fhir/uv/subscriptions-backport/StructureDefinition/capabilitystatement-subscriptiontopic-canonical": [
      "CapabilityStatement.rest.resource"
    ],
    "http://hlth.gov.bc.ca/fhir/client/StructureDefinition/bc-birthdate-history-extension": [
      "Bundle.entry.resource.birthDate",
      "Patient.birthDate"
    ],
    "http://hlth.gov.bc.ca/fhir/client/StructureDefinition/bc-business-period-extension": [
      "Bundle.entry.resource.birthDate",
      "Bundle.entry.resource.deceasedDateTime",
      "Bundle.entry.resource.gender",
      "Extension",
      "Patient",
      "Patient.birthDate",
      "Patient.deceased[x]",
      "Patient.gender",
      "Patient.multipleBirth[x]"
    ],
    "http://hlth.gov.bc.ca/fhir/client/StructureDefinition/bc-death-date-history-extension": [
      "Bundle.entry.resource.deceasedDateTime",
      "Patient.deceased[x]"
    ],
    "http://hlth.gov.bc.ca/fhir/client/StructureDefinition/bc-death-verified-flag-extension": [
      "Bundle.entry.resource.deceasedDateTime",
      "Patient.deceased[x]"
    ],
    "http://hlth.gov.bc.ca/fhir/client/StructureDefinition/bc-death-verified-flag-history-extension": [
      "Extension"
    ],
    "http://hlth.gov.bc.ca/fhir/client/StructureDefinition/bc-gender-history-extension": [
      "Bundle.entry.resource.gender",
      "Patient.gender"
    ],
    "http://hlth.gov.bc.ca/fhir/client/StructureDefinition/bc-gender-identity-extension": [
      "Patient"
    ],
    "http://hlth.gov.bc.ca/fhir/client/StructureDefinition/bc-identifier-status-extension": [
      "Bundle.entry.resource.identifier",
      "Bundle.entry.resource.link.other.identifier",
      "Patient.identifier",
      "Patient.link.other.identifier"
    ],
    "http://hlth.gov.bc.ca/fhir/client/StructureDefinition/bc-merge-status-extension": [
      "Bundle.entry.resource.link",
      "Patient.link"
    ],
    "http://hlth.gov.bc.ca/fhir/client/StructureDefinition/bc-multiplebirth-history-extension": [
      "Patient.multipleBirth[x]"
    ],
    "http://hlth.gov.bc.ca/fhir/client/StructureDefinition/bc-sourceId-extension": [
      "Bundle.entry.resource.address",
      "Bundle.entry.resource.birthDate",
      "Bundle.entry.resource.deceasedDateTime",
      "Bundle.entry.resource.gender",
      "Bundle.entry.resource.identifier",
      "Bundle.entry.resource.name",
      "Bundle.entry.resource.telecom",
      "Extension",
      "Patient.address",
      "Patient.birthDate",
      "Patient.deceased[x]",
      "Patient.gender",
      "Patient.identifier",
      "Patient.multipleBirth[x]",
      "Patient.name",
      "Patient.telecom"
    ],
    "http://hlth.gov.bc.ca/fhir/client/StructureDefinition/bc-validation-status-extension": [
      "Bundle.entry.resource.address",
      "Patient.address"
    ]
  }
}