<?xml version="1.0" encoding="UTF-8"?><CodeSystem xmlns="http://hl7.org/fhir"><id value="bc-client-registry-merge-status-code-system"/><text><status value="generated"/><div xmlns="http://www.w3.org/1999/xhtml"><p>This code system http://hlth.gov.bc.ca/fhir/client/CodeSystem/bc-client-registry-merge-status-code-system defines the following codes:</p><table class="codes"><tr><td style="white-space:nowrap"><b>Code</b></td><td><b>Display</b></td><td><b>Definition</b></td></tr><tr><td style="white-space:nowrap">obsolete<a name="bc-client-registry-merge-status-code-system-obsolete"> </a></td><td>obsolete</td><td>The merge obsoletes this Patient.</td></tr><tr><td style="white-space:nowrap">cancelled<a name="bc-client-registry-merge-status-code-system-cancelled"> </a></td><td>cancelled</td><td>The merge cancels this Patient.</td></tr></table></div></text><url value="http://hlth.gov.bc.ca/fhir/client/CodeSystem/bc-client-registry-merge-status-code-system"/><version value="0.1.0"/><name value="MergeStatusCS"/><title value="BC Client Registry merge status."/><status value="active"/><date value="2022-07-26T20:32:00+00:00"/><publisher value="BC Ministry of Health"/><contact><name value="BC Ministry of Health"/><telecom><system value="url"/><value value="https://www2.gov.bc.ca/gov/content/governments/organizational-structure/ministries-organizations/ministries/health"/></telecom></contact><description value="Codes used to describe the merge status."/><jurisdiction><coding><system value="urn:iso:std:iso:3166"/><code value="CA"/><display value="Canada"/></coding></jurisdiction><caseSensitive value="true"/><content value="complete"/><count value="2"/><concept><code value="obsolete"/><display value="obsolete"/><definition value="The merge obsoletes this Patient."/></concept><concept><code value="cancelled"/><display value="cancelled"/><definition value="The merge cancels this Patient."/></concept></CodeSystem>