<?xml version="1.0" encoding="UTF-8"?><CodeSystem xmlns="http://hl7.org/fhir"><id value="bc-identifier-status-code-system"/><text><status value="generated"/><div xmlns="http://www.w3.org/1999/xhtml"><p>This code system <code>http://hlth.gov.bc.ca/fhir/client/CodeSystem/bc-identifier-status-code-system</code> defines the following codes:</p><table class="codes"><tr><td style="white-space:nowrap"><b>Code</b></td><td><b>Definition</b></td></tr><tr><td style="white-space:nowrap">merged<a name="bc-identifier-status-code-system-merged"> </a></td><td>The identifier has been merged.</td></tr><tr><td style="white-space:nowrap">active<a name="bc-identifier-status-code-system-active"> </a></td><td>The identifier is active.</td></tr></table></div></text><url value="http://hlth.gov.bc.ca/fhir/client/CodeSystem/bc-identifier-status-code-system"/><version value="0.1.0"/><name value="IdentifierStatusCS"/><title value="BC Client registry identifier status code system"/><status value="active"/><date value="2022-10-05T17:01:44+00:00"/><publisher value="BC Ministry of Health"/><contact><name value="BC Ministry of Health"/><telecom><system value="url"/><value value="https://www2.gov.bc.ca/gov/content/governments/organizational-structure/ministries-organizations/ministries/health"/></telecom></contact><description value="BC Client registry identifier status code system."/><jurisdiction><coding><system value="urn:iso:std:iso:3166"/><code value="CA"/><display value="Canada"/></coding></jurisdiction><caseSensitive value="true"/><content value="complete"/><count value="2"/><concept><code value="merged"/><display value="merged"/><definition value="The identifier has been merged."/></concept><concept><code value="active"/><display value="active"/><definition value="The identifier is active."/></concept></CodeSystem>