<?xml version="1.0" encoding="UTF-8"?><ImplementationGuide xmlns="http://hl7.org/fhir"><id value="moh-hcim"/><text><status value="extensions"/><div xmlns="http://www.w3.org/1999/xhtml"><h2>BCHCIM</h2><p>The official URL for this implementation guide is: </p><pre>http://moh.fhir.org/moh-hcim/ImplementationGuide/moh-hcim</pre></div></text><url value="http://moh.fhir.org/moh-hcim/ImplementationGuide/moh-hcim"/><version value="0.1.0"/><name value="BCHCIM"/><status value="draft"/><date value="2021-10-26T17:35:26+00:00"/><packageId value="moh-hcim"/><license value="CC0-1.0"/><fhirVersion value="4.0.1"/><definition><extension url="http://hl7.org/fhir/tools/StructureDefinition/ig-parameter"><extension url="code"><valueString value="copyrightyear"/></extension><extension url="value"><valueString value="2021+"/></extension></extension><extension url="http://hl7.org/fhir/tools/StructureDefinition/ig-parameter"><extension url="code"><valueString value="releaselabel"/></extension><extension url="value"><valueString value="ci-build"/></extension></extension><extension url="http://hl7.org/fhir/tools/StructureDefinition/ig-parameter"><extension url="code"><valueString value="path-liquid"/></extension><extension url="value"><valueString value="template/liquid"/></extension></extension><extension url="http://hl7.org/fhir/tools/StructureDefinition/ig-parameter"><extension url="code"><valueString value="path-liquid"/></extension><extension url="value"><valueString value="input/liquid"/></extension></extension><extension url="http://hl7.org/fhir/tools/StructureDefinition/ig-parameter"><extension url="code"><valueString value="path-qa"/></extension><extension url="value"><valueString value="temp/qa"/></extension></extension><extension url="http://hl7.org/fhir/tools/StructureDefinition/ig-parameter"><extension url="code"><valueString value="path-temp"/></extension><extension url="value"><valueString value="temp/pages"/></extension></extension><extension url="http://hl7.org/fhir/tools/StructureDefinition/ig-parameter"><extension url="code"><valueString value="path-output"/></extension><extension url="value"><valueString value="output"/></extension></extension><extension url="http://hl7.org/fhir/tools/StructureDefinition/ig-parameter"><extension url="code"><valueString value="path-suppressed-warnings"/></extension><extension url="value"><valueString value="input/ignoreWarnings.txt"/></extension></extension><extension url="http://hl7.org/fhir/tools/StructureDefinition/ig-parameter"><extension url="code"><valueString value="path-history"/></extension><extension url="value"><valueString value="http://moh.fhir.org/moh-hcim/history.html"/></extension></extension><extension url="http://hl7.org/fhir/tools/StructureDefinition/ig-parameter"><extension url="code"><valueString value="template-html"/></extension><extension url="value"><valueString value="template-page.html"/></extension></extension><extension url="http://hl7.org/fhir/tools/StructureDefinition/ig-parameter"><extension url="code"><valueString value="template-md"/></extension><extension url="value"><valueString value="template-page-md.html"/></extension></extension><extension url="http://hl7.org/fhir/tools/StructureDefinition/ig-parameter"><extension url="code"><valueString value="apply-contact"/></extension><extension url="value"><valueString value="true"/></extension></extension><extension url="http://hl7.org/fhir/tools/StructureDefinition/ig-parameter"><extension url="code"><valueString value="apply-context"/></extension><extension url="value"><valueString value="true"/></extension></extension><extension url="http://hl7.org/fhir/tools/StructureDefinition/ig-parameter"><extension url="code"><valueString value="apply-copyright"/></extension><extension url="value"><valueString value="true"/></extension></extension><extension url="http://hl7.org/fhir/tools/StructureDefinition/ig-parameter"><extension url="code"><valueString value="apply-jurisdiction"/></extension><extension url="value"><valueString value="true"/></extension></extension><extension url="http://hl7.org/fhir/tools/StructureDefinition/ig-parameter"><extension url="code"><valueString value="apply-license"/></extension><extension url="value"><valueString value="true"/></extension></extension><extension url="http://hl7.org/fhir/tools/StructureDefinition/ig-parameter"><extension url="code"><valueString value="apply-publisher"/></extension><extension url="value"><valueString value="true"/></extension></extension><extension url="http://hl7.org/fhir/tools/StructureDefinition/ig-parameter"><extension url="code"><valueString value="apply-version"/></extension><extension url="value"><valueString value="true"/></extension></extension><extension url="http://hl7.org/fhir/tools/StructureDefinition/ig-parameter"><extension url="code"><valueString value="active-tables"/></extension><extension url="value"><valueString value="true"/></extension></extension><grouping id="Patient"><name value="Patient"/><description value="Artifcats associated with Patients"/></grouping><grouping id="-dyn-operationdefinition"><name value="Behavior: Operation Definitions"/><description value="These are custom operations that can be supported by and/or invoked by systems conforming to this implementation guide"/></grouping><grouping id="-str-profile"><name value="Structures: Resource Profiles"/><description value="These define constraints on FHIR resources for systems conforming to this implementation guide"/></grouping><grouping id="-str-datatype"><name value="Structures: Data Type Profiles"/><description value="These define constraints on FHIR data types for systems conforming to this implementation guide"/></grouping><grouping id="-str-extension"><name value="Structures: Extension Definitions"/><description value="These define constraints on FHIR data types for systems conforming to this implementation guide"/></grouping><grouping id="-term-valueset"><name value="Terminology: Value Sets"/><description value="These define sets of codes used by systems conforming to this implementation guide"/></grouping><grouping id="-term-codesystem"><name value="Terminology: Code Systems"/><description value="These define new code systems used by systems conforming to this implementation guide"/></grouping><grouping id="-ex-example"><name value="Example: Example Instances"/><description value="These are example instances that show what data produced and consumed by systems conforming with this implementation guide might look like"/></grouping><resource><extension url="http://hl7.org/fhir/StructureDefinition/implementationguide-page"><valueUri value="StructureDefinition-bc-client-registry-address.html"/></extension><reference><reference value="StructureDefinition/bc-client-registry-address"/></reference><name value="BCClientRegistryAddress"/><description value="The BC Client Registry address profile."/><exampleBoolean value="false"/><groupingId value="-str-datatype"/></resource><resource><extension url="http://hl7.org/fhir/StructureDefinition/implementationguide-page"><valueUri value="StructureDefinition-BCMetadataParameters.html"/></extension><reference><reference value="StructureDefinition/BCMetadataParameters"/></reference><name value="BCMetadataParameters"/><exampleBoolean value="false"/><groupingId value="-str-profile"/></resource><resource><extension url="http://hl7.org/fhir/StructureDefinition/implementationguide-page"><valueUri value="StructureDefinition-bc-patient.html"/></extension><reference><reference value="StructureDefinition/bc-patient"/></reference><name value="BCPatient"/><description value="General constraints on the Patient resource for use in the BC Client Registry project."/><exampleBoolean value="false"/><groupingId value="Patient"/></resource><resource><extension url="http://hl7.org/fhir/StructureDefinition/implementationguide-page"><valueUri value="StructureDefinition-BCPatientBusinessParameters.html"/></extension><reference><reference value="StructureDefinition/BCPatientBusinessParameters"/></reference><name value="BCPatientBusinessParameters"/><exampleBoolean value="false"/><groupingId value="-str-profile"/></resource><resource><extension url="http://hl7.org/fhir/StructureDefinition/implementationguide-page"><valueUri value="StructureDefinition-bc-address-validation-status.html"/></extension><reference><reference value="StructureDefinition/bc-address-validation-status"/></reference><name value="BC Address validation status code"/><description value="A code that represents the validation status of the address"/><exampleBoolean value="false"/><groupingId value="-str-extension"/></resource><resource><extension url="http://hl7.org/fhir/StructureDefinition/implementationguide-page"><valueUri value="StructureDefinition-bc-death-date-extension.html"/></extension><reference><reference value="StructureDefinition/bc-death-date-extension"/></reference><name value="BC Patient death date"/><description value="The Patients death date and time as recorded in the Client Registry."/><exampleBoolean value="false"/><groupingId value="-str-extension"/></resource><resource><extension url="http://hl7.org/fhir/StructureDefinition/implementationguide-page"><valueUri value="StructureDefinition-bc-phn-business-date.html"/></extension><reference><reference value="StructureDefinition/bc-phn-business-date"/></reference><name value="BC Patient PHN business date"/><description value="The effective start date for the Patient&#39;s PHN."/><exampleBoolean value="false"/><groupingId value="-str-extension"/></resource><resource><extension url="http://hl7.org/fhir/StructureDefinition/implementationguide-page"><valueUri value="StructureDefinition-bc-patient-business-date.html"/></extension><reference><reference value="StructureDefinition/bc-patient-business-date"/></reference><name value="BC Patient business date"/><description value="The effective start date for the Patient."/><exampleBoolean value="false"/><groupingId value="-str-extension"/></resource><resource><extension url="http://hl7.org/fhir/StructureDefinition/implementationguide-page"><valueUri value="ValueSet-bc-address-validation-value-set.html"/></extension><reference><reference value="ValueSet/bc-address-validation-value-set"/></reference><name value="BC Address Validation value set"/><description value="BC Address Validation value set used to desribe the validation status of an address"/><exampleBoolean value="false"/><groupingId value="-term-valueset"/></resource><resource><extension url="http://hl7.org/fhir/StructureDefinition/implementationguide-page"><valueUri value="CodeSystem-bc-client-registry-address-validation-code-system.html"/></extension><reference><reference value="CodeSystem/bc-client-registry-address-validation-code-system"/></reference><name value="BC Client Registry address validation status code"/><description value="Codes used to define the address validation status."/><exampleBoolean value="false"/><groupingId value="-term-codesystem"/></resource><resource><extension url="http://hl7.org/fhir/StructureDefinition/implementationguide-page"><valueUri value="Parameters-FindCandidates.html"/></extension><reference><reference value="Parameters/FindCandidates"/></reference><name value="FindCandidates"/><exampleBoolean value="true"/><groupingId value="-ex-example"/></resource><resource><extension url="http://hl7.org/fhir/StructureDefinition/implementationguide-page"><valueUri value="Bundle-FindCandidatesResponse.html"/></extension><reference><reference value="Bundle/FindCandidatesResponse"/></reference><name value="FindCandidatesResponse"/><exampleBoolean value="true"/><groupingId value="-ex-example"/></resource><resource><extension url="http://hl7.org/fhir/StructureDefinition/implementationguide-page"><valueUri value="Parameters-GetDemographics.html"/></extension><reference><reference value="Parameters/GetDemographics"/></reference><name value="GetDemographics"/><exampleBoolean value="true"/><groupingId value="-ex-example"/></resource><resource><extension url="http://hl7.org/fhir/StructureDefinition/implementationguide-page"><valueUri value="Bundle-GetDemographicsResponse.html"/></extension><reference><reference value="Bundle/GetDemographicsResponse"/></reference><name value="GetDemographicsResponse"/><exampleBoolean value="true"/><groupingId value="-ex-example"/></resource><resource><extension url="http://hl7.org/fhir/StructureDefinition/implementationguide-page"><valueUri value="Patient-MergedPatient.html"/></extension><reference><reference value="Patient/MergedPatient"/></reference><name value="MergedPatient"/><exampleBoolean value="true"/><groupingId value="-ex-example"/></resource><resource><extension url="http://hl7.org/fhir/StructureDefinition/implementationguide-page"><valueUri value="RelatedPerson-MotherRelated.html"/></extension><reference><reference value="RelatedPerson/MotherRelated"/></reference><name value="MotherRelated"/><exampleBoolean value="true"/><groupingId value="-ex-example"/></resource><resource><extension url="http://hl7.org/fhir/StructureDefinition/implementationguide-page"><valueUri value="Patient-Newborn.html"/></extension><reference><reference value="Patient/Newborn"/></reference><name value="Newborn"/><exampleBoolean value="true"/><groupingId value="-ex-example"/></resource><resource><extension url="http://hl7.org/fhir/StructureDefinition/implementationguide-page"><valueUri value="Patient-Patient0Response.html"/></extension><reference><reference value="Patient/Patient0Response"/></reference><name value="Patient0Response"/><exampleBoolean value="true"/><groupingId value="-ex-example"/></resource><resource><extension url="http://hl7.org/fhir/StructureDefinition/implementationguide-page"><valueUri value="Patient-Patient1Response.html"/></extension><reference><reference value="Patient/Patient1Response"/></reference><name value="Patient1Response"/><exampleBoolean value="true"/><groupingId value="-ex-example"/></resource><resource><extension url="http://hl7.org/fhir/StructureDefinition/implementationguide-page"><valueUri value="Patient-Patient2Response.html"/></extension><reference><reference value="Patient/Patient2Response"/></reference><name value="Patient2Response"/><exampleBoolean value="true"/><groupingId value="-ex-example"/></resource><resource><extension url="http://hl7.org/fhir/StructureDefinition/implementationguide-page"><valueUri value="Patient-PatientDemographicsResponse.html"/></extension><reference><reference value="Patient/PatientDemographicsResponse"/></reference><name value="PatientDemographicsResponse"/><exampleBoolean value="true"/><groupingId value="-ex-example"/></resource><resource><extension url="http://hl7.org/fhir/StructureDefinition/implementationguide-page"><valueUri value="Patient-SSRIMergedPatient.html"/></extension><reference><reference value="Patient/SSRIMergedPatient"/></reference><name value="SSRIMergedPatient"/><exampleBoolean value="true"/><groupingId value="-ex-example"/></resource><resource><extension url="http://hl7.org/fhir/StructureDefinition/implementationguide-page"><valueUri value="OperationDefinition-bc-patient-find-candidates.html"/></extension><reference><reference value="OperationDefinition/bc-patient-find-candidates"/></reference><name value="FindCandidatesQuery"/><description value="This operation is used to query for a patient.  The response can contain 0 or more Paitents."/><exampleBoolean value="false"/><groupingId value="-dyn-operationdefinition"/></resource><resource><extension url="http://hl7.org/fhir/StructureDefinition/implementationguide-page"><valueUri value="OperationDefinition-bc-patient-get-demographics.html"/></extension><reference><reference value="OperationDefinition/bc-patient-get-demographics"/></reference><name value="GetDemographicsQuery"/><description value="This operation is used to query for a patient.  The response can contain 0 or 1 Patient."/><exampleBoolean value="false"/><groupingId value="-dyn-operationdefinition"/></resource><resource><extension url="http://hl7.org/fhir/StructureDefinition/implementationguide-page"><valueUri value="OperationDefinition-bc-patient-merge.html"/></extension><reference><reference value="OperationDefinition/bc-patient-merge"/></reference><name value="MergePatient"/><description value="This operation is used to merge patients."/><exampleBoolean value="false"/><groupingId value="-dyn-operationdefinition"/></resource><resource><extension url="http://hl7.org/fhir/StructureDefinition/implementationguide-page"><valueUri value="OperationDefinition-bc-patient-revise.html"/></extension><reference><reference value="OperationDefinition/bc-patient-revise"/></reference><name value="RevisePatient"/><description value="This operation is used to revise a patient&#39;s demographics."/><exampleBoolean value="false"/><groupingId value="-dyn-operationdefinition"/></resource><resource><extension url="http://hl7.org/fhir/StructureDefinition/implementationguide-page"><valueUri value="OperationDefinition-bc-patient-revise-newborn.html"/></extension><reference><reference value="OperationDefinition/bc-patient-revise-newborn"/></reference><name value="RevisePatient.Newborn"/><description value="This operation is used to create a newborn patient."/><exampleBoolean value="false"/><groupingId value="-dyn-operationdefinition"/></resource><page><nameUrl value="toc.html"/><title value="Table of Contents"/><generation value="html"/><page><nameUrl value="index.html"/><title value="Introduction"/><generation value="markdown"/></page><page><nameUrl value="overview.html"/><title value="HCIM Overview"/><generation value="markdown"/></page><page><nameUrl value="v3Transition.html"/><title value="Transition from V3 Provider to FHIR"/><generation value="markdown"/></page><page><nameUrl value="design.html"/><title value="FHIR Design"/><generation value="markdown"/></page><page><nameUrl value="connectedPartner.html"/><title value="Connected Partners"/><generation value="markdown"/></page><page><nameUrl value="terminology.html"/><title value="Glossary"/><generation value="markdown"/></page><page><nameUrl value="credits.html"/><title value="Credits"/><generation value="markdown"/></page><page><nameUrl value="search.html"/><title value="Search Patient"/><generation value="markdown"/></page><page><nameUrl value="reviseAndMerge.html"/><title value="Revise and Merge Patient"/><generation value="markdown"/></page><page><nameUrl value="distributions.html"/><title value="Distribute Patient"/><generation value="markdown"/></page><page><nameUrl value="artifacts.html"/><title value="Artifacts Summary"/><generation value="html"/><page><nameUrl value="StructureDefinition-bc-patient.html"/><title value="BCPatient"/><generation value="generated"/></page><page><nameUrl value="OperationDefinition-bc-patient-find-candidates.html"/><title value="FindCandidatesQuery"/><generation value="generated"/></page><page><nameUrl value="OperationDefinition-bc-patient-get-demographics.html"/><title value="GetDemographicsQuery"/><generation value="generated"/></page><page><nameUrl value="OperationDefinition-bc-patient-merge.html"/><title value="MergePatient"/><generation value="generated"/></page><page><nameUrl value="OperationDefinition-bc-patient-revise.html"/><title value="RevisePatient"/><generation value="generated"/></page><page><nameUrl value="OperationDefinition-bc-patient-revise-newborn.html"/><title value="RevisePatient.Newborn"/><generation value="generated"/></page><page><nameUrl value="StructureDefinition-BCMetadataParameters.html"/><title value="BCMetadataParameters"/><generation value="generated"/></page><page><nameUrl value="StructureDefinition-BCPatientBusinessParameters.html"/><title value="BCPatientBusinessParameters"/><generation value="generated"/></page><page><nameUrl value="StructureDefinition-bc-client-registry-address.html"/><title value="BCClientRegistryAddress"/><generation value="generated"/></page><page><nameUrl value="StructureDefinition-bc-address-validation-status.html"/><title value="BC Address validation status code"/><generation value="generated"/></page><page><nameUrl value="StructureDefinition-bc-death-date-extension.html"/><title value="BC Patient death date"/><generation value="generated"/></page><page><nameUrl value="StructureDefinition-bc-phn-business-date.html"/><title value="BC Patient PHN business date"/><generation value="generated"/></page><page><nameUrl value="StructureDefinition-bc-patient-business-date.html"/><title value="BC Patient business date"/><generation value="generated"/></page><page><nameUrl value="ValueSet-bc-address-validation-value-set.html"/><title value="BC Address Validation value set"/><generation value="generated"/></page><page><nameUrl value="CodeSystem-bc-client-registry-address-validation-code-system.html"/><title value="BC Client Registry address validation status code"/><generation value="generated"/></page><page><nameUrl value="Parameters-FindCandidates.html"/><title value="FindCandidates"/><generation value="generated"/></page><page><nameUrl value="Bundle-FindCandidatesResponse.html"/><title value="FindCandidatesResponse"/><generation value="generated"/></page><page><nameUrl value="Parameters-GetDemographics.html"/><title value="GetDemographics"/><generation value="generated"/></page><page><nameUrl value="Bundle-GetDemographicsResponse.html"/><title value="GetDemographicsResponse"/><generation value="generated"/></page><page><nameUrl value="Patient-MergedPatient.html"/><title value="MergedPatient"/><generation value="generated"/></page><page><nameUrl value="RelatedPerson-MotherRelated.html"/><title value="MotherRelated"/><generation value="generated"/></page><page><nameUrl value="Patient-Newborn.html"/><title value="Newborn"/><generation value="generated"/></page><page><nameUrl value="Patient-Patient0Response.html"/><title value="Patient0Response"/><generation value="generated"/></page><page><nameUrl value="Patient-Patient1Response.html"/><title value="Patient1Response"/><generation value="generated"/></page><page><nameUrl value="Patient-Patient2Response.html"/><title value="Patient2Response"/><generation value="generated"/></page><page><nameUrl value="Patient-PatientDemographicsResponse.html"/><title value="PatientDemographicsResponse"/><generation value="generated"/></page><page><nameUrl value="Patient-SSRIMergedPatient.html"/><title value="SSRIMergedPatient"/><generation value="generated"/></page></page></page><parameter><code value="path-resource"/><value value="input/capabilities"/></parameter><parameter><code value="path-resource"/><value value="input/examples"/></parameter><parameter><code value="path-resource"/><value value="input/extensions"/></parameter><parameter><code value="path-resource"/><value value="input/models"/></parameter><parameter><code value="path-resource"/><value value="input/operations"/></parameter><parameter><code value="path-resource"/><value value="input/profiles"/></parameter><parameter><code value="path-resource"/><value value="input/resources"/></parameter><parameter><code value="path-resource"/><value value="input/vocabulary"/></parameter><parameter><code value="path-resource"/><value value="input/maps"/></parameter><parameter><code value="path-resource"/><value value="input/testing"/></parameter><parameter><code value="path-resource"/><value value="input/history"/></parameter><parameter><code value="path-resource"/><value value="fsh-generated/resources"/></parameter><parameter><code value="path-pages"/><value value="template/config"/></parameter><parameter><code value="path-pages"/><value value="input/images"/></parameter><parameter><code value="path-tx-cache"/><value value="input-cache/txcache"/></parameter></definition></ImplementationGuide>