<?xml version="1.0" encoding="UTF-8"?><ImplementationGuide xmlns="http://hl7.org/fhir"><id value="fhir.ca-bc.client"/><text><status value="extensions"/><div xmlns="http://www.w3.org/1999/xhtml"><h2>BCHealthClientIdentityManagement</h2><p>The official URL for this implementation guide is: </p><pre>http://hlth.gov.bc.ca/fhir/client/ImplementationGuide/fhir.ca-bc.client</pre><div><p>FHIR Implementation Guide for BC MOH Client Registry</p>
</div></div></text><url value="http://hlth.gov.bc.ca/fhir/client/ImplementationGuide/fhir.ca-bc.client"/><version value="0.1.0"/><name value="BCHealthClientIdentityManagement"/><title value="BC Client Registry FHIR Implementation Guide"/><status value="draft"/><date value="2022-01-13T22:56:00+00:00"/><publisher value="BC Ministry of Health"/><contact><name value="BC Ministry of Health"/><telecom><system value="url"/><value value="https://www2.gov.bc.ca/gov/content/governments/organizational-structure/ministries-organizations/ministries/health"/></telecom></contact><description value="FHIR Implementation Guide for BC MOH Client Registry"/><jurisdiction><coding><system value="urn:iso:std:iso:3166"/><code value="CA"/><display value="Canada"/></coding></jurisdiction><packageId value="fhir.ca-bc.client"/><license value="CC0-1.0"/><fhirVersion value="4.0.1"/><definition><extension url="http://hl7.org/fhir/tools/StructureDefinition/ig-parameter"><extension url="code"><valueString value="copyrightyear"/></extension><extension url="value"><valueString value="2021+"/></extension></extension><extension url="http://hl7.org/fhir/tools/StructureDefinition/ig-parameter"><extension url="code"><valueString value="releaselabel"/></extension><extension url="value"><valueString value="Build CI"/></extension></extension><extension url="http://hl7.org/fhir/tools/StructureDefinition/ig-parameter"><extension url="code"><valueString value="path-liquid"/></extension><extension url="value"><valueString value="template/liquid"/></extension></extension><extension url="http://hl7.org/fhir/tools/StructureDefinition/ig-parameter"><extension url="code"><valueString value="path-liquid"/></extension><extension url="value"><valueString value="input/liquid"/></extension></extension><extension url="http://hl7.org/fhir/tools/StructureDefinition/ig-parameter"><extension url="code"><valueString value="path-qa"/></extension><extension url="value"><valueString value="temp/qa"/></extension></extension><extension url="http://hl7.org/fhir/tools/StructureDefinition/ig-parameter"><extension url="code"><valueString value="path-temp"/></extension><extension url="value"><valueString value="temp/pages"/></extension></extension><extension url="http://hl7.org/fhir/tools/StructureDefinition/ig-parameter"><extension url="code"><valueString value="path-output"/></extension><extension url="value"><valueString value="output"/></extension></extension><extension url="http://hl7.org/fhir/tools/StructureDefinition/ig-parameter"><extension url="code"><valueString value="path-suppressed-warnings"/></extension><extension url="value"><valueString value="input/ignoreWarnings.txt"/></extension></extension><extension url="http://hl7.org/fhir/tools/StructureDefinition/ig-parameter"><extension url="code"><valueString value="path-history"/></extension><extension url="value"><valueString value="http://hlth.gov.bc.ca/fhir/client/history.html"/></extension></extension><extension url="http://hl7.org/fhir/tools/StructureDefinition/ig-parameter"><extension url="code"><valueString value="template-html"/></extension><extension url="value"><valueString value="template-page.html"/></extension></extension><extension url="http://hl7.org/fhir/tools/StructureDefinition/ig-parameter"><extension url="code"><valueString value="template-md"/></extension><extension url="value"><valueString value="template-page-md.html"/></extension></extension><extension url="http://hl7.org/fhir/tools/StructureDefinition/ig-parameter"><extension url="code"><valueString value="apply-contact"/></extension><extension url="value"><valueString value="true"/></extension></extension><extension url="http://hl7.org/fhir/tools/StructureDefinition/ig-parameter"><extension url="code"><valueString value="apply-context"/></extension><extension url="value"><valueString value="true"/></extension></extension><extension url="http://hl7.org/fhir/tools/StructureDefinition/ig-parameter"><extension url="code"><valueString value="apply-copyright"/></extension><extension url="value"><valueString value="true"/></extension></extension><extension url="http://hl7.org/fhir/tools/StructureDefinition/ig-parameter"><extension url="code"><valueString value="apply-jurisdiction"/></extension><extension url="value"><valueString value="true"/></extension></extension><extension url="http://hl7.org/fhir/tools/StructureDefinition/ig-parameter"><extension url="code"><valueString value="apply-license"/></extension><extension url="value"><valueString value="true"/></extension></extension><extension url="http://hl7.org/fhir/tools/StructureDefinition/ig-parameter"><extension url="code"><valueString value="apply-publisher"/></extension><extension url="value"><valueString value="true"/></extension></extension><extension url="http://hl7.org/fhir/tools/StructureDefinition/ig-parameter"><extension url="code"><valueString value="apply-version"/></extension><extension url="value"><valueString value="true"/></extension></extension><extension url="http://hl7.org/fhir/tools/StructureDefinition/ig-parameter"><extension url="code"><valueString value="active-tables"/></extension><extension url="value"><valueString value="true"/></extension></extension><grouping id="CapabilityStatement"><name value="Capability Statement"/><description value="The Capability Statement for Client Registry"/></grouping><grouping id="PatientProfile"><name value="Patient Profile"/><description value="The BC Patient profile"/></grouping><grouping id="SupportingProfiles"><name value="Supporting Profiles"/><description value="Artifacts associated with resources that support Patient and Client Registry Operations"/></grouping><grouping id="Operations"><name value="Operation Definitions"/><description value="The defined Operations"/></grouping><grouping id="RequestExamples"><name value="Request Examples"/><description value="A set of operation request examples"/></grouping><grouping id="ResponseExamples"><name value="Response Examples"/><description value="A set of operation response examples"/></grouping><grouping id="-str-extension"><name value="Structures: Extension Definitions"/><description value="These define constraints on FHIR data types for systems conforming to this implementation guide"/></grouping><grouping id="-term-valueset"><name value="Terminology: Value Sets"/><description value="These define sets of codes used by systems conforming to this implementation guide"/></grouping><grouping id="-term-codesystem"><name value="Terminology: Code Systems"/><description value="These define new code systems used by systems conforming to this implementation guide"/></grouping><grouping id="-ex-example"><name value="Example: Example Instances"/><description value="These are example instances that show what data produced and consumed by systems conforming with this implementation guide might look like"/></grouping><resource><extension url="http://hl7.org/fhir/StructureDefinition/implementationguide-page"><valueUri value="StructureDefinition-bc-add-response-bundle.html"/></extension><reference><reference value="StructureDefinition/bc-add-response-bundle"/></reference><name value="BCAddResponseBundle"/><description value="A Bundle that is used in the Client Registry response to Add Patient requests."/><exampleBoolean value="false"/><groupingId value="SupportingProfiles"/></resource><resource><extension url="http://hl7.org/fhir/StructureDefinition/implementationguide-page"><valueUri value="StructureDefinition-bc-merge-response-bundle.html"/></extension><reference><reference value="StructureDefinition/bc-merge-response-bundle"/></reference><name value="BCMergeResponseBundle"/><description value="A Bundle that is used in the Client Registry response to Merge Patient requests."/><exampleBoolean value="false"/><groupingId value="SupportingProfiles"/></resource><resource><extension url="http://hl7.org/fhir/StructureDefinition/implementationguide-page"><valueUri value="StructureDefinition-bc-metadata-parameters.html"/></extension><reference><reference value="StructureDefinition/bc-metadata-parameters"/></reference><name value="BCMetadataParameters"/><description value="Parameters profile for BC meta data"/><exampleBoolean value="false"/><groupingId value="SupportingProfiles"/></resource><resource><extension url="http://hl7.org/fhir/StructureDefinition/implementationguide-page"><valueUri value="StructureDefinition-bc-partial-revise-response-bundle.html"/></extension><reference><reference value="StructureDefinition/bc-partial-revise-response-bundle"/></reference><name value="BCPartialReviseResponseBundle"/><description value="A Bundle that is used in the Client Registry response to Partial Revise Patient requests."/><exampleBoolean value="false"/><groupingId value="SupportingProfiles"/></resource><resource><extension url="http://hl7.org/fhir/StructureDefinition/implementationguide-page"><valueUri value="StructureDefinition-bc-patient.html"/></extension><reference><reference value="StructureDefinition/bc-patient"/></reference><name value="BCPatient"/><description value="General constraints on the Patient resource for use in the BC Client Registry project."/><exampleBoolean value="false"/><groupingId value="PatientProfile"/></resource><resource><extension url="http://hl7.org/fhir/StructureDefinition/implementationguide-page"><valueUri value="StructureDefinition-bc-patient-business-parameters.html"/></extension><reference><reference value="StructureDefinition/bc-patient-business-parameters"/></reference><name value="BCPatientBusinessParameters"/><description value="Parameters extended from BCMetadataParameters for a Patient resource"/><exampleBoolean value="false"/><groupingId value="SupportingProfiles"/></resource><resource><extension url="http://hl7.org/fhir/StructureDefinition/implementationguide-page"><valueUri value="StructureDefinition-bc-revise-response-bundle.html"/></extension><reference><reference value="StructureDefinition/bc-revise-response-bundle"/></reference><name value="BCReviseResponseBundle"/><description value="A Bundle that is used in the Client Registry response to Revise Patient requests."/><exampleBoolean value="false"/><groupingId value="SupportingProfiles"/></resource><resource><extension url="http://hl7.org/fhir/StructureDefinition/implementationguide-page"><valueUri value="StructureDefinition-bc-search-response-bundle.html"/></extension><reference><reference value="StructureDefinition/bc-search-response-bundle"/></reference><name value="BCSearchResponseBundle"/><description value="A Bundle that is used in the Client Registry response to Find Candidates and Get Demographics queries."/><exampleBoolean value="false"/><groupingId value="SupportingProfiles"/></resource><resource><extension url="http://hl7.org/fhir/StructureDefinition/implementationguide-page"><valueUri value="StructureDefinition-bc-search-withEligibility-response-bundle.html"/></extension><reference><reference value="StructureDefinition/bc-search-withEligibility-response-bundle"/></reference><name value="BCSearchWithEligibilityResponseBundle"/><description value="A Bundle that is used in the Client Registry response to Get Demographics with Eligibility queries."/><exampleBoolean value="false"/><groupingId value="SupportingProfiles"/></resource><resource><extension url="http://hl7.org/fhir/StructureDefinition/implementationguide-page"><valueUri value="StructureDefinition-bc-birthdate-history-extension.html"/></extension><reference><reference value="StructureDefinition/bc-birthdate-history-extension"/></reference><name value="BC Birth Date History"/><description value="This extension allows the Client Registry to include historical birth dates in a single Patient resource."/><exampleBoolean value="false"/><groupingId value="-str-extension"/></resource><resource><extension url="http://hl7.org/fhir/StructureDefinition/implementationguide-page"><valueUri value="StructureDefinition-bc-business-period-extension.html"/></extension><reference><reference value="StructureDefinition/bc-business-period-extension"/></reference><name value="BC Business Dates"/><description value="The effective dates for the parent element."/><exampleBoolean value="false"/><groupingId value="-str-extension"/></resource><resource><extension url="http://hl7.org/fhir/StructureDefinition/implementationguide-page"><valueUri value="StructureDefinition-bc-death-date-extension.html"/></extension><reference><reference value="StructureDefinition/bc-death-date-extension"/></reference><name value="BC Patient Death Date"/><description value="The Patients death date and time as recorded in the Client Registry.  This also include death date history as required."/><exampleBoolean value="false"/><groupingId value="-str-extension"/></resource><resource><extension url="http://hl7.org/fhir/StructureDefinition/implementationguide-page"><valueUri value="StructureDefinition-bc-death-date-history-extension.html"/></extension><reference><reference value="StructureDefinition/bc-death-date-history-extension"/></reference><name value="BC Death Date History"/><description value="This extension allows the Client Registry to include historical death dates and flags in a single Patient resource."/><exampleBoolean value="false"/><groupingId value="-str-extension"/></resource><resource><extension url="http://hl7.org/fhir/StructureDefinition/implementationguide-page"><valueUri value="StructureDefinition-bc-death-flag-extension.html"/></extension><reference><reference value="StructureDefinition/bc-death-flag-extension"/></reference><name value="BC Patient Death Date"/><description value="The Patients death date and time as recorded in the Client Registry."/><exampleBoolean value="false"/><groupingId value="-str-extension"/></resource><resource><extension url="http://hl7.org/fhir/StructureDefinition/implementationguide-page"><valueUri value="StructureDefinition-bc-death-flag-history-extension.html"/></extension><reference><reference value="StructureDefinition/bc-death-flag-history-extension"/></reference><name value="BC Death Flag History"/><description value="This extension allows the Client Registry to include historical death dates and flags in a single Patient resource."/><exampleBoolean value="false"/><groupingId value="-str-extension"/></resource><resource><extension url="http://hl7.org/fhir/StructureDefinition/implementationguide-page"><valueUri value="StructureDefinition-bc-gender-history-extension.html"/></extension><reference><reference value="StructureDefinition/bc-gender-history-extension"/></reference><name value="BC Gender History"/><description value="This extension allows the Client Registry to include historical gender codes in a single Patient resource."/><exampleBoolean value="false"/><groupingId value="-str-extension"/></resource><resource><extension url="http://hl7.org/fhir/StructureDefinition/implementationguide-page"><valueUri value="StructureDefinition-bc-merge-status-extension.html"/></extension><reference><reference value="StructureDefinition/bc-merge-status-extension"/></reference><name value="BC Merge Status Code"/><description value="A code that represents the Merge status of the Patient."/><exampleBoolean value="false"/><groupingId value="-str-extension"/></resource><resource><extension url="http://hl7.org/fhir/StructureDefinition/implementationguide-page"><valueUri value="StructureDefinition-bc-multiplebirth-history-extension.html"/></extension><reference><reference value="StructureDefinition/bc-multiplebirth-history-extension"/></reference><name value="BC Multiple Birth History"/><description value="This extension allows the Client Registry to include historical multiple birth values in a single Patient resource."/><exampleBoolean value="false"/><groupingId value="-str-extension"/></resource><resource><extension url="http://hl7.org/fhir/StructureDefinition/implementationguide-page"><valueUri value="StructureDefinition-bc-validation-status-extension.html"/></extension><reference><reference value="StructureDefinition/bc-validation-status-extension"/></reference><name value="BC Address Validation Status Code"/><description value="A code that represents the validation status of the address"/><exampleBoolean value="false"/><groupingId value="-str-extension"/></resource><resource><extension url="http://hl7.org/fhir/StructureDefinition/implementationguide-page"><valueUri value="ValueSet-bc-address-type-value-set.html"/></extension><reference><reference value="ValueSet/bc-address-type-value-set"/></reference><name value="BC Address Type Value Set"/><description value="BC Address Type value set, sliced to meet BC constraints."/><exampleBoolean value="false"/><groupingId value="-term-valueset"/></resource><resource><extension url="http://hl7.org/fhir/StructureDefinition/implementationguide-page"><valueUri value="ValueSet-bc-address-validation-value-set.html"/></extension><reference><reference value="ValueSet/bc-address-validation-value-set"/></reference><name value="BC Address Validation Value Set"/><description value="BC Address Validation value set used to describe the validation status of an address"/><exampleBoolean value="false"/><groupingId value="-term-valueset"/></resource><resource><extension url="http://hl7.org/fhir/StructureDefinition/implementationguide-page"><valueUri value="ValueSet-bc-contact-point-system-value-set.html"/></extension><reference><reference value="ValueSet/bc-contact-point-system-value-set"/></reference><name value="BC Contact Point System Value Set"/><description value="BC Contact Point System value set, sliced to meet BC constraints."/><exampleBoolean value="false"/><groupingId value="-term-valueset"/></resource><resource><extension url="http://hl7.org/fhir/StructureDefinition/implementationguide-page"><valueUri value="ValueSet-bc-contact-point-use-value-set.html"/></extension><reference><reference value="ValueSet/bc-contact-point-use-value-set"/></reference><name value="BC Contact Point Use Value Set"/><description value="BC Contact Point Use value set, sliced to meet BC constraints."/><exampleBoolean value="false"/><groupingId value="-term-valueset"/></resource><resource><extension url="http://hl7.org/fhir/StructureDefinition/implementationguide-page"><valueUri value="ValueSet-bc-merge-status-value-set.html"/></extension><reference><reference value="ValueSet/bc-merge-status-value-set"/></reference><name value="BC Merge Status Value Set"/><description value="BC Merge Status value set used to describe the merge status of a Patient."/><exampleBoolean value="false"/><groupingId value="-term-valueset"/></resource><resource><extension url="http://hl7.org/fhir/StructureDefinition/implementationguide-page"><valueUri value="ValueSet-bc-name-use-value-set.html"/></extension><reference><reference value="ValueSet/bc-name-use-value-set"/></reference><name value="BC Name Use value set."/><description value="BC Name Use value set, sliced to meet BC constraints."/><exampleBoolean value="false"/><groupingId value="-term-valueset"/></resource><resource><extension url="http://hl7.org/fhir/StructureDefinition/implementationguide-page"><valueUri value="CodeSystem-bc-client-registry-address-validation-code-system.html"/></extension><reference><reference value="CodeSystem/bc-client-registry-address-validation-code-system"/></reference><name value="BC Client Registry Address Validation Status Code"/><description value="Codes used to define the address validation status."/><exampleBoolean value="false"/><groupingId value="-term-codesystem"/></resource><resource><extension url="http://hl7.org/fhir/StructureDefinition/implementationguide-page"><valueUri value="CodeSystem-bc-client-registry-merge-status-code-system.html"/></extension><reference><reference value="CodeSystem/bc-client-registry-merge-status-code-system"/></reference><name value="BC Client Registry merge status."/><description value="Codes used to describe the merge status."/><exampleBoolean value="false"/><groupingId value="-term-codesystem"/></resource><resource><extension url="http://hl7.org/fhir/StructureDefinition/implementationguide-page"><valueUri value="CodeSystem-bc-operation-outcome-details-code-system.html"/></extension><reference><reference value="CodeSystem/bc-operation-outcome-details-code-system"/></reference><name value="BC Client Registry Operation Outcome details code system"/><description value="BC Client Registry Operation Outcome details code system"/><exampleBoolean value="false"/><groupingId value="-term-codesystem"/></resource><resource><extension url="http://hl7.org/fhir/StructureDefinition/implementationguide-page"><valueUri value="Bundle-Bundle-AddPatient-Response-Example.html"/></extension><reference><reference value="Bundle/Bundle-AddPatient-Response-Example"/></reference><name value="Bundle-AddPatient-Response-Example"/><description value="A sample AddPatient Operation response."/><exampleCanonical value="http://hlth.gov.bc.ca/fhir/client/StructureDefinition/bc-add-response-bundle"/><groupingId value="ResponseExamples"/></resource><resource><extension url="http://hl7.org/fhir/StructureDefinition/implementationguide-page"><valueUri value="Bundle-Bundle-FindCandidates-Response-Example.html"/></extension><reference><reference value="Bundle/Bundle-FindCandidates-Response-Example"/></reference><name value="Bundle-FindCandidates-Response-Example"/><description value="Example of FindCandidates response Bundle.  Patient0 has PHN, alternate, SRI and SSRI identifier examples."/><exampleCanonical value="http://hlth.gov.bc.ca/fhir/client/StructureDefinition/bc-search-response-bundle"/><groupingId value="ResponseExamples"/></resource><resource><extension url="http://hl7.org/fhir/StructureDefinition/implementationguide-page"><valueUri value="Bundle-Bundle-FindCandidates-Response-MomsPHN-Example.html"/></extension><reference><reference value="Bundle/Bundle-FindCandidates-Response-MomsPHN-Example"/></reference><name value="Bundle-FindCandidates-Response-MomsPHN-Example"/><description value="Example of FindCandidates with mother&#39;s PHN response Bundle."/><exampleCanonical value="http://hlth.gov.bc.ca/fhir/client/StructureDefinition/bc-search-response-bundle"/><groupingId value="ResponseExamples"/></resource><resource><extension url="http://hl7.org/fhir/StructureDefinition/implementationguide-page"><valueUri value="Bundle-Bundle-GetDemographics-Response-Example.html"/></extension><reference><reference value="Bundle/Bundle-GetDemographics-Response-Example"/></reference><name value="Bundle-GetDemographics-Response-Example"/><description value="Example of $GetDemographics operation response Bundle"/><exampleCanonical value="http://hlth.gov.bc.ca/fhir/client/StructureDefinition/bc-search-response-bundle"/><groupingId value="ResponseExamples"/></resource><resource><extension url="http://hl7.org/fhir/StructureDefinition/implementationguide-page"><valueUri value="Bundle-Bundle-GetDemographicsWithEligibility-Response-Example.html"/></extension><reference><reference value="Bundle/Bundle-GetDemographicsWithEligibility-Response-Example"/></reference><name value="Bundle-GetDemographicsWithEligibility-Response-Example"/><description value="Example of $GetDemographics.withEligibility operation response Bundle"/><exampleCanonical value="http://hlth.gov.bc.ca/fhir/client/StructureDefinition/bc-search-response-bundle"/><groupingId value="ResponseExamples"/></resource><resource><extension url="http://hl7.org/fhir/StructureDefinition/implementationguide-page"><valueUri value="Bundle-Bundle-MergePatient-Response-Example.html"/></extension><reference><reference value="Bundle/Bundle-MergePatient-Response-Example"/></reference><name value="Bundle-MergePatient-Response-Example"/><description value="A sample MergePatient Operation response."/><exampleCanonical value="http://hlth.gov.bc.ca/fhir/client/StructureDefinition/bc-merge-response-bundle"/><groupingId value="ResponseExamples"/></resource><resource><extension url="http://hl7.org/fhir/StructureDefinition/implementationguide-page"><valueUri value="Bundle-Bundle-PartialRevisePatient-Response-Example.html"/></extension><reference><reference value="Bundle/Bundle-PartialRevisePatient-Response-Example"/></reference><name value="Bundle-PartialRevisePatient-Response-Example"/><description value="A sample PartialRevisePatient Operation response."/><exampleCanonical value="http://hlth.gov.bc.ca/fhir/client/StructureDefinition/bc-partial-revise-response-bundle"/><groupingId value="ResponseExamples"/></resource><resource><extension url="http://hl7.org/fhir/StructureDefinition/implementationguide-page"><valueUri value="Bundle-Bundle-RevisePatient-Response-Example.html"/></extension><reference><reference value="Bundle/Bundle-RevisePatient-Response-Example"/></reference><name value="Bundle-RevisePatient-Response-Example"/><description value="A sample RevisePatient Operation response."/><exampleCanonical value="http://hlth.gov.bc.ca/fhir/client/StructureDefinition/bc-revise-response-bundle"/><groupingId value="ResponseExamples"/></resource><resource><extension url="http://hl7.org/fhir/StructureDefinition/implementationguide-page"><valueUri value="Coverage-Coverage-Active-Example.html"/></extension><reference><reference value="Coverage/Coverage-Active-Example"/></reference><name value="Coverage-Active-Example"/><description value="Example of Get Eligibility response, the patient is eligible."/><exampleBoolean value="true"/><groupingId value="-ex-example"/></resource><resource><extension url="http://hl7.org/fhir/StructureDefinition/implementationguide-page"><valueUri value="Coverage-Coverage-InActive-Example.html"/></extension><reference><reference value="Coverage/Coverage-InActive-Example"/></reference><name value="Coverage-InActive-Example"/><description value="Example of Get Eligibility response, the patient is not eligible."/><exampleBoolean value="true"/><groupingId value="-ex-example"/></resource><resource><extension url="http://hl7.org/fhir/StructureDefinition/implementationguide-page"><valueUri value="OperationOutcome-OperationOutcome-Example.html"/></extension><reference><reference value="OperationOutcome/OperationOutcome-Example"/></reference><name value="OperationOutcome-Example"/><description value="Example OperationOutcome for a Client Registry Add, Revise or Merge."/><exampleBoolean value="true"/><groupingId value="-ex-example"/></resource><resource><extension url="http://hl7.org/fhir/StructureDefinition/implementationguide-page"><valueUri value="OperationOutcome-OperationOutcome-Search-Example.html"/></extension><reference><reference value="OperationOutcome/OperationOutcome-Search-Example"/></reference><name value="OperationOutcome-Search-Example"/><description value="Example OperationOutcome for a Client Registry Search"/><exampleBoolean value="true"/><groupingId value="-ex-example"/></resource><resource><extension url="http://hl7.org/fhir/StructureDefinition/implementationguide-page"><valueUri value="Parameters-Parameters-AddPatient-Example.html"/></extension><reference><reference value="Parameters/Parameters-AddPatient-Example"/></reference><name value="Parameters-AddPatient-Example"/><description value="Example of $AddPatient operation where the Patient is new to the Client Registry."/><exampleCanonical value="http://hlth.gov.bc.ca/fhir/client/StructureDefinition/bc-patient-business-parameters"/><groupingId value="RequestExamples"/></resource><resource><extension url="http://hl7.org/fhir/StructureDefinition/implementationguide-page"><valueUri value="Parameters-Parameters-AddPatient-Newborn-Example.html"/></extension><reference><reference value="Parameters/Parameters-AddPatient-Newborn-Example"/></reference><name value="Parameters-AddPatient-Newborn-Example"/><description value="Example of $RevisePatient.Newborn operation where the Patient is a newborn.  Awwwwww so cute."/><exampleCanonical value="http://hlth.gov.bc.ca/fhir/client/StructureDefinition/bc-patient-business-parameters"/><groupingId value="RequestExamples"/></resource><resource><extension url="http://hl7.org/fhir/StructureDefinition/implementationguide-page"><valueUri value="Parameters-Parameters-AddPatient-Response-Example.html"/></extension><reference><reference value="Parameters/Parameters-AddPatient-Response-Example"/></reference><name value="Parameters-AddPatient-Response-Example"/><description value="Example of Add response Metadata parameters"/><exampleCanonical value="http://hlth.gov.bc.ca/fhir/client/StructureDefinition/bc-metadata-parameters"/><groupingId value="-ex-example"/></resource><resource><extension url="http://hl7.org/fhir/StructureDefinition/implementationguide-page"><valueUri value="Parameters-Parameters-DeletePatch-Example.html"/></extension><reference><reference value="Parameters/Parameters-DeletePatch-Example"/></reference><name value="Parameters-DeletePatch-Example"/><description value="An example of a delete patch, which is used for a partial update of a Patient resource.  This example deletes a physical address."/><exampleBoolean value="true"/><groupingId value="-ex-example"/></resource><resource><extension url="http://hl7.org/fhir/StructureDefinition/implementationguide-page"><valueUri value="Parameters-Parameters-FindCandidates-Example.html"/></extension><reference><reference value="Parameters/Parameters-FindCandidates-Example"/></reference><name value="Parameters-FindCandidates-Example"/><description value="Example of $FindCandidates operation"/><exampleCanonical value="http://hlth.gov.bc.ca/fhir/client/StructureDefinition/bc-metadata-parameters"/><groupingId value="RequestExamples"/></resource><resource><extension url="http://hl7.org/fhir/StructureDefinition/implementationguide-page"><valueUri value="Parameters-Parameters-FindCandidates-Response-Example.html"/></extension><reference><reference value="Parameters/Parameters-FindCandidates-Response-Example"/></reference><name value="Parameters-FindCandidates-Response-Example"/><description value="Example of $FindCandidates response Metadata parameters"/><exampleCanonical value="http://hlth.gov.bc.ca/fhir/client/StructureDefinition/bc-metadata-parameters"/><groupingId value="-ex-example"/></resource><resource><extension url="http://hl7.org/fhir/StructureDefinition/implementationguide-page"><valueUri value="Parameters-Parameters-FindCandidates-UsingMomsPHN-Example.html"/></extension><reference><reference value="Parameters/Parameters-FindCandidates-UsingMomsPHN-Example"/></reference><name value="Parameters-FindCandidates-UsingMomsPHN-Example"/><description value="Example of $FindCandidates operation with mother&#39;s PHN"/><exampleCanonical value="http://hlth.gov.bc.ca/fhir/client/StructureDefinition/bc-metadata-parameters"/><groupingId value="RequestExamples"/></resource><resource><extension url="http://hl7.org/fhir/StructureDefinition/implementationguide-page"><valueUri value="Parameters-Parameters-GetDemographics-Example.html"/></extension><reference><reference value="Parameters/Parameters-GetDemographics-Example"/></reference><name value="Parameters-GetDemographics-Example"/><description value="Example of $GetDemographics operation"/><exampleCanonical value="http://hlth.gov.bc.ca/fhir/client/StructureDefinition/bc-metadata-parameters"/><groupingId value="RequestExamples"/></resource><resource><extension url="http://hl7.org/fhir/StructureDefinition/implementationguide-page"><valueUri value="Parameters-Parameters-GetDemographics-IN-Example.html"/></extension><reference><reference value="Parameters/Parameters-GetDemographics-IN-Example"/></reference><name value="Parameters-GetDemographics-IN-Example"/><description value="Example of $GetDemographics operation, IN parameters"/><exampleBoolean value="true"/><groupingId value="-ex-example"/></resource><resource><extension url="http://hl7.org/fhir/StructureDefinition/implementationguide-page"><valueUri value="Parameters-Parameters-GetDemographics-Response-Example.html"/></extension><reference><reference value="Parameters/Parameters-GetDemographics-Response-Example"/></reference><name value="Parameters-GetDemographics-Response-Example"/><description value="Example of $GetDemographics response Metadata parameters"/><exampleCanonical value="http://hlth.gov.bc.ca/fhir/client/StructureDefinition/bc-metadata-parameters"/><groupingId value="-ex-example"/></resource><resource><extension url="http://hl7.org/fhir/StructureDefinition/implementationguide-page"><valueUri value="Parameters-Parameters-GetDemographicsWithEligibility-Example.html"/></extension><reference><reference value="Parameters/Parameters-GetDemographicsWithEligibility-Example"/></reference><name value="Parameters-GetDemographicsWithEligibility-Example"/><description value="Example of $GetDemographics.withEligibility operation"/><exampleCanonical value="http://hlth.gov.bc.ca/fhir/client/StructureDefinition/bc-metadata-parameters"/><groupingId value="RequestExamples"/></resource><resource><extension url="http://hl7.org/fhir/StructureDefinition/implementationguide-page"><valueUri value="Parameters-Parameters-GetDemographicsWithEligibility-Response-Example.html"/></extension><reference><reference value="Parameters/Parameters-GetDemographicsWithEligibility-Response-Example"/></reference><name value="Parameters-GetDemographicsWithEligibility-Response-Example"/><description value="Example of $GetDemographics.withEligibility response Metadata parameters"/><exampleCanonical value="http://hlth.gov.bc.ca/fhir/client/StructureDefinition/bc-metadata-parameters"/><groupingId value="-ex-example"/></resource><resource><extension url="http://hl7.org/fhir/StructureDefinition/implementationguide-page"><valueUri value="Parameters-Parameters-MergePatient-Response-Example.html"/></extension><reference><reference value="Parameters/Parameters-MergePatient-Response-Example"/></reference><name value="Parameters-MergePatient-Response-Example"/><description value="Example of Merge response Metadata parameters"/><exampleCanonical value="http://hlth.gov.bc.ca/fhir/client/StructureDefinition/bc-metadata-parameters"/><groupingId value="-ex-example"/></resource><resource><extension url="http://hl7.org/fhir/StructureDefinition/implementationguide-page"><valueUri value="Parameters-Parameters-MergePatient-TwoNonSurvivors-Example.html"/></extension><reference><reference value="Parameters/Parameters-MergePatient-TwoNonSurvivors-Example"/></reference><name value="Parameters-MergePatient-TwoNonSurvivors-Example"/><description value="Example of $MergePatient operation."/><exampleCanonical value="http://hlth.gov.bc.ca/fhir/client/StructureDefinition/bc-patient-business-parameters"/><groupingId value="RequestExamples"/></resource><resource><extension url="http://hl7.org/fhir/StructureDefinition/implementationguide-page"><valueUri value="Parameters-Parameters-PartialRevisePatient-Example.html"/></extension><reference><reference value="Parameters/Parameters-PartialRevisePatient-Example"/></reference><name value="Parameters-PartialRevisePatient-Example"/><description value="Example of $RevisePatient operation that updates an existing Patient"/><exampleCanonical value="http://hlth.gov.bc.ca/fhir/client/StructureDefinition/bc-metadata-parameters"/><groupingId value="RequestExamples"/></resource><resource><extension url="http://hl7.org/fhir/StructureDefinition/implementationguide-page"><valueUri value="Parameters-Parameters-PartialRevisePatient-Response-Example.html"/></extension><reference><reference value="Parameters/Parameters-PartialRevisePatient-Response-Example"/></reference><name value="Parameters-PartialRevisePatient-Response-Example"/><description value="Example of PartialRevise response Metadata parameters"/><exampleCanonical value="http://hlth.gov.bc.ca/fhir/client/StructureDefinition/bc-metadata-parameters"/><groupingId value="-ex-example"/></resource><resource><extension url="http://hl7.org/fhir/StructureDefinition/implementationguide-page"><valueUri value="Parameters-Parameters-RevisePatient-Example.html"/></extension><reference><reference value="Parameters/Parameters-RevisePatient-Example"/></reference><name value="Parameters-RevisePatient-Example"/><description value="Example of $RevisePatient operation that updates an existing Patient"/><exampleCanonical value="http://hlth.gov.bc.ca/fhir/client/StructureDefinition/bc-patient-business-parameters"/><groupingId value="RequestExamples"/></resource><resource><extension url="http://hl7.org/fhir/StructureDefinition/implementationguide-page"><valueUri value="Parameters-Parameters-RevisePatient-Response-Example.html"/></extension><reference><reference value="Parameters/Parameters-RevisePatient-Response-Example"/></reference><name value="Parameters-RevisePatient-Response-Example"/><description value="Example of Revise response Metadata parameters"/><exampleCanonical value="http://hlth.gov.bc.ca/fhir/client/StructureDefinition/bc-metadata-parameters"/><groupingId value="-ex-example"/></resource><resource><extension url="http://hl7.org/fhir/StructureDefinition/implementationguide-page"><valueUri value="Patient-Patient-0-Example.html"/></extension><reference><reference value="Patient/Patient-0-Example"/></reference><name value="Patient-0-Example"/><description value="Example of Patient for query response Bundle with 4 different kinds of identifiers: SRI-PHN, SRI, SSRI and alternative."/><exampleCanonical value="http://hlth.gov.bc.ca/fhir/client/StructureDefinition/bc-patient"/><groupingId value="-ex-example"/></resource><resource><extension url="http://hl7.org/fhir/StructureDefinition/implementationguide-page"><valueUri value="Patient-Patient-1-Example.html"/></extension><reference><reference value="Patient/Patient-1-Example"/></reference><name value="Patient-1-Example"/><description value="Example of Patient for query response Bundle"/><exampleCanonical value="http://hlth.gov.bc.ca/fhir/client/StructureDefinition/bc-patient"/><groupingId value="-ex-example"/></resource><resource><extension url="http://hl7.org/fhir/StructureDefinition/implementationguide-page"><valueUri value="Patient-Patient-2-Example.html"/></extension><reference><reference value="Patient/Patient-2-Example"/></reference><name value="Patient-2-Example"/><description value="Example of Patient for query response Bundle"/><exampleCanonical value="http://hlth.gov.bc.ca/fhir/client/StructureDefinition/bc-patient"/><groupingId value="-ex-example"/></resource><resource><extension url="http://hl7.org/fhir/StructureDefinition/implementationguide-page"><valueUri value="Patient-Patient-AddPatient-Example.html"/></extension><reference><reference value="Patient/Patient-AddPatient-Example"/></reference><name value="Patient-AddPatient-Example"/><description value="The Patient is completely new to the Client Registry, no identifiers."/><exampleCanonical value="http://hlth.gov.bc.ca/fhir/client/StructureDefinition/bc-patient"/><groupingId value="-ex-example"/></resource><resource><extension url="http://hl7.org/fhir/StructureDefinition/implementationguide-page"><valueUri value="Patient-Patient-AddPatient-Newborn-Example.html"/></extension><reference><reference value="Patient/Patient-AddPatient-Newborn-Example"/></reference><name value="Patient-AddPatient-Newborn-Example"/><description value="The Patient is completely new to the Client Registry, no identifiers."/><exampleCanonical value="http://hlth.gov.bc.ca/fhir/client/StructureDefinition/bc-patient"/><groupingId value="-ex-example"/></resource><resource><extension url="http://hl7.org/fhir/StructureDefinition/implementationguide-page"><valueUri value="Patient-Patient-AddReviseOrMergePatient-Response-Example.html"/></extension><reference><reference value="Patient/Patient-AddReviseOrMergePatient-Response-Example"/></reference><name value="Patient-AddReviseOrMergePatient-Response-Example"/><description value="Example of Merge or Revise response Bundle with 4 different kinds of identifiers: SRI-PHN, SRI, SSRI and alternative."/><exampleCanonical value="http://hlth.gov.bc.ca/fhir/client/StructureDefinition/bc-patient"/><groupingId value="-ex-example"/></resource><resource><extension url="http://hl7.org/fhir/StructureDefinition/implementationguide-page"><valueUri value="Patient-Patient-BabyBoy-Example.html"/></extension><reference><reference value="Patient/Patient-BabyBoy-Example"/></reference><name value="Patient-BabyBoy-Example"/><description value="Example of Patient newborn for query response Bundle"/><exampleCanonical value="http://hlth.gov.bc.ca/fhir/client/StructureDefinition/bc-patient"/><groupingId value="-ex-example"/></resource><resource><extension url="http://hl7.org/fhir/StructureDefinition/implementationguide-page"><valueUri value="Patient-Patient-BabyGirl-Example.html"/></extension><reference><reference value="Patient/Patient-BabyGirl-Example"/></reference><name value="Patient-BabyGirl-Example"/><description value="Example of Patient newborn for query response Bundle"/><exampleCanonical value="http://hlth.gov.bc.ca/fhir/client/StructureDefinition/bc-patient"/><groupingId value="-ex-example"/></resource><resource><extension url="http://hl7.org/fhir/StructureDefinition/implementationguide-page"><valueUri value="Patient-Patient-GetDemographics-Example.html"/></extension><reference><reference value="Patient/Patient-GetDemographics-Example"/></reference><name value="Patient-GetDemographics-Example"/><description value="Example of Patient for $GetDemographics operation response"/><exampleCanonical value="http://hlth.gov.bc.ca/fhir/client/StructureDefinition/bc-patient"/><groupingId value="-ex-example"/></resource><resource><extension url="http://hl7.org/fhir/StructureDefinition/implementationguide-page"><valueUri value="Patient-Patient-GetDemographics-withHistory-Example.html"/></extension><reference><reference value="Patient/Patient-GetDemographics-withHistory-Example"/></reference><name value="Patient-GetDemographics-withHistory-Example"/><description value="Example of Patient for $GetDemographics operation response"/><exampleCanonical value="http://hlth.gov.bc.ca/fhir/client/StructureDefinition/bc-patient"/><groupingId value="-ex-example"/></resource><resource><extension url="http://hl7.org/fhir/StructureDefinition/implementationguide-page"><valueUri value="Patient-Patient-MergePatient-Example.html"/></extension><reference><reference value="Patient/Patient-MergePatient-Example"/></reference><name value="Patient-MergePatient-Example"/><description value="Example of a merge patient Patient"/><exampleCanonical value="http://hlth.gov.bc.ca/fhir/client/StructureDefinition/bc-patient"/><groupingId value="-ex-example"/></resource><resource><extension url="http://hl7.org/fhir/StructureDefinition/implementationguide-page"><valueUri value="Patient-Patient-Mother-Example.html"/></extension><reference><reference value="Patient/Patient-Mother-Example"/></reference><name value="Patient-Mother-Example"/><description value="Example of Patient for query response Bundle"/><exampleCanonical value="http://hlth.gov.bc.ca/fhir/client/StructureDefinition/bc-patient"/><groupingId value="-ex-example"/></resource><resource><extension url="http://hl7.org/fhir/StructureDefinition/implementationguide-page"><valueUri value="Patient-Patient-RevisePatient-Example.html"/></extension><reference><reference value="Patient/Patient-RevisePatient-Example"/></reference><name value="Patient-RevisePatient-Example"/><description value="Patient example for a RevisePatient operation"/><exampleCanonical value="http://hlth.gov.bc.ca/fhir/client/StructureDefinition/bc-patient"/><groupingId value="-ex-example"/></resource><resource><extension url="http://hl7.org/fhir/StructureDefinition/implementationguide-page"><valueUri value="RelatedPerson-RelatedPerson-Mother-Example.html"/></extension><reference><reference value="RelatedPerson/RelatedPerson-Mother-Example"/></reference><name value="RelatedPerson-Mother-Example"/><description value="Example of related person&#39;s PHN as Identifier"/><exampleBoolean value="true"/><groupingId value="-ex-example"/></resource><resource><extension url="http://hl7.org/fhir/StructureDefinition/implementationguide-page"><valueUri value="RelatedPerson-RelatedPerson-MotherOfBabyBoy-Example.html"/></extension><reference><reference value="RelatedPerson/RelatedPerson-MotherOfBabyBoy-Example"/></reference><name value="RelatedPerson-MotherOfBabyBoy-Example"/><description value="Example of related person who is the mother"/><exampleBoolean value="true"/><groupingId value="-ex-example"/></resource><resource><extension url="http://hl7.org/fhir/StructureDefinition/implementationguide-page"><valueUri value="RelatedPerson-RelatedPerson-MotherOfBabyGirl-Example.html"/></extension><reference><reference value="RelatedPerson/RelatedPerson-MotherOfBabyGirl-Example"/></reference><name value="RelatedPerson-MotherOfBabyGirl-Example"/><description value="Example of related person who is the mother"/><exampleBoolean value="true"/><groupingId value="-ex-example"/></resource><resource><extension url="http://hl7.org/fhir/StructureDefinition/implementationguide-page"><valueUri value="CapabilityStatement-bc-hcim-capability-statement-client.html"/></extension><reference><reference value="CapabilityStatement/bc-hcim-capability-statement-client"/></reference><name value="BCHCIMCapabilityStatementClient"/><description value="This capability statement describes the use cases that are supported by the BC FHIR implementation of the Client Registry when it is acting as a client. I.e. sending notifications."/><exampleBoolean value="true"/><groupingId value="CapabilityStatement"/></resource><resource><extension url="http://hl7.org/fhir/StructureDefinition/implementationguide-page"><valueUri value="CapabilityStatement-bc-hcim-capability-statement-server.html"/></extension><reference><reference value="CapabilityStatement/bc-hcim-capability-statement-server"/></reference><name value="BCHCIMCapabilityStatementServer"/><description value="This capability statement describes the use cases that are supported by the BC FHIR implementation of the Client Registry when it is acting as a server."/><exampleBoolean value="true"/><groupingId value="CapabilityStatement"/></resource><resource><extension url="http://hl7.org/fhir/StructureDefinition/implementationguide-page"><valueUri value="OperationDefinition-bc-patient-add.html"/></extension><reference><reference value="OperationDefinition/bc-patient-add"/></reference><name value="AddPatient"/><description value="This operation is used for newborns or to &#39;force create&#39; a patient."/><exampleBoolean value="false"/><groupingId value="Operations"/></resource><resource><extension url="http://hl7.org/fhir/StructureDefinition/implementationguide-page"><valueUri value="OperationDefinition-bc-patient-find-candidates.html"/></extension><reference><reference value="OperationDefinition/bc-patient-find-candidates"/></reference><name value="FindCandidates"/><description value="This operation is used to query for a patient.  The response can contain 0 or more Patients."/><exampleBoolean value="false"/><groupingId value="Operations"/></resource><resource><extension url="http://hl7.org/fhir/StructureDefinition/implementationguide-page"><valueUri value="OperationDefinition-bc-patient-get-demographics.html"/></extension><reference><reference value="OperationDefinition/bc-patient-get-demographics"/></reference><name value="GetDemographics"/><description value="This operation is used to query for a patient.  The response can contain 0 or 1 Patient."/><exampleBoolean value="false"/><groupingId value="Operations"/></resource><resource><extension url="http://hl7.org/fhir/StructureDefinition/implementationguide-page"><valueUri value="OperationDefinition-bc-patient-get-demographics-withEligibility.html"/></extension><reference><reference value="OperationDefinition/bc-patient-get-demographics-withEligibility"/></reference><name value="GetDemographics.withEligibility"/><description value="This operation is used to query for a patient.  The response can contain 0 or 1 Patient and the insurance eligibility."/><exampleBoolean value="false"/><groupingId value="Operations"/></resource><resource><extension url="http://hl7.org/fhir/StructureDefinition/implementationguide-page"><valueUri value="OperationDefinition-bc-patient-merge.html"/></extension><reference><reference value="OperationDefinition/bc-patient-merge"/></reference><name value="MergePatient"/><description value="This operation is used to merge patients."/><exampleBoolean value="false"/><groupingId value="Operations"/></resource><resource><extension url="http://hl7.org/fhir/StructureDefinition/implementationguide-page"><valueUri value="OperationDefinition-bc-patient-notification.html"/></extension><reference><reference value="OperationDefinition/bc-patient-notification"/></reference><name value="PatientNotification"/><description value="This operation is used notify a user that a patient&#39;s record has changed."/><exampleBoolean value="false"/><groupingId value="Operations"/></resource><resource><extension url="http://hl7.org/fhir/StructureDefinition/implementationguide-page"><valueUri value="OperationDefinition-bc-patient-partial-revise.html"/></extension><reference><reference value="OperationDefinition/bc-patient-partial-revise"/></reference><name value="PartialRevisePatient"/><description value="This operation is used to revise a patient&#39;s demographics, applied to only specific Patient attributes."/><exampleBoolean value="false"/><groupingId value="Operations"/></resource><resource><extension url="http://hl7.org/fhir/StructureDefinition/implementationguide-page"><valueUri value="OperationDefinition-bc-patient-revise.html"/></extension><reference><reference value="OperationDefinition/bc-patient-revise"/></reference><name value="RevisePatient"/><description value="This operation is used to revise a patient&#39;s demographics."/><exampleBoolean value="false"/><groupingId value="Operations"/></resource><page><nameUrl value="toc.html"/><title value="Table of Contents"/><generation value="html"/><page><nameUrl value="index.html"/><title value="Introduction"/><generation value="markdown"/></page><page><nameUrl value="overview.html"/><title value="HCIM Overview"/><generation value="markdown"/></page><page><nameUrl value="v3Transition.html"/><title value="Transition from V3 Provider to FHIR"/><generation value="markdown"/></page><page><nameUrl value="design.html"/><title value="FHIR Design"/><generation value="markdown"/></page><page><nameUrl value="connectedPartner.html"/><title value="Connected Partners"/><generation value="markdown"/></page><page><nameUrl value="terminology.html"/><title value="Glossary"/><generation value="markdown"/></page><page><nameUrl value="credits.html"/><title value="Credits"/><generation value="markdown"/></page><page><nameUrl value="search.html"/><title value="Search Patient"/><generation value="markdown"/></page><page><nameUrl value="reviseAndMerge.html"/><title value="Add, Revise and Merge Patient"/><generation value="markdown"/></page><page><nameUrl value="distributions.html"/><title value="Patient Change Notification"/><generation value="markdown"/></page><page><nameUrl value="futurePlans.html"/><title value="Future Plans"/><generation value="markdown"/></page><page><nameUrl value="identifiers.html"/><title value="Identifiers"/><generation value="markdown"/></page><page><nameUrl value="capabilityStatement.html"/><title value="Capability Statement"/><generation value="markdown"/></page><page><nameUrl value="artifacts.html"/><title value="Artifacts Summary"/><generation value="html"/><page><nameUrl value="CapabilityStatement-bc-hcim-capability-statement-client.html"/><title value="BCHCIMCapabilityStatementClient"/><generation value="generated"/></page><page><nameUrl value="CapabilityStatement-bc-hcim-capability-statement-server.html"/><title value="BCHCIMCapabilityStatementServer"/><generation value="generated"/></page><page><nameUrl value="StructureDefinition-bc-patient.html"/><title value="BCPatient"/><generation value="generated"/></page><page><nameUrl value="StructureDefinition-bc-add-response-bundle.html"/><title value="BCAddResponseBundle"/><generation value="generated"/></page><page><nameUrl value="StructureDefinition-bc-merge-response-bundle.html"/><title value="BCMergeResponseBundle"/><generation value="generated"/></page><page><nameUrl value="StructureDefinition-bc-metadata-parameters.html"/><title value="BCMetadataParameters"/><generation value="generated"/></page><page><nameUrl value="StructureDefinition-bc-partial-revise-response-bundle.html"/><title value="BCPartialReviseResponseBundle"/><generation value="generated"/></page><page><nameUrl value="StructureDefinition-bc-patient-business-parameters.html"/><title value="BCPatientBusinessParameters"/><generation value="generated"/></page><page><nameUrl value="StructureDefinition-bc-revise-response-bundle.html"/><title value="BCReviseResponseBundle"/><generation value="generated"/></page><page><nameUrl value="StructureDefinition-bc-search-response-bundle.html"/><title value="BCSearchResponseBundle"/><generation value="generated"/></page><page><nameUrl value="StructureDefinition-bc-search-withEligibility-response-bundle.html"/><title value="BCSearchWithEligibilityResponseBundle"/><generation value="generated"/></page><page><nameUrl value="OperationDefinition-bc-patient-add.html"/><title value="AddPatient"/><generation value="generated"/></page><page><nameUrl value="OperationDefinition-bc-patient-find-candidates.html"/><title value="FindCandidates"/><generation value="generated"/></page><page><nameUrl value="OperationDefinition-bc-patient-get-demographics.html"/><title value="GetDemographics"/><generation value="generated"/></page><page><nameUrl value="OperationDefinition-bc-patient-get-demographics-withEligibility.html"/><title value="GetDemographics.withEligibility"/><generation value="generated"/></page><page><nameUrl value="OperationDefinition-bc-patient-merge.html"/><title value="MergePatient"/><generation value="generated"/></page><page><nameUrl value="OperationDefinition-bc-patient-notification.html"/><title value="PatientNotification"/><generation value="generated"/></page><page><nameUrl value="OperationDefinition-bc-patient-partial-revise.html"/><title value="PartialRevisePatient"/><generation value="generated"/></page><page><nameUrl value="OperationDefinition-bc-patient-revise.html"/><title value="RevisePatient"/><generation value="generated"/></page><page><nameUrl value="Parameters-Parameters-AddPatient-Example.html"/><title value="Parameters-AddPatient-Example"/><generation value="generated"/></page><page><nameUrl value="Parameters-Parameters-AddPatient-Newborn-Example.html"/><title value="Parameters-AddPatient-Newborn-Example"/><generation value="generated"/></page><page><nameUrl value="Parameters-Parameters-FindCandidates-Example.html"/><title value="Parameters-FindCandidates-Example"/><generation value="generated"/></page><page><nameUrl value="Parameters-Parameters-FindCandidates-UsingMomsPHN-Example.html"/><title value="Parameters-FindCandidates-UsingMomsPHN-Example"/><generation value="generated"/></page><page><nameUrl value="Parameters-Parameters-GetDemographics-Example.html"/><title value="Parameters-GetDemographics-Example"/><generation value="generated"/></page><page><nameUrl value="Parameters-Parameters-GetDemographicsWithEligibility-Example.html"/><title value="Parameters-GetDemographicsWithEligibility-Example"/><generation value="generated"/></page><page><nameUrl value="Parameters-Parameters-MergePatient-TwoNonSurvivors-Example.html"/><title value="Parameters-MergePatient-TwoNonSurvivors-Example"/><generation value="generated"/></page><page><nameUrl value="Parameters-Parameters-PartialRevisePatient-Example.html"/><title value="Parameters-PartialRevisePatient-Example"/><generation value="generated"/></page><page><nameUrl value="Parameters-Parameters-RevisePatient-Example.html"/><title value="Parameters-RevisePatient-Example"/><generation value="generated"/></page><page><nameUrl value="Bundle-Bundle-AddPatient-Response-Example.html"/><title value="Bundle-AddPatient-Response-Example"/><generation value="generated"/></page><page><nameUrl value="Bundle-Bundle-FindCandidates-Response-Example.html"/><title value="Bundle-FindCandidates-Response-Example"/><generation value="generated"/></page><page><nameUrl value="Bundle-Bundle-FindCandidates-Response-MomsPHN-Example.html"/><title value="Bundle-FindCandidates-Response-MomsPHN-Example"/><generation value="generated"/></page><page><nameUrl value="Bundle-Bundle-GetDemographics-Response-Example.html"/><title value="Bundle-GetDemographics-Response-Example"/><generation value="generated"/></page><page><nameUrl value="Bundle-Bundle-GetDemographicsWithEligibility-Response-Example.html"/><title value="Bundle-GetDemographicsWithEligibility-Response-Example"/><generation value="generated"/></page><page><nameUrl value="Bundle-Bundle-MergePatient-Response-Example.html"/><title value="Bundle-MergePatient-Response-Example"/><generation value="generated"/></page><page><nameUrl value="Bundle-Bundle-PartialRevisePatient-Response-Example.html"/><title value="Bundle-PartialRevisePatient-Response-Example"/><generation value="generated"/></page><page><nameUrl value="Bundle-Bundle-RevisePatient-Response-Example.html"/><title value="Bundle-RevisePatient-Response-Example"/><generation value="generated"/></page><page><nameUrl value="StructureDefinition-bc-birthdate-history-extension.html"/><title value="BC Birth Date History"/><generation value="generated"/></page><page><nameUrl value="StructureDefinition-bc-business-period-extension.html"/><title value="BC Business Dates"/><generation value="generated"/></page><page><nameUrl value="StructureDefinition-bc-death-date-extension.html"/><title value="BC Patient Death Date"/><generation value="generated"/></page><page><nameUrl value="StructureDefinition-bc-death-date-history-extension.html"/><title value="BC Death Date History"/><generation value="generated"/></page><page><nameUrl value="StructureDefinition-bc-death-flag-extension.html"/><title value="BC Patient Death Date"/><generation value="generated"/></page><page><nameUrl value="StructureDefinition-bc-death-flag-history-extension.html"/><title value="BC Death Flag History"/><generation value="generated"/></page><page><nameUrl value="StructureDefinition-bc-gender-history-extension.html"/><title value="BC Gender History"/><generation value="generated"/></page><page><nameUrl value="StructureDefinition-bc-merge-status-extension.html"/><title value="BC Merge Status Code"/><generation value="generated"/></page><page><nameUrl value="StructureDefinition-bc-multiplebirth-history-extension.html"/><title value="BC Multiple Birth History"/><generation value="generated"/></page><page><nameUrl value="StructureDefinition-bc-validation-status-extension.html"/><title value="BC Address Validation Status Code"/><generation value="generated"/></page><page><nameUrl value="ValueSet-bc-address-type-value-set.html"/><title value="BC Address Type Value Set"/><generation value="generated"/></page><page><nameUrl value="ValueSet-bc-address-validation-value-set.html"/><title value="BC Address Validation Value Set"/><generation value="generated"/></page><page><nameUrl value="ValueSet-bc-contact-point-system-value-set.html"/><title value="BC Contact Point System Value Set"/><generation value="generated"/></page><page><nameUrl value="ValueSet-bc-contact-point-use-value-set.html"/><title value="BC Contact Point Use Value Set"/><generation value="generated"/></page><page><nameUrl value="ValueSet-bc-merge-status-value-set.html"/><title value="BC Merge Status Value Set"/><generation value="generated"/></page><page><nameUrl value="ValueSet-bc-name-use-value-set.html"/><title value="BC Name Use value set."/><generation value="generated"/></page><page><nameUrl value="CodeSystem-bc-client-registry-address-validation-code-system.html"/><title value="BC Client Registry Address Validation Status Code"/><generation value="generated"/></page><page><nameUrl value="CodeSystem-bc-client-registry-merge-status-code-system.html"/><title value="BC Client Registry merge status."/><generation value="generated"/></page><page><nameUrl value="CodeSystem-bc-operation-outcome-details-code-system.html"/><title value="BC Client Registry Operation Outcome details code system"/><generation value="generated"/></page><page><nameUrl value="Coverage-Coverage-Active-Example.html"/><title value="Coverage-Active-Example"/><generation value="generated"/></page><page><nameUrl value="Coverage-Coverage-InActive-Example.html"/><title value="Coverage-InActive-Example"/><generation value="generated"/></page><page><nameUrl value="OperationOutcome-OperationOutcome-Example.html"/><title value="OperationOutcome-Example"/><generation value="generated"/></page><page><nameUrl value="OperationOutcome-OperationOutcome-Search-Example.html"/><title value="OperationOutcome-Search-Example"/><generation value="generated"/></page><page><nameUrl value="Parameters-Parameters-AddPatient-Response-Example.html"/><title value="Parameters-AddPatient-Response-Example"/><generation value="generated"/></page><page><nameUrl value="Parameters-Parameters-DeletePatch-Example.html"/><title value="Parameters-DeletePatch-Example"/><generation value="generated"/></page><page><nameUrl value="Parameters-Parameters-FindCandidates-Response-Example.html"/><title value="Parameters-FindCandidates-Response-Example"/><generation value="generated"/></page><page><nameUrl value="Parameters-Parameters-GetDemographics-IN-Example.html"/><title value="Parameters-GetDemographics-IN-Example"/><generation value="generated"/></page><page><nameUrl value="Parameters-Parameters-GetDemographics-Response-Example.html"/><title value="Parameters-GetDemographics-Response-Example"/><generation value="generated"/></page><page><nameUrl value="Parameters-Parameters-GetDemographicsWithEligibility-Response-Example.html"/><title value="Parameters-GetDemographicsWithEligibility-Response-Example"/><generation value="generated"/></page><page><nameUrl value="Parameters-Parameters-MergePatient-Response-Example.html"/><title value="Parameters-MergePatient-Response-Example"/><generation value="generated"/></page><page><nameUrl value="Parameters-Parameters-PartialRevisePatient-Response-Example.html"/><title value="Parameters-PartialRevisePatient-Response-Example"/><generation value="generated"/></page><page><nameUrl value="Parameters-Parameters-RevisePatient-Response-Example.html"/><title value="Parameters-RevisePatient-Response-Example"/><generation value="generated"/></page><page><nameUrl value="Patient-Patient-0-Example.html"/><title value="Patient-0-Example"/><generation value="generated"/></page><page><nameUrl value="Patient-Patient-1-Example.html"/><title value="Patient-1-Example"/><generation value="generated"/></page><page><nameUrl value="Patient-Patient-2-Example.html"/><title value="Patient-2-Example"/><generation value="generated"/></page><page><nameUrl value="Patient-Patient-AddPatient-Example.html"/><title value="Patient-AddPatient-Example"/><generation value="generated"/></page><page><nameUrl value="Patient-Patient-AddPatient-Newborn-Example.html"/><title value="Patient-AddPatient-Newborn-Example"/><generation value="generated"/></page><page><nameUrl value="Patient-Patient-AddReviseOrMergePatient-Response-Example.html"/><title value="Patient-AddReviseOrMergePatient-Response-Example"/><generation value="generated"/></page><page><nameUrl value="Patient-Patient-BabyBoy-Example.html"/><title value="Patient-BabyBoy-Example"/><generation value="generated"/></page><page><nameUrl value="Patient-Patient-BabyGirl-Example.html"/><title value="Patient-BabyGirl-Example"/><generation value="generated"/></page><page><nameUrl value="Patient-Patient-GetDemographics-Example.html"/><title value="Patient-GetDemographics-Example"/><generation value="generated"/></page><page><nameUrl value="Patient-Patient-GetDemographics-withHistory-Example.html"/><title value="Patient-GetDemographics-withHistory-Example"/><generation value="generated"/></page><page><nameUrl value="Patient-Patient-MergePatient-Example.html"/><title value="Patient-MergePatient-Example"/><generation value="generated"/></page><page><nameUrl value="Patient-Patient-Mother-Example.html"/><title value="Patient-Mother-Example"/><generation value="generated"/></page><page><nameUrl value="Patient-Patient-RevisePatient-Example.html"/><title value="Patient-RevisePatient-Example"/><generation value="generated"/></page><page><nameUrl value="RelatedPerson-RelatedPerson-Mother-Example.html"/><title value="RelatedPerson-Mother-Example"/><generation value="generated"/></page><page><nameUrl value="RelatedPerson-RelatedPerson-MotherOfBabyBoy-Example.html"/><title value="RelatedPerson-MotherOfBabyBoy-Example"/><generation value="generated"/></page><page><nameUrl value="RelatedPerson-RelatedPerson-MotherOfBabyGirl-Example.html"/><title value="RelatedPerson-MotherOfBabyGirl-Example"/><generation value="generated"/></page></page></page><parameter><code value="path-resource"/><value value="input/capabilities"/></parameter><parameter><code value="path-resource"/><value value="input/examples"/></parameter><parameter><code value="path-resource"/><value value="input/extensions"/></parameter><parameter><code value="path-resource"/><value value="input/models"/></parameter><parameter><code value="path-resource"/><value value="input/operations"/></parameter><parameter><code value="path-resource"/><value value="input/profiles"/></parameter><parameter><code value="path-resource"/><value value="input/resources"/></parameter><parameter><code value="path-resource"/><value value="input/vocabulary"/></parameter><parameter><code value="path-resource"/><value value="input/maps"/></parameter><parameter><code value="path-resource"/><value value="input/testing"/></parameter><parameter><code value="path-resource"/><value value="input/history"/></parameter><parameter><code value="path-resource"/><value value="fsh-generated/resources"/></parameter><parameter><code value="path-pages"/><value value="template/config"/></parameter><parameter><code value="path-pages"/><value value="input/images"/></parameter><parameter><code value="path-tx-cache"/><value value="input-cache/txcache"/></parameter></definition></ImplementationGuide>