<?xml version="1.0" encoding="UTF-8"?><ImplementationGuide xmlns="http://hl7.org/fhir"><id value="fhir.ca-bc.client"/><text><status value="extensions"/><div xmlns="http://www.w3.org/1999/xhtml"><h2>BCHealthClientIdentityManagement</h2><p>The official URL for this implementation guide is: </p><pre>http://hlth.gov.bc.ca/fhir/client/ImplementationGuide/fhir.ca-bc.client</pre><div><p>FHIR Implementation Guide for BC MOH Client Registry</p>
</div></div></text><url value="http://hlth.gov.bc.ca/fhir/client/ImplementationGuide/fhir.ca-bc.client"/><version value="1.0.0"/><name value="BCHealthClientIdentityManagement"/><title value="BC Client Registry FHIR Implementation Guide"/><status value="draft"/><date value="2023-02-21T21:29:24+00:00"/><publisher value="BC Ministry of Health"/><contact><name value="BC Ministry of Health"/><telecom><system value="url"/><value value="https://www2.gov.bc.ca/gov/content/governments/organizational-structure/ministries-organizations/ministries/health"/></telecom></contact><description value="FHIR Implementation Guide for BC MOH Client Registry"/><jurisdiction><coding><system value="urn:iso:std:iso:3166"/><code value="CA"/><display value="Canada"/></coding></jurisdiction><packageId value="fhir.ca-bc.client"/><license value="CC0-1.0"/><fhirVersion value="4.0.1"/><dependsOn id="hl7tx"><extension url="http://hl7.org/fhir/tools/StructureDefinition/implementationguide-dependency-comment"><valueMarkdown value="Automatically added as a dependency - all IGs depend on HL7 Terminology"/></extension><uri value="http://terminology.hl7.org/ImplementationGuide/hl7.terminology"/><packageId value="hl7.terminology.r4"/><version value="5.0.0"/></dependsOn><dependsOn id="hl7_fhir_ca_baseline"><uri value="http://hl7.org/fhir/ca/baseline/ImplementationGuide/hl7.fhir.ca.baseline"/><packageId value="hl7.fhir.ca.baseline"/><version value="1.1.4"/></dependsOn><definition><extension url="http://hl7.org/fhir/tools/StructureDefinition/ig-parameter"><extension url="code"><valueString value="copyrightyear"/></extension><extension url="value"><valueString value="2022+"/></extension></extension><extension url="http://hl7.org/fhir/tools/StructureDefinition/ig-parameter"><extension url="code"><valueString value="releaselabel"/></extension><extension url="value"><valueString value="Build CI"/></extension></extension><extension url="http://hl7.org/fhir/tools/StructureDefinition/ig-parameter"><extension url="code"><valueString value="autoload-resources"/></extension><extension url="value"><valueString value="true"/></extension></extension><extension url="http://hl7.org/fhir/tools/StructureDefinition/ig-parameter"><extension url="code"><valueString value="path-liquid"/></extension><extension url="value"><valueString value="template/liquid"/></extension></extension><extension url="http://hl7.org/fhir/tools/StructureDefinition/ig-parameter"><extension url="code"><valueString value="path-liquid"/></extension><extension url="value"><valueString value="input/liquid"/></extension></extension><extension url="http://hl7.org/fhir/tools/StructureDefinition/ig-parameter"><extension url="code"><valueString value="path-qa"/></extension><extension url="value"><valueString value="temp/qa"/></extension></extension><extension url="http://hl7.org/fhir/tools/StructureDefinition/ig-parameter"><extension url="code"><valueString value="path-temp"/></extension><extension url="value"><valueString value="temp/pages"/></extension></extension><extension url="http://hl7.org/fhir/tools/StructureDefinition/ig-parameter"><extension url="code"><valueString value="path-output"/></extension><extension url="value"><valueString value="output"/></extension></extension><extension url="http://hl7.org/fhir/tools/StructureDefinition/ig-parameter"><extension url="code"><valueString value="path-suppressed-warnings"/></extension><extension url="value"><valueString value="input/ignoreWarnings.txt"/></extension></extension><extension url="http://hl7.org/fhir/tools/StructureDefinition/ig-parameter"><extension url="code"><valueString value="path-history"/></extension><extension url="value"><valueString value="http://hlth.gov.bc.ca/fhir/client/history.html"/></extension></extension><extension url="http://hl7.org/fhir/tools/StructureDefinition/ig-parameter"><extension url="code"><valueString value="template-html"/></extension><extension url="value"><valueString value="template-page.html"/></extension></extension><extension url="http://hl7.org/fhir/tools/StructureDefinition/ig-parameter"><extension url="code"><valueString value="template-md"/></extension><extension url="value"><valueString value="template-page-md.html"/></extension></extension><extension url="http://hl7.org/fhir/tools/StructureDefinition/ig-parameter"><extension url="code"><valueString value="apply-contact"/></extension><extension url="value"><valueString value="true"/></extension></extension><extension url="http://hl7.org/fhir/tools/StructureDefinition/ig-parameter"><extension url="code"><valueString value="apply-context"/></extension><extension url="value"><valueString value="true"/></extension></extension><extension url="http://hl7.org/fhir/tools/StructureDefinition/ig-parameter"><extension url="code"><valueString value="apply-copyright"/></extension><extension url="value"><valueString value="true"/></extension></extension><extension url="http://hl7.org/fhir/tools/StructureDefinition/ig-parameter"><extension url="code"><valueString value="apply-jurisdiction"/></extension><extension url="value"><valueString value="true"/></extension></extension><extension url="http://hl7.org/fhir/tools/StructureDefinition/ig-parameter"><extension url="code"><valueString value="apply-license"/></extension><extension url="value"><valueString value="true"/></extension></extension><extension url="http://hl7.org/fhir/tools/StructureDefinition/ig-parameter"><extension url="code"><valueString value="apply-publisher"/></extension><extension url="value"><valueString value="true"/></extension></extension><extension url="http://hl7.org/fhir/tools/StructureDefinition/ig-parameter"><extension url="code"><valueString value="apply-version"/></extension><extension url="value"><valueString value="true"/></extension></extension><extension url="http://hl7.org/fhir/tools/StructureDefinition/ig-parameter"><extension url="code"><valueString value="active-tables"/></extension><extension url="value"><valueString value="true"/></extension></extension><extension url="http://hl7.org/fhir/tools/StructureDefinition/ig-parameter"><extension url="code"><valueString value="fmm-definition"/></extension><extension url="value"><valueString value="http://hl7.org/fhir/versions.html#maturity"/></extension></extension><extension url="http://hl7.org/fhir/tools/StructureDefinition/ig-parameter"><extension url="code"><valueString value="propagate-status"/></extension><extension url="value"><valueString value="true"/></extension></extension><extension url="http://hl7.org/fhir/tools/StructureDefinition/ig-parameter"><extension url="code"><valueString value="excludelogbinaryformat"/></extension><extension url="value"><valueString value="true"/></extension></extension><extension url="http://hl7.org/fhir/tools/StructureDefinition/ig-parameter"><extension url="code"><valueString value="tabbed-snapshots"/></extension><extension url="value"><valueString value="true"/></extension></extension><extension url="http://hl7.org/fhir/tools/StructureDefinition/ig-parameter"><extension url="code"><valueString value="copyrightyear"/></extension><extension url="value"><valueString value="2022+"/></extension></extension><extension url="http://hl7.org/fhir/tools/StructureDefinition/ig-parameter"><extension url="code"><valueString value="releaselabel"/></extension><extension url="value"><valueString value="Build CI"/></extension></extension><extension url="http://hl7.org/fhir/tools/StructureDefinition/ig-parameter"><extension url="code"><valueString value="autoload-resources"/></extension><extension url="value"><valueString value="true"/></extension></extension><extension url="http://hl7.org/fhir/tools/StructureDefinition/ig-parameter"><extension url="code"><valueString value="path-liquid"/></extension><extension url="value"><valueString value="template/liquid"/></extension></extension><extension url="http://hl7.org/fhir/tools/StructureDefinition/ig-parameter"><extension url="code"><valueString value="path-liquid"/></extension><extension url="value"><valueString value="input/liquid"/></extension></extension><extension url="http://hl7.org/fhir/tools/StructureDefinition/ig-parameter"><extension url="code"><valueString value="path-qa"/></extension><extension url="value"><valueString value="temp/qa"/></extension></extension><extension url="http://hl7.org/fhir/tools/StructureDefinition/ig-parameter"><extension url="code"><valueString value="path-temp"/></extension><extension url="value"><valueString value="temp/pages"/></extension></extension><extension url="http://hl7.org/fhir/tools/StructureDefinition/ig-parameter"><extension url="code"><valueString value="path-output"/></extension><extension url="value"><valueString value="output"/></extension></extension><extension url="http://hl7.org/fhir/tools/StructureDefinition/ig-parameter"><extension url="code"><valueString value="path-suppressed-warnings"/></extension><extension url="value"><valueString value="input/ignoreWarnings.txt"/></extension></extension><extension url="http://hl7.org/fhir/tools/StructureDefinition/ig-parameter"><extension url="code"><valueString value="path-history"/></extension><extension url="value"><valueString value="http://hlth.gov.bc.ca/fhir/client/history.html"/></extension></extension><extension url="http://hl7.org/fhir/tools/StructureDefinition/ig-parameter"><extension url="code"><valueString value="template-html"/></extension><extension url="value"><valueString value="template-page.html"/></extension></extension><extension url="http://hl7.org/fhir/tools/StructureDefinition/ig-parameter"><extension url="code"><valueString value="template-md"/></extension><extension url="value"><valueString value="template-page-md.html"/></extension></extension><extension url="http://hl7.org/fhir/tools/StructureDefinition/ig-parameter"><extension url="code"><valueString value="apply-contact"/></extension><extension url="value"><valueString value="true"/></extension></extension><extension url="http://hl7.org/fhir/tools/StructureDefinition/ig-parameter"><extension url="code"><valueString value="apply-context"/></extension><extension url="value"><valueString value="true"/></extension></extension><extension url="http://hl7.org/fhir/tools/StructureDefinition/ig-parameter"><extension url="code"><valueString value="apply-copyright"/></extension><extension url="value"><valueString value="true"/></extension></extension><extension url="http://hl7.org/fhir/tools/StructureDefinition/ig-parameter"><extension url="code"><valueString value="apply-jurisdiction"/></extension><extension url="value"><valueString value="true"/></extension></extension><extension url="http://hl7.org/fhir/tools/StructureDefinition/ig-parameter"><extension url="code"><valueString value="apply-license"/></extension><extension url="value"><valueString value="true"/></extension></extension><extension url="http://hl7.org/fhir/tools/StructureDefinition/ig-parameter"><extension url="code"><valueString value="apply-publisher"/></extension><extension url="value"><valueString value="true"/></extension></extension><extension url="http://hl7.org/fhir/tools/StructureDefinition/ig-parameter"><extension url="code"><valueString value="apply-version"/></extension><extension url="value"><valueString value="true"/></extension></extension><extension url="http://hl7.org/fhir/tools/StructureDefinition/ig-parameter"><extension url="code"><valueString value="active-tables"/></extension><extension url="value"><valueString value="true"/></extension></extension><extension url="http://hl7.org/fhir/tools/StructureDefinition/ig-parameter"><extension url="code"><valueString value="fmm-definition"/></extension><extension url="value"><valueString value="http://hl7.org/fhir/versions.html#maturity"/></extension></extension><extension url="http://hl7.org/fhir/tools/StructureDefinition/ig-parameter"><extension url="code"><valueString value="propagate-status"/></extension><extension url="value"><valueString value="true"/></extension></extension><extension url="http://hl7.org/fhir/tools/StructureDefinition/ig-parameter"><extension url="code"><valueString value="excludelogbinaryformat"/></extension><extension url="value"><valueString value="true"/></extension></extension><extension url="http://hl7.org/fhir/tools/StructureDefinition/ig-parameter"><extension url="code"><valueString value="tabbed-snapshots"/></extension><extension url="value"><valueString value="true"/></extension></extension><extension url="http://hl7.org/fhir/tools/StructureDefinition/ig-parameter"><extension url="code"><valueString value="copyrightyear"/></extension><extension url="value"><valueString value="2022+"/></extension></extension><extension url="http://hl7.org/fhir/tools/StructureDefinition/ig-parameter"><extension url="code"><valueString value="releaselabel"/></extension><extension url="value"><valueString value="Build CI"/></extension></extension><extension url="http://hl7.org/fhir/tools/StructureDefinition/ig-parameter"><extension url="code"><valueString value="autoload-resources"/></extension><extension url="value"><valueString value="true"/></extension></extension><extension url="http://hl7.org/fhir/tools/StructureDefinition/ig-parameter"><extension url="code"><valueString value="path-liquid"/></extension><extension url="value"><valueString value="template/liquid"/></extension></extension><extension url="http://hl7.org/fhir/tools/StructureDefinition/ig-parameter"><extension url="code"><valueString value="path-liquid"/></extension><extension url="value"><valueString value="input/liquid"/></extension></extension><extension url="http://hl7.org/fhir/tools/StructureDefinition/ig-parameter"><extension url="code"><valueString value="path-qa"/></extension><extension url="value"><valueString value="temp/qa"/></extension></extension><extension url="http://hl7.org/fhir/tools/StructureDefinition/ig-parameter"><extension url="code"><valueString value="path-temp"/></extension><extension url="value"><valueString value="temp/pages"/></extension></extension><extension url="http://hl7.org/fhir/tools/StructureDefinition/ig-parameter"><extension url="code"><valueString value="path-output"/></extension><extension url="value"><valueString value="output"/></extension></extension><extension url="http://hl7.org/fhir/tools/StructureDefinition/ig-parameter"><extension url="code"><valueString value="path-suppressed-warnings"/></extension><extension url="value"><valueString value="input/ignoreWarnings.txt"/></extension></extension><extension url="http://hl7.org/fhir/tools/StructureDefinition/ig-parameter"><extension url="code"><valueString value="path-history"/></extension><extension url="value"><valueString value="http://hlth.gov.bc.ca/fhir/client/history.html"/></extension></extension><extension url="http://hl7.org/fhir/tools/StructureDefinition/ig-parameter"><extension url="code"><valueString value="template-html"/></extension><extension url="value"><valueString value="template-page.html"/></extension></extension><extension url="http://hl7.org/fhir/tools/StructureDefinition/ig-parameter"><extension url="code"><valueString value="template-md"/></extension><extension url="value"><valueString value="template-page-md.html"/></extension></extension><extension url="http://hl7.org/fhir/tools/StructureDefinition/ig-parameter"><extension url="code"><valueString value="apply-contact"/></extension><extension url="value"><valueString value="true"/></extension></extension><extension url="http://hl7.org/fhir/tools/StructureDefinition/ig-parameter"><extension url="code"><valueString value="apply-context"/></extension><extension url="value"><valueString value="true"/></extension></extension><extension url="http://hl7.org/fhir/tools/StructureDefinition/ig-parameter"><extension url="code"><valueString value="apply-copyright"/></extension><extension url="value"><valueString value="true"/></extension></extension><extension url="http://hl7.org/fhir/tools/StructureDefinition/ig-parameter"><extension url="code"><valueString value="apply-jurisdiction"/></extension><extension url="value"><valueString value="true"/></extension></extension><extension url="http://hl7.org/fhir/tools/StructureDefinition/ig-parameter"><extension url="code"><valueString value="apply-license"/></extension><extension url="value"><valueString value="true"/></extension></extension><extension url="http://hl7.org/fhir/tools/StructureDefinition/ig-parameter"><extension url="code"><valueString value="apply-publisher"/></extension><extension url="value"><valueString value="true"/></extension></extension><extension url="http://hl7.org/fhir/tools/StructureDefinition/ig-parameter"><extension url="code"><valueString value="apply-version"/></extension><extension url="value"><valueString value="true"/></extension></extension><extension url="http://hl7.org/fhir/tools/StructureDefinition/ig-parameter"><extension url="code"><valueString value="active-tables"/></extension><extension url="value"><valueString value="true"/></extension></extension><extension url="http://hl7.org/fhir/tools/StructureDefinition/ig-parameter"><extension url="code"><valueString value="fmm-definition"/></extension><extension url="value"><valueString value="http://hl7.org/fhir/versions.html#maturity"/></extension></extension><extension url="http://hl7.org/fhir/tools/StructureDefinition/ig-parameter"><extension url="code"><valueString value="propagate-status"/></extension><extension url="value"><valueString value="true"/></extension></extension><extension url="http://hl7.org/fhir/tools/StructureDefinition/ig-parameter"><extension url="code"><valueString value="excludelogbinaryformat"/></extension><extension url="value"><valueString value="true"/></extension></extension><extension url="http://hl7.org/fhir/tools/StructureDefinition/ig-parameter"><extension url="code"><valueString value="tabbed-snapshots"/></extension><extension url="value"><valueString value="true"/></extension></extension><grouping id="CapabilityStatement"><name value="Capability Statement"/><description value="The Capability Statement for Client Registry"/></grouping><grouping id="Operations"><name value="Operation Definitions"/><description value="The defined Operations"/></grouping><grouping id="PatientProfile"><name value="Patient Profile"/><description value="The BC Patient profile"/></grouping><grouping id="SupportingProfiles"><name value="Supporting Profiles"/><description value="Artifacts associated with resources that support Patient and Client Registry Operations"/></grouping><grouping id="RequestExamples"><name value="Request Examples"/><description value="A set of operation request examples"/></grouping><grouping id="ResponseExamples"><name value="Response Examples"/><description value="A set of operation response examples"/></grouping><grouping id="-str-profile"><name value="Structures: Resource Profiles"/><description value="These define constraints on FHIR resources for systems conforming to this implementation guide."/></grouping><grouping id="-str-extension"><name value="Structures: Extension Definitions"/><description value="These define constraints on FHIR data types for systems conforming to this implementation guide."/></grouping><grouping id="-term-valueset"><name value="Terminology: Value Sets"/><description value="These define sets of codes used by systems conforming to this implementation guide."/></grouping><grouping id="-term-codesystem"><name value="Terminology: Code Systems"/><description value="These define new code systems used by systems conforming to this implementation guide."/></grouping><grouping id="-ex-example"><name value="Example: Example Instances"/><description value="These are example instances that show what data produced and consumed by systems conforming with this implementation guide might look like."/></grouping><resource><extension url="http://hl7.org/fhir/StructureDefinition/implementationguide-page"><valueUri value="StructureDefinition-bc-add-request-bundle.html"/></extension><reference><reference value="StructureDefinition/bc-add-request-bundle"/></reference><name value="AddRequestBundle"/><description value="A Bundle that is used in the Client Registry for Add Patient requests."/><exampleBoolean value="false"/><groupingId value="SupportingProfiles"/></resource><resource><extension url="http://hl7.org/fhir/StructureDefinition/implementationguide-page"><valueUri value="StructureDefinition-bc-add-response-bundle.html"/></extension><reference><reference value="StructureDefinition/bc-add-response-bundle"/></reference><name value="AddResponseBundle"/><description value="A Bundle that is used in the Client Registry response to Add Patient requests."/><exampleBoolean value="false"/><groupingId value="SupportingProfiles"/></resource><resource><extension url="http://hl7.org/fhir/StructureDefinition/implementationguide-page"><valueUri value="StructureDefinition-bc-async-ack-response-bundle.html"/></extension><reference><reference value="StructureDefinition/bc-async-ack-response-bundle"/></reference><name value="AsyncAckBundle"/><description value="A Bundle that is used for the ACK response to an aynchronous operation request."/><exampleBoolean value="false"/><groupingId value="SupportingProfiles"/></resource><resource><extension url="http://hl7.org/fhir/StructureDefinition/implementationguide-page"><valueUri value="StructureDefinition-bc-patient.html"/></extension><reference><reference value="StructureDefinition/bc-patient"/></reference><name value="ClientRegistryPatient"/><description value="General constraints on the Patient resource for use in the BC Client Registry project."/><exampleBoolean value="false"/><groupingId value="PatientProfile"/></resource><resource><extension url="http://hl7.org/fhir/StructureDefinition/implementationguide-page"><valueUri value="StructureDefinition-bc-find-candidates-request-bundle.html"/></extension><reference><reference value="StructureDefinition/bc-find-candidates-request-bundle"/></reference><name value="FindCandidatesRequestBundle"/><description value="A Bundle that is used in the Find Candidates Operation request."/><exampleBoolean value="false"/><groupingId value="SupportingProfiles"/></resource><resource><extension url="http://hl7.org/fhir/StructureDefinition/implementationguide-page"><valueUri value="StructureDefinition-bc-get-demographics-request-bundle.html"/></extension><reference><reference value="StructureDefinition/bc-get-demographics-request-bundle"/></reference><name value="GetDemographicsRequestBundle"/><description value="A Bundle that is used in the Get Demographics Operation request."/><exampleBoolean value="false"/><groupingId value="SupportingProfiles"/></resource><resource><extension url="http://hl7.org/fhir/StructureDefinition/implementationguide-page"><valueUri value="StructureDefinition-bc-merge-request-bundle.html"/></extension><reference><reference value="StructureDefinition/bc-merge-request-bundle"/></reference><name value="MergeRequestBundle"/><description value="A Bundle that is used in the Client Registry for Add Patient requests."/><exampleBoolean value="false"/><groupingId value="SupportingProfiles"/></resource><resource><extension url="http://hl7.org/fhir/StructureDefinition/implementationguide-page"><valueUri value="StructureDefinition-bc-merge-response-bundle.html"/></extension><reference><reference value="StructureDefinition/bc-merge-response-bundle"/></reference><name value="MergeResponseBundle"/><description value="A Bundle that is used in the Client Registry response to Merge Patient requests."/><exampleBoolean value="false"/><groupingId value="SupportingProfiles"/></resource><resource><extension url="http://hl7.org/fhir/StructureDefinition/implementationguide-page"><valueUri value="StructureDefinition-bc-metadata-parameter-async-response.html"/></extension><reference><reference value="StructureDefinition/bc-metadata-parameter-async-response"/></reference><name value="MetadataParametersAsync"/><description value="Parameters profile for BC meta data - outbound messages."/><exampleBoolean value="false"/><groupingId value="SupportingProfiles"/></resource><resource><extension url="http://hl7.org/fhir/StructureDefinition/implementationguide-page"><valueUri value="StructureDefinition-bc-metadata-parameters-in.html"/></extension><reference><reference value="StructureDefinition/bc-metadata-parameters-in"/></reference><name value="MetadataParametersIn"/><description value="Parameters profile for BC meta data - incoming messages."/><exampleBoolean value="false"/><groupingId value="SupportingProfiles"/></resource><resource><extension url="http://hl7.org/fhir/StructureDefinition/implementationguide-page"><valueUri value="StructureDefinition-bc-metadata-parameters-out.html"/></extension><reference><reference value="StructureDefinition/bc-metadata-parameters-out"/></reference><name value="MetadataParametersOut"/><description value="Parameters profile for BC meta data - outbound messages."/><exampleBoolean value="false"/><groupingId value="SupportingProfiles"/></resource><resource><extension url="http://hl7.org/fhir/StructureDefinition/implementationguide-page"><valueUri value="StructureDefinition-bc-update-patient.html"/></extension><reference><reference value="StructureDefinition/bc-update-patient"/></reference><name value="PartialPatientUpdate"/><description value="Patient profile used to update a Patient."/><exampleBoolean value="false"/><groupingId value="PatientProfile"/></resource><resource><extension url="http://hl7.org/fhir/StructureDefinition/implementationguide-page"><valueUri value="StructureDefinition-bc-update-request-bundle.html"/></extension><reference><reference value="StructureDefinition/bc-update-request-bundle"/></reference><name value="PartialUpdateRequestBundle"/><description value="A Bundle that is used in the Client Registry for Patient update requests."/><exampleBoolean value="false"/><groupingId value="SupportingProfiles"/></resource><resource><extension url="http://hl7.org/fhir/StructureDefinition/implementationguide-page"><valueUri value="StructureDefinition-bc-patient-by-example.html"/></extension><reference><reference value="StructureDefinition/bc-patient-by-example"/></reference><name value="PatientByExample"/><description value="Will get removed. General constraints on the Patient resource for use in the BC Client Registry project for queries. PatientByExample is a resource of the Client Registry FHIR implementation use only by Get Demographics and Find Candidates"/><exampleBoolean value="false"/><groupingId value="-str-profile"/></resource><resource><extension url="http://hl7.org/fhir/StructureDefinition/implementationguide-page"><valueUri value="StructureDefinition-bc-merge-patient.html"/></extension><reference><reference value="StructureDefinition/bc-merge-patient"/></reference><name value="PatientMerge"/><description value="General constraints on the Patient resource for use in the BC Client Registry project Merge Operation."/><exampleBoolean value="false"/><groupingId value="PatientProfile"/></resource><resource><extension url="http://hl7.org/fhir/StructureDefinition/implementationguide-page"><valueUri value="StructureDefinition-bc-revise-request-bundle.html"/></extension><reference><reference value="StructureDefinition/bc-revise-request-bundle"/></reference><name value="ReviseRequestBundle"/><description value="A Bundle that is used in the Client Registry for Revise Patient requests.  This is also used by Patient Notitifications."/><exampleBoolean value="false"/><groupingId value="SupportingProfiles"/></resource><resource><extension url="http://hl7.org/fhir/StructureDefinition/implementationguide-page"><valueUri value="StructureDefinition-bc-revise-response-bundle.html"/></extension><reference><reference value="StructureDefinition/bc-revise-response-bundle"/></reference><name value="ReviseResponseBundle"/><description value="A Bundle that is used in the Client Registry response to Revise Patient requests."/><exampleBoolean value="false"/><groupingId value="SupportingProfiles"/></resource><resource><extension url="http://hl7.org/fhir/StructureDefinition/implementationguide-page"><valueUri value="StructureDefinition-bc-search-response-bundle.html"/></extension><reference><reference value="StructureDefinition/bc-search-response-bundle"/></reference><name value="SearchResponseBundle"/><description value="A Bundle that is used in the Client Registry response to Find Candidates and Get Demographics queries."/><exampleBoolean value="false"/><groupingId value="SupportingProfiles"/></resource><resource><extension url="http://hl7.org/fhir/StructureDefinition/implementationguide-page"><valueUri value="StructureDefinition-bc-search-withEligibility-response-bundle.html"/></extension><reference><reference value="StructureDefinition/bc-search-withEligibility-response-bundle"/></reference><name value="SearchWithEligibilityResponseBundle"/><description value="A Bundle that is used in the Client Registry response to Get Demographics with Eligibility queries."/><exampleBoolean value="false"/><groupingId value="SupportingProfiles"/></resource><resource><extension url="http://hl7.org/fhir/StructureDefinition/implementationguide-page"><valueUri value="StructureDefinition-bc-birthdate-history-extension.html"/></extension><reference><reference value="StructureDefinition/bc-birthdate-history-extension"/></reference><name value="BC Birth Date History"/><description value="This extension allows the Client Registry to include historical birth dates in a single Patient resource."/><exampleBoolean value="false"/><groupingId value="-str-extension"/></resource><resource><extension url="http://hl7.org/fhir/StructureDefinition/implementationguide-page"><valueUri value="StructureDefinition-bc-business-period-extension.html"/></extension><reference><reference value="StructureDefinition/bc-business-period-extension"/></reference><name value="BC Business Dates"/><description value="The effective dates for the parent element."/><exampleBoolean value="false"/><groupingId value="-str-extension"/></resource><resource><extension url="http://hl7.org/fhir/StructureDefinition/implementationguide-page"><valueUri value="StructureDefinition-bc-death-date-history-extension.html"/></extension><reference><reference value="StructureDefinition/bc-death-date-history-extension"/></reference><name value="BC Death Date History"/><description value="This extension allows the Client Registry to include historical death dates and flags in a single Patient resource."/><exampleBoolean value="false"/><groupingId value="-str-extension"/></resource><resource><extension url="http://hl7.org/fhir/StructureDefinition/implementationguide-page"><valueUri value="StructureDefinition-bc-death-verified-flag-extension.html"/></extension><reference><reference value="StructureDefinition/bc-death-verified-flag-extension"/></reference><name value="BC Death Verified Flag"/><description value="The Patients death is verified and as recorded in the Client Registry as a flag.  This also includes death verified flag history as required."/><exampleBoolean value="false"/><groupingId value="-str-extension"/></resource><resource><extension url="http://hl7.org/fhir/StructureDefinition/implementationguide-page"><valueUri value="StructureDefinition-bc-death-verified-flag-history-extension.html"/></extension><reference><reference value="StructureDefinition/bc-death-verified-flag-history-extension"/></reference><name value="BC Death Verified Flag History"/><description value="This extension allows the Client Registry to include historical death flags in a single Patient resource."/><exampleBoolean value="false"/><groupingId value="-str-extension"/></resource><resource><extension url="http://hl7.org/fhir/StructureDefinition/implementationguide-page"><valueUri value="StructureDefinition-bc-gender-history-extension.html"/></extension><reference><reference value="StructureDefinition/bc-gender-history-extension"/></reference><name value="BC Gender History"/><description value="This extension allows the Client Registry to include historical gender codes in a single Patient resource."/><exampleBoolean value="false"/><groupingId value="-str-extension"/></resource><resource><extension url="http://hl7.org/fhir/StructureDefinition/implementationguide-page"><valueUri value="StructureDefinition-bc-gender-identity-extension.html"/></extension><reference><reference value="StructureDefinition/bc-gender-identity-extension"/></reference><name value="BC Gender Identity with business dates."/><description value="Gender Identity with business dates."/><exampleBoolean value="false"/><groupingId value="-str-extension"/></resource><resource><extension url="http://hl7.org/fhir/StructureDefinition/implementationguide-page"><valueUri value="StructureDefinition-bc-identifier-status-extension.html"/></extension><reference><reference value="StructureDefinition/bc-identifier-status-extension"/></reference><name value="BC Identifier Status"/><description value="Identifier status."/><exampleBoolean value="false"/><groupingId value="-str-extension"/></resource><resource><extension url="http://hl7.org/fhir/StructureDefinition/implementationguide-page"><valueUri value="StructureDefinition-bc-merge-status-extension.html"/></extension><reference><reference value="StructureDefinition/bc-merge-status-extension"/></reference><name value="BC Merge Status Code"/><description value="A code that represents the Merge status of the Patient."/><exampleBoolean value="false"/><groupingId value="-str-extension"/></resource><resource><extension url="http://hl7.org/fhir/StructureDefinition/implementationguide-page"><valueUri value="StructureDefinition-bc-multiplebirth-history-extension.html"/></extension><reference><reference value="StructureDefinition/bc-multiplebirth-history-extension"/></reference><name value="BC Multiple Birth History"/><description value="This extension allows the Client Registry to include historical multiple birth values in a single Patient resource."/><exampleBoolean value="false"/><groupingId value="-str-extension"/></resource><resource><extension url="http://hl7.org/fhir/StructureDefinition/implementationguide-page"><valueUri value="StructureDefinition-bc-sourceId-extension.html"/></extension><reference><reference value="StructureDefinition/bc-sourceId-extension"/></reference><name value="BC SourceID and UserID"/><description value="Identifiers for the source and user that modified the specific element that this extension is on."/><exampleBoolean value="false"/><groupingId value="-str-extension"/></resource><resource><extension url="http://hl7.org/fhir/StructureDefinition/implementationguide-page"><valueUri value="StructureDefinition-bc-update-patient-operation-extension.html"/></extension><reference><reference value="StructureDefinition/bc-update-patient-operation-extension"/></reference><name value="A code the describes how a particular Patient attribute is to be changed"/><description value="A code the describes how a particular Patient attribute is to be changed."/><exampleBoolean value="false"/><groupingId value="-str-extension"/></resource><resource><extension url="http://hl7.org/fhir/StructureDefinition/implementationguide-page"><valueUri value="StructureDefinition-bc-validation-status-extension.html"/></extension><reference><reference value="StructureDefinition/bc-validation-status-extension"/></reference><name value="BC Address Validation Status Code"/><description value="A code that represents the validation status of the address"/><exampleBoolean value="false"/><groupingId value="-str-extension"/></resource><resource><extension url="http://hl7.org/fhir/StructureDefinition/implementationguide-page"><valueUri value="ValueSet-bc-address-validation-value-set.html"/></extension><reference><reference value="ValueSet/bc-address-validation-value-set"/></reference><name value="BC Address Validation Value Set"/><description value="BC Address Validation value set used to describe the validation status of an address"/><exampleBoolean value="false"/><groupingId value="-term-valueset"/></resource><resource><extension url="http://hl7.org/fhir/StructureDefinition/implementationguide-page"><valueUri value="ValueSet-bc-contact-point-system-value-set.html"/></extension><reference><reference value="ValueSet/bc-contact-point-system-value-set"/></reference><name value="BC Contact Point System Value Set"/><description value="BC Contact Point System value set, sliced to meet BC constraints."/><exampleBoolean value="false"/><groupingId value="-term-valueset"/></resource><resource><extension url="http://hl7.org/fhir/StructureDefinition/implementationguide-page"><valueUri value="ValueSet-bc-contact-point-use-value-set.html"/></extension><reference><reference value="ValueSet/bc-contact-point-use-value-set"/></reference><name value="BC Contact Point Use Value Set"/><description value="BC Contact Point Use value set, sliced to meet BC constraints."/><exampleBoolean value="false"/><groupingId value="-term-valueset"/></resource><resource><extension url="http://hl7.org/fhir/StructureDefinition/implementationguide-page"><valueUri value="ValueSet-bc-identifier-status-value-set.html"/></extension><reference><reference value="ValueSet/bc-identifier-status-value-set"/></reference><name value="BC Identifier Status Value Set"/><description value="BC Identifier Status value set used to describe the status of an identifier."/><exampleBoolean value="false"/><groupingId value="-term-valueset"/></resource><resource><extension url="http://hl7.org/fhir/StructureDefinition/implementationguide-page"><valueUri value="ValueSet-bc-merge-status-value-set.html"/></extension><reference><reference value="ValueSet/bc-merge-status-value-set"/></reference><name value="BC Merge Status Value Set"/><description value="BC Merge Status value set used to describe the merge status of a Patient."/><exampleBoolean value="false"/><groupingId value="-term-valueset"/></resource><resource><extension url="http://hl7.org/fhir/StructureDefinition/implementationguide-page"><valueUri value="ValueSet-bc-name-use-value-set.html"/></extension><reference><reference value="ValueSet/bc-name-use-value-set"/></reference><name value="BC Name Use value set."/><description value="BC Name Use value set, sliced to meet BC constraints."/><exampleBoolean value="false"/><groupingId value="-term-valueset"/></resource><resource><extension url="http://hl7.org/fhir/StructureDefinition/implementationguide-page"><valueUri value="ValueSet-bc-client-registry-update-patient-operation-value-set.html"/></extension><reference><reference value="ValueSet/bc-client-registry-update-patient-operation-value-set"/></reference><name value="BC Update Patient Operation Value Set"/><description value="A Value Set of allowed update operations."/><exampleBoolean value="false"/><groupingId value="-term-valueset"/></resource><resource><extension url="http://hl7.org/fhir/StructureDefinition/implementationguide-page"><valueUri value="CodeSystem-bc-client-registry-address-validation-code-system.html"/></extension><reference><reference value="CodeSystem/bc-client-registry-address-validation-code-system"/></reference><name value="BC Client Registry Address Validation Status Code"/><description value="Codes used to define the address validation status."/><exampleBoolean value="false"/><groupingId value="-term-codesystem"/></resource><resource><extension url="http://hl7.org/fhir/StructureDefinition/implementationguide-page"><valueUri value="CodeSystem-bc-identifier-status-code-system.html"/></extension><reference><reference value="CodeSystem/bc-identifier-status-code-system"/></reference><name value="BC Client registry identifier status code system"/><description value="BC Client registry identifier status code system."/><exampleBoolean value="false"/><groupingId value="-term-codesystem"/></resource><resource><extension url="http://hl7.org/fhir/StructureDefinition/implementationguide-page"><valueUri value="CodeSystem-bc-client-registry-merge-status-code-system.html"/></extension><reference><reference value="CodeSystem/bc-client-registry-merge-status-code-system"/></reference><name value="BC Client Registry merge status."/><description value="Codes used to describe the merge status."/><exampleBoolean value="false"/><groupingId value="-term-codesystem"/></resource><resource><extension url="http://hl7.org/fhir/StructureDefinition/implementationguide-page"><valueUri value="CodeSystem-bc-operation-outcome-details-code-system.html"/></extension><reference><reference value="CodeSystem/bc-operation-outcome-details-code-system"/></reference><name value="BC Client Registry Operation Outcome details code system"/><description value="BC Client Registry Operation Outcome details code system"/><exampleBoolean value="false"/><groupingId value="-term-codesystem"/></resource><resource><extension url="http://hl7.org/fhir/StructureDefinition/implementationguide-page"><valueUri value="CodeSystem-bc-client-registry-update-patient-operation-code-system.html"/></extension><reference><reference value="CodeSystem/bc-client-registry-update-patient-operation-code-system"/></reference><name value="BC Code System Of Allowed Update Operations"/><description value="BC Code System of allowed update patient operations."/><exampleBoolean value="false"/><groupingId value="-term-codesystem"/></resource><resource><extension url="http://hl7.org/fhir/StructureDefinition/implementationguide-page"><valueUri value="Bundle-AddNewbornByMumsPHN-Request.html"/></extension><reference><reference value="Bundle/AddNewbornByMumsPHN-Request"/></reference><name value="AddNewbornByMumsPHN-Request"/><description value="Example of $Add request with Mother's PHN."/><exampleCanonical value="http://hlth.gov.bc.ca/fhir/client/StructureDefinition/bc-add-request-bundle"/><groupingId value="RequestExamples"/></resource><resource><extension url="http://hl7.org/fhir/StructureDefinition/implementationguide-page"><valueUri value="Bundle-AddPatient-Request.html"/></extension><reference><reference value="Bundle/AddPatient-Request"/></reference><name value="AddPatient-Request"/><description value="Example of $Add Patient request with all data fields populated."/><exampleCanonical value="http://hlth.gov.bc.ca/fhir/client/StructureDefinition/bc-add-request-bundle"/><groupingId value="RequestExamples"/></resource><resource><extension url="http://hl7.org/fhir/StructureDefinition/implementationguide-page"><valueUri value="Bundle-AddPatient-Response.html"/></extension><reference><reference value="Bundle/AddPatient-Response"/></reference><name value="AddPatient-Response"/><description value="Example of a $Add Patient Response message."/><exampleCanonical value="http://hlth.gov.bc.ca/fhir/client/StructureDefinition/bc-add-response-bundle"/><groupingId value="ResponseExamples"/></resource><resource><extension url="http://hl7.org/fhir/StructureDefinition/implementationguide-page"><valueUri value="Bundle-Bundle-GetDemographicsWithEligibility-Response-Example.html"/></extension><reference><reference value="Bundle/Bundle-GetDemographicsWithEligibility-Response-Example"/></reference><name value="Bundle-GetDemographicsWithEligibility-Response-Example"/><description value="Example of $GetDemographics.withEligibility operation response Bundle"/><exampleCanonical value="http://hlth.gov.bc.ca/fhir/client/StructureDefinition/bc-search-response-bundle"/><groupingId value="-ex-example"/></resource><resource><extension url="http://hl7.org/fhir/StructureDefinition/implementationguide-page"><valueUri value="Bundle-Bundle-MergePatient-Request-Example.html"/></extension><reference><reference value="Bundle/Bundle-MergePatient-Request-Example"/></reference><name value="Bundle-MergePatient-Request-Example"/><description value="Example of $MergePatient operation."/><exampleCanonical value="http://hlth.gov.bc.ca/fhir/client/StructureDefinition/bc-merge-request-bundle"/><groupingId value="-ex-example"/></resource><resource><extension url="http://hl7.org/fhir/StructureDefinition/implementationguide-page"><valueUri value="Bundle-Bundle-MergePatient-Response-Example.html"/></extension><reference><reference value="Bundle/Bundle-MergePatient-Response-Example"/></reference><name value="Bundle-MergePatient-Response-Example"/><description value="A sample MergePatient Operation response."/><exampleCanonical value="http://hlth.gov.bc.ca/fhir/client/StructureDefinition/bc-merge-response-bundle"/><groupingId value="-ex-example"/></resource><resource><extension url="http://hl7.org/fhir/StructureDefinition/implementationguide-page"><valueUri value="Bundle-Bundle-UpdatePatient-Request-Example.html"/></extension><reference><reference value="Bundle/Bundle-UpdatePatient-Request-Example"/></reference><name value="Bundle-UpdatePatient-Request-Example"/><description value="A sample UpdatePatient request. This example shows a Address update that replaces an existing address."/><exampleCanonical value="http://hlth.gov.bc.ca/fhir/client/StructureDefinition/bc-update-request-bundle"/><groupingId value="-ex-example"/></resource><resource><extension url="http://hl7.org/fhir/StructureDefinition/implementationguide-page"><valueUri value="Bundle-Bundle-UpdatePatient-Response-Example.html"/></extension><reference><reference value="Bundle/Bundle-UpdatePatient-Response-Example"/></reference><name value="Bundle-UpdatePatient-Response-Example"/><description value="A sample UpdatePatient Operation response."/><exampleCanonical value="http://hlth.gov.bc.ca/fhir/client/StructureDefinition/bc-revise-response-bundle"/><groupingId value="-ex-example"/></resource><resource><extension url="http://hl7.org/fhir/StructureDefinition/implementationguide-page"><valueUri value="Coverage-Coverage-Active-Example.html"/></extension><reference><reference value="Coverage/Coverage-Active-Example"/></reference><name value="Coverage-Active-Example"/><description value="Example of Get Eligibility response, the patient is eligible."/><exampleBoolean value="true"/><groupingId value="-ex-example"/></resource><resource><extension url="http://hl7.org/fhir/StructureDefinition/implementationguide-page"><valueUri value="Coverage-Coverage-InActive-Example.html"/></extension><reference><reference value="Coverage/Coverage-InActive-Example"/></reference><name value="Coverage-InActive-Example"/><description value="Example of Get Eligibility response, the patient is not eligible."/><exampleBoolean value="true"/><groupingId value="-ex-example"/></resource><resource><extension url="http://hl7.org/fhir/StructureDefinition/implementationguide-page"><valueUri value="Bundle-FindCandidates-Request.html"/></extension><reference><reference value="Bundle/FindCandidates-Request"/></reference><name value="FindCandidates-Request"/><description value="Example of $FindCandidates request"/><exampleCanonical value="http://hlth.gov.bc.ca/fhir/client/StructureDefinition/bc-find-candidates-request-bundle"/><groupingId value="RequestExamples"/></resource><resource><extension url="http://hl7.org/fhir/StructureDefinition/implementationguide-page"><valueUri value="Bundle-FindCandidates-Response.html"/></extension><reference><reference value="Bundle/FindCandidates-Response"/></reference><name value="FindCandidates-Response"/><description value="Example of $FindCandidates response"/><exampleCanonical value="http://hlth.gov.bc.ca/fhir/client/StructureDefinition/bc-search-response-bundle"/><groupingId value="ResponseExamples"/></resource><resource><extension url="http://hl7.org/fhir/StructureDefinition/implementationguide-page"><valueUri value="Bundle-FindNewbornByMumsPHN-Request.html"/></extension><reference><reference value="Bundle/FindNewbornByMumsPHN-Request"/></reference><name value="FindNewbornByMumsPHN-Request"/><description value="Example of $FindCandidates request with Mother's PHN."/><exampleCanonical value="http://hlth.gov.bc.ca/fhir/client/StructureDefinition/bc-find-candidates-request-bundle"/><groupingId value="RequestExamples"/></resource><resource><extension url="http://hl7.org/fhir/StructureDefinition/implementationguide-page"><valueUri value="Bundle-FindNewbornByMumsPHN-Response.html"/></extension><reference><reference value="Bundle/FindNewbornByMumsPHN-Response"/></reference><name value="FindNewbornByMumsPHN-Response"/><description value="Example of $FindCandidates response with Mother's PHN."/><exampleCanonical value="http://hlth.gov.bc.ca/fhir/client/StructureDefinition/bc-search-response-bundle"/><groupingId value="ResponseExamples"/></resource><resource><extension url="http://hl7.org/fhir/StructureDefinition/implementationguide-page"><valueUri value="Bundle-GetDemographics-Request.html"/></extension><reference><reference value="Bundle/GetDemographics-Request"/></reference><name value="GetDemographics-Request"/><description value="Example of $GetDemographics request"/><exampleCanonical value="http://hlth.gov.bc.ca/fhir/client/StructureDefinition/bc-get-demographics-request-bundle"/><groupingId value="RequestExamples"/></resource><resource><extension url="http://hl7.org/fhir/StructureDefinition/implementationguide-page"><valueUri value="Bundle-GetDemographics-Response.html"/></extension><reference><reference value="Bundle/GetDemographics-Response"/></reference><name value="GetDemographics-Response"/><description value="Example of $GetDemographics response"/><exampleCanonical value="http://hlth.gov.bc.ca/fhir/client/StructureDefinition/bc-search-response-bundle"/><groupingId value="ResponseExamples"/></resource><resource><extension url="http://hl7.org/fhir/StructureDefinition/implementationguide-page"><valueUri value="Bundle-GetDemographics-withHistory-Request.html"/></extension><reference><reference value="Bundle/GetDemographics-withHistory-Request"/></reference><name value="GetDemographics-withHistory-Request"/><description value="Example of $GetDemographics request with History"/><exampleCanonical value="http://hlth.gov.bc.ca/fhir/client/StructureDefinition/bc-get-demographics-request-bundle"/><groupingId value="RequestExamples"/></resource><resource><extension url="http://hl7.org/fhir/StructureDefinition/implementationguide-page"><valueUri value="Bundle-GetDemographics-withHistory-Response.html"/></extension><reference><reference value="Bundle/GetDemographics-withHistory-Response"/></reference><name value="GetDemographics-withHistory-Response"/><description value="Example of $GetDemographics response with History"/><exampleCanonical value="http://hlth.gov.bc.ca/fhir/client/StructureDefinition/bc-search-response-bundle"/><groupingId value="ResponseExamples"/></resource><resource><extension url="http://hl7.org/fhir/StructureDefinition/implementationguide-page"><valueUri value="Bundle-GetDemographics-withPHNInfo-Response.html"/></extension><reference><reference value="Bundle/GetDemographics-withPHNInfo-Response"/></reference><name value="GetDemographics-withPHNInfo-Response"/><description value="Example of $GetDemographics response with PHN info. Only organization users with specific access will receive this data, to be used by the admin Webapp "/><exampleCanonical value="http://hlth.gov.bc.ca/fhir/client/StructureDefinition/bc-search-response-bundle"/><groupingId value="ResponseExamples"/></resource><resource><extension url="http://hl7.org/fhir/StructureDefinition/implementationguide-page"><valueUri value="Bundle-Merge-Only-Request.html"/></extension><reference><reference value="Bundle/Merge-Only-Request"/></reference><name value="Merge-Only-Request"/><description value="Example of $Merge only request."/><exampleCanonical value="http://hlth.gov.bc.ca/fhir/client/StructureDefinition/bc-merge-request-bundle"/><groupingId value="RequestExamples"/></resource><resource><extension url="http://hl7.org/fhir/StructureDefinition/implementationguide-page"><valueUri value="Bundle-Merge-Response.html"/></extension><reference><reference value="Bundle/Merge-Response"/></reference><name value="Merge-Response"/><description value="Example of $Merge response."/><exampleCanonical value="http://hlth.gov.bc.ca/fhir/client/StructureDefinition/bc-merge-response-bundle"/><groupingId value="ResponseExamples"/></resource><resource><extension url="http://hl7.org/fhir/StructureDefinition/implementationguide-page"><valueUri value="Bundle-Merge-SSRI-Request.html"/></extension><reference><reference value="Bundle/Merge-SSRI-Request"/></reference><name value="Merge-SSRI-Request"/><description value="Example of $Merge request with SSRI."/><exampleCanonical value="http://hlth.gov.bc.ca/fhir/client/StructureDefinition/bc-merge-request-bundle"/><groupingId value="RequestExamples"/></resource><resource><extension url="http://hl7.org/fhir/StructureDefinition/implementationguide-page"><valueUri value="Bundle-Merge-WithPayload-Request.html"/></extension><reference><reference value="Bundle/Merge-WithPayload-Request"/></reference><name value="Merge-WithPayload-Request"/><description value="Example of $Merge with payload request."/><exampleCanonical value="http://hlth.gov.bc.ca/fhir/client/StructureDefinition/bc-merge-request-bundle"/><groupingId value="RequestExamples"/></resource><resource><extension url="http://hl7.org/fhir/StructureDefinition/implementationguide-page"><valueUri value="Bundle-Merge-WithPayload-Response.html"/></extension><reference><reference value="Bundle/Merge-WithPayload-Response"/></reference><name value="Merge-WithPayload-Response"/><description value="Example of $Merge response with payload."/><exampleCanonical value="http://hlth.gov.bc.ca/fhir/client/StructureDefinition/bc-merge-response-bundle"/><groupingId value="ResponseExamples"/></resource><resource><extension url="http://hl7.org/fhir/StructureDefinition/implementationguide-page"><valueUri value="OperationOutcome-OperationOutcome-Example.html"/></extension><reference><reference value="OperationOutcome/OperationOutcome-Example"/></reference><name value="OperationOutcome-Example"/><description value="Example OperationOutcome for a Client Registry Add, Revise or Merge."/><exampleBoolean value="true"/><groupingId value="-ex-example"/></resource><resource><extension url="http://hl7.org/fhir/StructureDefinition/implementationguide-page"><valueUri value="OperationOutcome-OperationOutcome-Search-Example.html"/></extension><reference><reference value="OperationOutcome/OperationOutcome-Search-Example"/></reference><name value="OperationOutcome-Search-Example"/><description value="Example OperationOutcome for a Client Registry Search"/><exampleBoolean value="true"/><groupingId value="-ex-example"/></resource><resource><extension url="http://hl7.org/fhir/StructureDefinition/implementationguide-page"><valueUri value="Parameters-Parameters-GetDemographicsWithEligibility-Response-Example.html"/></extension><reference><reference value="Parameters/Parameters-GetDemographicsWithEligibility-Response-Example"/></reference><name value="Parameters-GetDemographicsWithEligibility-Response-Example"/><description value="Example of $GetDemographics.withEligibility response Metadata parameters"/><exampleCanonical value="http://hlth.gov.bc.ca/fhir/client/StructureDefinition/bc-metadata-parameters-out"/><groupingId value="-ex-example"/></resource><resource><extension url="http://hl7.org/fhir/StructureDefinition/implementationguide-page"><valueUri value="Parameters-Parameters-MergePatient-Response-Example.html"/></extension><reference><reference value="Parameters/Parameters-MergePatient-Response-Example"/></reference><name value="Parameters-MergePatient-Response-Example"/><description value="Example of Merge response Metadata parameters"/><exampleCanonical value="http://hlth.gov.bc.ca/fhir/client/StructureDefinition/bc-metadata-parameters-out"/><groupingId value="-ex-example"/></resource><resource><extension url="http://hl7.org/fhir/StructureDefinition/implementationguide-page"><valueUri value="Parameters-Parameters-MergePatient-TwoNonSurvivors-Example.html"/></extension><reference><reference value="Parameters/Parameters-MergePatient-TwoNonSurvivors-Example"/></reference><name value="Parameters-MergePatient-TwoNonSurvivors-Example"/><description value="Example of $MergePatient operation."/><exampleCanonical value="http://hlth.gov.bc.ca/fhir/client/StructureDefinition/bc-metadata-parameters-in"/><groupingId value="-ex-example"/></resource><resource><extension url="http://hl7.org/fhir/StructureDefinition/implementationguide-page"><valueUri value="Parameters-Parameters-UpdatePatient-Request-Example.html"/></extension><reference><reference value="Parameters/Parameters-UpdatePatient-Request-Example"/></reference><name value="Parameters-UpdatePatient-Request-Example"/><description value="Example of Update response Metadata parameters"/><exampleCanonical value="http://hlth.gov.bc.ca/fhir/client/StructureDefinition/bc-metadata-parameters-in"/><groupingId value="-ex-example"/></resource><resource><extension url="http://hl7.org/fhir/StructureDefinition/implementationguide-page"><valueUri value="Parameters-Parameters-UpdatePatient-Response-Example.html"/></extension><reference><reference value="Parameters/Parameters-UpdatePatient-Response-Example"/></reference><name value="Parameters-UpdatePatient-Response-Example"/><description value="Example of Update response Metadata parameters"/><exampleCanonical value="http://hlth.gov.bc.ca/fhir/client/StructureDefinition/bc-metadata-parameters-out"/><groupingId value="-ex-example"/></resource><resource><extension url="http://hl7.org/fhir/StructureDefinition/implementationguide-page"><valueUri value="Patient-Patient-GetDemographics-Example.html"/></extension><reference><reference value="Patient/Patient-GetDemographics-Example"/></reference><name value="Patient-GetDemographics-Example"/><description value="Example of Patient for $GetDemographics operation response"/><exampleCanonical value="http://hlth.gov.bc.ca/fhir/client/StructureDefinition/bc-patient"/><groupingId value="-ex-example"/></resource><resource><extension url="http://hl7.org/fhir/StructureDefinition/implementationguide-page"><valueUri value="Patient-Patient-MergePatient-Example.html"/></extension><reference><reference value="Patient/Patient-MergePatient-Example"/></reference><name value="Patient-MergePatient-Example"/><description value="Example of a merge patient Patient"/><exampleCanonical value="http://hlth.gov.bc.ca/fhir/client/StructureDefinition/bc-merge-patient"/><groupingId value="-ex-example"/></resource><resource><extension url="http://hl7.org/fhir/StructureDefinition/implementationguide-page"><valueUri value="Patient-Patient-UpdatePatient-Request-Example.html"/></extension><reference><reference value="Patient/Patient-UpdatePatient-Request-Example"/></reference><name value="Patient-UpdatePatient-Request-Example"/><description value="Patient example for a UpdatePatient operation that changes the Address."/><exampleCanonical value="http://hlth.gov.bc.ca/fhir/client/StructureDefinition/bc-update-patient"/><groupingId value="-ex-example"/></resource><resource><extension url="http://hl7.org/fhir/StructureDefinition/implementationguide-page"><valueUri value="Bundle-Revise-Async-ACK.html"/></extension><reference><reference value="Bundle/Revise-Async-ACK"/></reference><name value="Revise-Async-ACK"/><description value="Example of an Asynchronous $Revise ACK message."/><exampleCanonical value="http://hlth.gov.bc.ca/fhir/client/StructureDefinition/bc-async-ack-response-bundle"/><groupingId value="ResponseExamples"/></resource><resource><extension url="http://hl7.org/fhir/StructureDefinition/implementationguide-page"><valueUri value="Bundle-Revise-Response.html"/></extension><reference><reference value="Bundle/Revise-Response"/></reference><name value="Revise-Response"/><description value="Example of a $Revise Patient Response message."/><exampleCanonical value="http://hlth.gov.bc.ca/fhir/client/StructureDefinition/bc-revise-response-bundle"/><groupingId value="ResponseExamples"/></resource><resource><extension url="http://hl7.org/fhir/StructureDefinition/implementationguide-page"><valueUri value="Bundle-Revise-withMaxData-Request.html"/></extension><reference><reference value="Bundle/Revise-withMaxData-Request"/></reference><name value="Revise-withMaxData-Request"/><description value="Example of $Revise request with all data fields populated."/><exampleCanonical value="http://hlth.gov.bc.ca/fhir/client/StructureDefinition/bc-revise-request-bundle"/><groupingId value="RequestExamples"/></resource><resource><extension url="http://hl7.org/fhir/StructureDefinition/implementationguide-page"><valueUri value="CapabilityStatement-bc-hcim-capability-statement-client.html"/></extension><reference><reference value="CapabilityStatement/bc-hcim-capability-statement-client"/></reference><name value="HCIMCapabilityStatementClient"/><description value="This capability statement describes the use cases that are supported by the BC FHIR implementation of the Client Registry when it is acting as a client. I.e. sending notifications."/><exampleBoolean value="true"/><groupingId value="CapabilityStatement"/></resource><resource><extension url="http://hl7.org/fhir/StructureDefinition/implementationguide-page"><valueUri value="CapabilityStatement-bc-hcim-capability-statement-server.html"/></extension><reference><reference value="CapabilityStatement/bc-hcim-capability-statement-server"/></reference><name value="HCIMCapabilityStatementServer"/><description value="This capability statement describes the use cases that are supported by the BC FHIR implementation of the Client Registry when it is acting as a server."/><exampleBoolean value="true"/><groupingId value="CapabilityStatement"/></resource><resource><extension url="http://hl7.org/fhir/StructureDefinition/implementationguide-page"><valueUri value="OperationDefinition-bc-patient-add.html"/></extension><reference><reference value="OperationDefinition/bc-patient-add"/></reference><name value="AddPatient"/><description value="This operation is used for newborns or to 'force create' a patient."/><exampleBoolean value="false"/><groupingId value="Operations"/></resource><resource><extension url="http://hl7.org/fhir/StructureDefinition/implementationguide-page"><valueUri value="OperationDefinition-bc-patient-find-candidates.html"/></extension><reference><reference value="OperationDefinition/bc-patient-find-candidates"/></reference><name value="FindCandidates"/><description value="This operation is used to query for a patient.  The response can contain 0 or more Patients."/><exampleBoolean value="false"/><groupingId value="Operations"/></resource><resource><extension url="http://hl7.org/fhir/StructureDefinition/implementationguide-page"><valueUri value="OperationDefinition-bc-patient-get-demographics.html"/></extension><reference><reference value="OperationDefinition/bc-patient-get-demographics"/></reference><name value="GetDemographics"/><description value="This operation is used to query for a patient.  The response can contain 0 or 1 Patient."/><exampleBoolean value="false"/><groupingId value="Operations"/></resource><resource><extension url="http://hl7.org/fhir/StructureDefinition/implementationguide-page"><valueUri value="OperationDefinition-bc-patient-get-demographics-withEligibility.html"/></extension><reference><reference value="OperationDefinition/bc-patient-get-demographics-withEligibility"/></reference><name value="GetDemographics.withEligibility"/><description value="This operation is used to query for a patient.  The response can contain 0 or 1 Patient and the insurance eligibility."/><exampleBoolean value="false"/><groupingId value="Operations"/></resource><resource><extension url="http://hl7.org/fhir/StructureDefinition/implementationguide-page"><valueUri value="OperationDefinition-bc-patient-merge.html"/></extension><reference><reference value="OperationDefinition/bc-patient-merge"/></reference><name value="MergePatient"/><description value="This operation is used to merge patients."/><exampleBoolean value="false"/><groupingId value="Operations"/></resource><resource><extension url="http://hl7.org/fhir/StructureDefinition/implementationguide-page"><valueUri value="OperationDefinition-bc-patient-notification.html"/></extension><reference><reference value="OperationDefinition/bc-patient-notification"/></reference><name value="PatientNotification"/><description value="This operation is used notify a user that a patient's record has changed."/><exampleBoolean value="false"/><groupingId value="Operations"/></resource><resource><extension url="http://hl7.org/fhir/StructureDefinition/implementationguide-page"><valueUri value="OperationDefinition-bc-patient-revise.html"/></extension><reference><reference value="OperationDefinition/bc-patient-revise"/></reference><name value="RevisePatient"/><description value="This operation is used to revise a patient's demographics."/><exampleBoolean value="false"/><groupingId value="Operations"/></resource><resource><extension url="http://hl7.org/fhir/StructureDefinition/implementationguide-page"><valueUri value="OperationDefinition-bc-patient-update.html"/></extension><reference><reference value="OperationDefinition/bc-patient-update"/></reference><name value="PartialUpdatePatient"/><description value="This operation is used to update a patient's demographics, applied to only specific Patient attributes."/><exampleBoolean value="false"/><groupingId value="Operations"/></resource><page><extension url="http://hl7.org/fhir/tools/StructureDefinition/ig-page-name"><valueUrl value="toc.html"/></extension><nameUrl value="toc.html"/><title value="Table of Contents"/><generation value="html"/><page><extension url="http://hl7.org/fhir/tools/StructureDefinition/ig-page-name"><valueUrl value="index.html"/></extension><nameUrl value="index.html"/><title value="Introduction"/><generation value="markdown"/></page><page><extension url="http://hl7.org/fhir/tools/StructureDefinition/ig-page-name"><valueUrl value="overview.html"/></extension><nameUrl value="overview.html"/><title value="HCIM Overview"/><generation value="markdown"/></page><page><extension url="http://hl7.org/fhir/tools/StructureDefinition/ig-page-name"><valueUrl value="v3Transition.html"/></extension><nameUrl value="v3Transition.html"/><title value="Transition from V3 Provider to FHIR"/><generation value="markdown"/></page><page><extension url="http://hl7.org/fhir/tools/StructureDefinition/ig-page-name"><valueUrl value="design.html"/></extension><nameUrl value="design.html"/><title value="FHIR Design"/><generation value="markdown"/></page><page><extension url="http://hl7.org/fhir/tools/StructureDefinition/ig-page-name"><valueUrl value="connectedPartner.html"/></extension><nameUrl value="connectedPartner.html"/><title value="Connected Partners"/><generation value="markdown"/></page><page><extension url="http://hl7.org/fhir/tools/StructureDefinition/ig-page-name"><valueUrl value="terminology.html"/></extension><nameUrl value="terminology.html"/><title value="Glossary"/><generation value="markdown"/></page><page><extension url="http://hl7.org/fhir/tools/StructureDefinition/ig-page-name"><valueUrl value="credits.html"/></extension><nameUrl value="credits.html"/><title value="Credits"/><generation value="markdown"/></page><page><extension url="http://hl7.org/fhir/tools/StructureDefinition/ig-page-name"><valueUrl value="search.html"/></extension><nameUrl value="search.html"/><title value="Search Patient"/><generation value="markdown"/></page><page><extension url="http://hl7.org/fhir/tools/StructureDefinition/ig-page-name"><valueUrl value="reviseAndMerge.html"/></extension><nameUrl value="reviseAndMerge.html"/><title value="Add, Revise and Merge Patient"/><generation value="markdown"/></page><page><extension url="http://hl7.org/fhir/tools/StructureDefinition/ig-page-name"><valueUrl value="distributions.html"/></extension><nameUrl value="distributions.html"/><title value="Patient Change Notification"/><generation value="markdown"/></page><page><extension url="http://hl7.org/fhir/tools/StructureDefinition/ig-page-name"><valueUrl value="futurePlans.html"/></extension><nameUrl value="futurePlans.html"/><title value="Future Plans"/><generation value="markdown"/></page><page><extension url="http://hl7.org/fhir/tools/StructureDefinition/ig-page-name"><valueUrl value="identifiers.html"/></extension><nameUrl value="identifiers.html"/><title value="Identifiers"/><generation value="markdown"/></page><page><extension url="http://hl7.org/fhir/tools/StructureDefinition/ig-page-name"><valueUrl value="absentData.html"/></extension><nameUrl value="absentData.html"/><title value="Data Absent Reason"/><generation value="markdown"/></page><page><extension url="http://hl7.org/fhir/tools/StructureDefinition/ig-page-name"><valueUrl value="capabilityStatement.html"/></extension><nameUrl value="capabilityStatement.html"/><title value="Capability Statement"/><generation value="markdown"/></page><page><extension url="http://hl7.org/fhir/tools/StructureDefinition/ig-page-name"><valueUrl value="artifacts.html"/></extension><nameUrl value="artifacts.html"/><title value="Artifacts Summary"/><generation value="html"/><page><extension url="http://hl7.org/fhir/tools/StructureDefinition/ig-page-name"><valueUrl value="CapabilityStatement-bc-hcim-capability-statement-client.html"/></extension><nameUrl value="CapabilityStatement-bc-hcim-capability-statement-client.html"/><title value="HCIMCapabilityStatementClient"/><generation value="generated"/></page><page><extension url="http://hl7.org/fhir/tools/StructureDefinition/ig-page-name"><valueUrl value="CapabilityStatement-bc-hcim-capability-statement-server.html"/></extension><nameUrl value="CapabilityStatement-bc-hcim-capability-statement-server.html"/><title value="HCIMCapabilityStatementServer"/><generation value="generated"/></page><page><extension url="http://hl7.org/fhir/tools/StructureDefinition/ig-page-name"><valueUrl value="OperationDefinition-bc-patient-add.html"/></extension><nameUrl value="OperationDefinition-bc-patient-add.html"/><title value="AddPatient"/><generation value="generated"/></page><page><extension url="http://hl7.org/fhir/tools/StructureDefinition/ig-page-name"><valueUrl value="OperationDefinition-bc-patient-find-candidates.html"/></extension><nameUrl value="OperationDefinition-bc-patient-find-candidates.html"/><title value="FindCandidates"/><generation value="generated"/></page><page><extension url="http://hl7.org/fhir/tools/StructureDefinition/ig-page-name"><valueUrl value="OperationDefinition-bc-patient-get-demographics.html"/></extension><nameUrl value="OperationDefinition-bc-patient-get-demographics.html"/><title value="GetDemographics"/><generation value="generated"/></page><page><extension url="http://hl7.org/fhir/tools/StructureDefinition/ig-page-name"><valueUrl value="OperationDefinition-bc-patient-get-demographics-withEligibility.html"/></extension><nameUrl value="OperationDefinition-bc-patient-get-demographics-withEligibility.html"/><title value="GetDemographics.withEligibility"/><generation value="generated"/></page><page><extension url="http://hl7.org/fhir/tools/StructureDefinition/ig-page-name"><valueUrl value="OperationDefinition-bc-patient-merge.html"/></extension><nameUrl value="OperationDefinition-bc-patient-merge.html"/><title value="MergePatient"/><generation value="generated"/></page><page><extension url="http://hl7.org/fhir/tools/StructureDefinition/ig-page-name"><valueUrl value="OperationDefinition-bc-patient-notification.html"/></extension><nameUrl value="OperationDefinition-bc-patient-notification.html"/><title value="PatientNotification"/><generation value="generated"/></page><page><extension url="http://hl7.org/fhir/tools/StructureDefinition/ig-page-name"><valueUrl value="OperationDefinition-bc-patient-revise.html"/></extension><nameUrl value="OperationDefinition-bc-patient-revise.html"/><title value="RevisePatient"/><generation value="generated"/></page><page><extension url="http://hl7.org/fhir/tools/StructureDefinition/ig-page-name"><valueUrl value="OperationDefinition-bc-patient-update.html"/></extension><nameUrl value="OperationDefinition-bc-patient-update.html"/><title value="PartialUpdatePatient"/><generation value="generated"/></page><page><extension url="http://hl7.org/fhir/tools/StructureDefinition/ig-page-name"><valueUrl value="StructureDefinition-bc-patient.html"/></extension><nameUrl value="StructureDefinition-bc-patient.html"/><title value="ClientRegistryPatient"/><generation value="generated"/></page><page><extension url="http://hl7.org/fhir/tools/StructureDefinition/ig-page-name"><valueUrl value="StructureDefinition-bc-update-patient.html"/></extension><nameUrl value="StructureDefinition-bc-update-patient.html"/><title value="PartialPatientUpdate"/><generation value="generated"/></page><page><extension url="http://hl7.org/fhir/tools/StructureDefinition/ig-page-name"><valueUrl value="StructureDefinition-bc-merge-patient.html"/></extension><nameUrl value="StructureDefinition-bc-merge-patient.html"/><title value="PatientMerge"/><generation value="generated"/></page><page><extension url="http://hl7.org/fhir/tools/StructureDefinition/ig-page-name"><valueUrl value="StructureDefinition-bc-add-request-bundle.html"/></extension><nameUrl value="StructureDefinition-bc-add-request-bundle.html"/><title value="AddRequestBundle"/><generation value="generated"/></page><page><extension url="http://hl7.org/fhir/tools/StructureDefinition/ig-page-name"><valueUrl value="StructureDefinition-bc-add-response-bundle.html"/></extension><nameUrl value="StructureDefinition-bc-add-response-bundle.html"/><title value="AddResponseBundle"/><generation value="generated"/></page><page><extension url="http://hl7.org/fhir/tools/StructureDefinition/ig-page-name"><valueUrl value="StructureDefinition-bc-async-ack-response-bundle.html"/></extension><nameUrl value="StructureDefinition-bc-async-ack-response-bundle.html"/><title value="AsyncAckBundle"/><generation value="generated"/></page><page><extension url="http://hl7.org/fhir/tools/StructureDefinition/ig-page-name"><valueUrl value="StructureDefinition-bc-find-candidates-request-bundle.html"/></extension><nameUrl value="StructureDefinition-bc-find-candidates-request-bundle.html"/><title value="FindCandidatesRequestBundle"/><generation value="generated"/></page><page><extension url="http://hl7.org/fhir/tools/StructureDefinition/ig-page-name"><valueUrl value="StructureDefinition-bc-get-demographics-request-bundle.html"/></extension><nameUrl value="StructureDefinition-bc-get-demographics-request-bundle.html"/><title value="GetDemographicsRequestBundle"/><generation value="generated"/></page><page><extension url="http://hl7.org/fhir/tools/StructureDefinition/ig-page-name"><valueUrl value="StructureDefinition-bc-merge-request-bundle.html"/></extension><nameUrl value="StructureDefinition-bc-merge-request-bundle.html"/><title value="MergeRequestBundle"/><generation value="generated"/></page><page><extension url="http://hl7.org/fhir/tools/StructureDefinition/ig-page-name"><valueUrl value="StructureDefinition-bc-merge-response-bundle.html"/></extension><nameUrl value="StructureDefinition-bc-merge-response-bundle.html"/><title value="MergeResponseBundle"/><generation value="generated"/></page><page><extension url="http://hl7.org/fhir/tools/StructureDefinition/ig-page-name"><valueUrl value="StructureDefinition-bc-metadata-parameter-async-response.html"/></extension><nameUrl value="StructureDefinition-bc-metadata-parameter-async-response.html"/><title value="MetadataParametersAsync"/><generation value="generated"/></page><page><extension url="http://hl7.org/fhir/tools/StructureDefinition/ig-page-name"><valueUrl value="StructureDefinition-bc-metadata-parameters-in.html"/></extension><nameUrl value="StructureDefinition-bc-metadata-parameters-in.html"/><title value="MetadataParametersIn"/><generation value="generated"/></page><page><extension url="http://hl7.org/fhir/tools/StructureDefinition/ig-page-name"><valueUrl value="StructureDefinition-bc-metadata-parameters-out.html"/></extension><nameUrl value="StructureDefinition-bc-metadata-parameters-out.html"/><title value="MetadataParametersOut"/><generation value="generated"/></page><page><extension url="http://hl7.org/fhir/tools/StructureDefinition/ig-page-name"><valueUrl value="StructureDefinition-bc-update-request-bundle.html"/></extension><nameUrl value="StructureDefinition-bc-update-request-bundle.html"/><title value="PartialUpdateRequestBundle"/><generation value="generated"/></page><page><extension url="http://hl7.org/fhir/tools/StructureDefinition/ig-page-name"><valueUrl value="StructureDefinition-bc-revise-request-bundle.html"/></extension><nameUrl value="StructureDefinition-bc-revise-request-bundle.html"/><title value="ReviseRequestBundle"/><generation value="generated"/></page><page><extension url="http://hl7.org/fhir/tools/StructureDefinition/ig-page-name"><valueUrl value="StructureDefinition-bc-revise-response-bundle.html"/></extension><nameUrl value="StructureDefinition-bc-revise-response-bundle.html"/><title value="ReviseResponseBundle"/><generation value="generated"/></page><page><extension url="http://hl7.org/fhir/tools/StructureDefinition/ig-page-name"><valueUrl value="StructureDefinition-bc-search-response-bundle.html"/></extension><nameUrl value="StructureDefinition-bc-search-response-bundle.html"/><title value="SearchResponseBundle"/><generation value="generated"/></page><page><extension url="http://hl7.org/fhir/tools/StructureDefinition/ig-page-name"><valueUrl value="StructureDefinition-bc-search-withEligibility-response-bundle.html"/></extension><nameUrl value="StructureDefinition-bc-search-withEligibility-response-bundle.html"/><title value="SearchWithEligibilityResponseBundle"/><generation value="generated"/></page><page><extension url="http://hl7.org/fhir/tools/StructureDefinition/ig-page-name"><valueUrl value="Bundle-AddNewbornByMumsPHN-Request.html"/></extension><nameUrl value="Bundle-AddNewbornByMumsPHN-Request.html"/><title value="AddNewbornByMumsPHN-Request"/><generation value="generated"/></page><page><extension url="http://hl7.org/fhir/tools/StructureDefinition/ig-page-name"><valueUrl value="Bundle-AddPatient-Request.html"/></extension><nameUrl value="Bundle-AddPatient-Request.html"/><title value="AddPatient-Request"/><generation value="generated"/></page><page><extension url="http://hl7.org/fhir/tools/StructureDefinition/ig-page-name"><valueUrl value="Bundle-FindCandidates-Request.html"/></extension><nameUrl value="Bundle-FindCandidates-Request.html"/><title value="FindCandidates-Request"/><generation value="generated"/></page><page><extension url="http://hl7.org/fhir/tools/StructureDefinition/ig-page-name"><valueUrl value="Bundle-FindNewbornByMumsPHN-Request.html"/></extension><nameUrl value="Bundle-FindNewbornByMumsPHN-Request.html"/><title value="FindNewbornByMumsPHN-Request"/><generation value="generated"/></page><page><extension url="http://hl7.org/fhir/tools/StructureDefinition/ig-page-name"><valueUrl value="Bundle-GetDemographics-Request.html"/></extension><nameUrl value="Bundle-GetDemographics-Request.html"/><title value="GetDemographics-Request"/><generation value="generated"/></page><page><extension url="http://hl7.org/fhir/tools/StructureDefinition/ig-page-name"><valueUrl value="Bundle-GetDemographics-withHistory-Request.html"/></extension><nameUrl value="Bundle-GetDemographics-withHistory-Request.html"/><title value="GetDemographics-withHistory-Request"/><generation value="generated"/></page><page><extension url="http://hl7.org/fhir/tools/StructureDefinition/ig-page-name"><valueUrl value="Bundle-Merge-Only-Request.html"/></extension><nameUrl value="Bundle-Merge-Only-Request.html"/><title value="Merge-Only-Request"/><generation value="generated"/></page><page><extension url="http://hl7.org/fhir/tools/StructureDefinition/ig-page-name"><valueUrl value="Bundle-Merge-SSRI-Request.html"/></extension><nameUrl value="Bundle-Merge-SSRI-Request.html"/><title value="Merge-SSRI-Request"/><generation value="generated"/></page><page><extension url="http://hl7.org/fhir/tools/StructureDefinition/ig-page-name"><valueUrl value="Bundle-Merge-WithPayload-Request.html"/></extension><nameUrl value="Bundle-Merge-WithPayload-Request.html"/><title value="Merge-WithPayload-Request"/><generation value="generated"/></page><page><extension url="http://hl7.org/fhir/tools/StructureDefinition/ig-page-name"><valueUrl value="Bundle-Revise-withMaxData-Request.html"/></extension><nameUrl value="Bundle-Revise-withMaxData-Request.html"/><title value="Revise-withMaxData-Request"/><generation value="generated"/></page><page><extension url="http://hl7.org/fhir/tools/StructureDefinition/ig-page-name"><valueUrl value="Bundle-AddPatient-Response.html"/></extension><nameUrl value="Bundle-AddPatient-Response.html"/><title value="AddPatient-Response"/><generation value="generated"/></page><page><extension url="http://hl7.org/fhir/tools/StructureDefinition/ig-page-name"><valueUrl value="Bundle-FindCandidates-Response.html"/></extension><nameUrl value="Bundle-FindCandidates-Response.html"/><title value="FindCandidates-Response"/><generation value="generated"/></page><page><extension url="http://hl7.org/fhir/tools/StructureDefinition/ig-page-name"><valueUrl value="Bundle-FindNewbornByMumsPHN-Response.html"/></extension><nameUrl value="Bundle-FindNewbornByMumsPHN-Response.html"/><title value="FindNewbornByMumsPHN-Response"/><generation value="generated"/></page><page><extension url="http://hl7.org/fhir/tools/StructureDefinition/ig-page-name"><valueUrl value="Bundle-GetDemographics-Response.html"/></extension><nameUrl value="Bundle-GetDemographics-Response.html"/><title value="GetDemographics-Response"/><generation value="generated"/></page><page><extension url="http://hl7.org/fhir/tools/StructureDefinition/ig-page-name"><valueUrl value="Bundle-GetDemographics-withHistory-Response.html"/></extension><nameUrl value="Bundle-GetDemographics-withHistory-Response.html"/><title value="GetDemographics-withHistory-Response"/><generation value="generated"/></page><page><extension url="http://hl7.org/fhir/tools/StructureDefinition/ig-page-name"><valueUrl value="Bundle-GetDemographics-withPHNInfo-Response.html"/></extension><nameUrl value="Bundle-GetDemographics-withPHNInfo-Response.html"/><title value="GetDemographics-withPHNInfo-Response"/><generation value="generated"/></page><page><extension url="http://hl7.org/fhir/tools/StructureDefinition/ig-page-name"><valueUrl value="Bundle-Merge-Response.html"/></extension><nameUrl value="Bundle-Merge-Response.html"/><title value="Merge-Response"/><generation value="generated"/></page><page><extension url="http://hl7.org/fhir/tools/StructureDefinition/ig-page-name"><valueUrl value="Bundle-Merge-WithPayload-Response.html"/></extension><nameUrl value="Bundle-Merge-WithPayload-Response.html"/><title value="Merge-WithPayload-Response"/><generation value="generated"/></page><page><extension url="http://hl7.org/fhir/tools/StructureDefinition/ig-page-name"><valueUrl value="Bundle-Revise-Async-ACK.html"/></extension><nameUrl value="Bundle-Revise-Async-ACK.html"/><title value="Revise-Async-ACK"/><generation value="generated"/></page><page><extension url="http://hl7.org/fhir/tools/StructureDefinition/ig-page-name"><valueUrl value="Bundle-Revise-Response.html"/></extension><nameUrl value="Bundle-Revise-Response.html"/><title value="Revise-Response"/><generation value="generated"/></page><page><extension url="http://hl7.org/fhir/tools/StructureDefinition/ig-page-name"><valueUrl value="StructureDefinition-bc-patient-by-example.html"/></extension><nameUrl value="StructureDefinition-bc-patient-by-example.html"/><title value="PatientByExample"/><generation value="generated"/></page><page><extension url="http://hl7.org/fhir/tools/StructureDefinition/ig-page-name"><valueUrl value="StructureDefinition-bc-birthdate-history-extension.html"/></extension><nameUrl value="StructureDefinition-bc-birthdate-history-extension.html"/><title value="BC Birth Date History"/><generation value="generated"/></page><page><extension url="http://hl7.org/fhir/tools/StructureDefinition/ig-page-name"><valueUrl value="StructureDefinition-bc-business-period-extension.html"/></extension><nameUrl value="StructureDefinition-bc-business-period-extension.html"/><title value="BC Business Dates"/><generation value="generated"/></page><page><extension url="http://hl7.org/fhir/tools/StructureDefinition/ig-page-name"><valueUrl value="StructureDefinition-bc-death-date-history-extension.html"/></extension><nameUrl value="StructureDefinition-bc-death-date-history-extension.html"/><title value="BC Death Date History"/><generation value="generated"/></page><page><extension url="http://hl7.org/fhir/tools/StructureDefinition/ig-page-name"><valueUrl value="StructureDefinition-bc-death-verified-flag-extension.html"/></extension><nameUrl value="StructureDefinition-bc-death-verified-flag-extension.html"/><title value="BC Death Verified Flag"/><generation value="generated"/></page><page><extension url="http://hl7.org/fhir/tools/StructureDefinition/ig-page-name"><valueUrl value="StructureDefinition-bc-death-verified-flag-history-extension.html"/></extension><nameUrl value="StructureDefinition-bc-death-verified-flag-history-extension.html"/><title value="BC Death Verified Flag History"/><generation value="generated"/></page><page><extension url="http://hl7.org/fhir/tools/StructureDefinition/ig-page-name"><valueUrl value="StructureDefinition-bc-gender-history-extension.html"/></extension><nameUrl value="StructureDefinition-bc-gender-history-extension.html"/><title value="BC Gender History"/><generation value="generated"/></page><page><extension url="http://hl7.org/fhir/tools/StructureDefinition/ig-page-name"><valueUrl value="StructureDefinition-bc-gender-identity-extension.html"/></extension><nameUrl value="StructureDefinition-bc-gender-identity-extension.html"/><title value="BC Gender Identity with business dates."/><generation value="generated"/></page><page><extension url="http://hl7.org/fhir/tools/StructureDefinition/ig-page-name"><valueUrl value="StructureDefinition-bc-identifier-status-extension.html"/></extension><nameUrl value="StructureDefinition-bc-identifier-status-extension.html"/><title value="BC Identifier Status"/><generation value="generated"/></page><page><extension url="http://hl7.org/fhir/tools/StructureDefinition/ig-page-name"><valueUrl value="StructureDefinition-bc-merge-status-extension.html"/></extension><nameUrl value="StructureDefinition-bc-merge-status-extension.html"/><title value="BC Merge Status Code"/><generation value="generated"/></page><page><extension url="http://hl7.org/fhir/tools/StructureDefinition/ig-page-name"><valueUrl value="StructureDefinition-bc-multiplebirth-history-extension.html"/></extension><nameUrl value="StructureDefinition-bc-multiplebirth-history-extension.html"/><title value="BC Multiple Birth History"/><generation value="generated"/></page><page><extension url="http://hl7.org/fhir/tools/StructureDefinition/ig-page-name"><valueUrl value="StructureDefinition-bc-sourceId-extension.html"/></extension><nameUrl value="StructureDefinition-bc-sourceId-extension.html"/><title value="BC SourceID and UserID"/><generation value="generated"/></page><page><extension url="http://hl7.org/fhir/tools/StructureDefinition/ig-page-name"><valueUrl value="StructureDefinition-bc-update-patient-operation-extension.html"/></extension><nameUrl value="StructureDefinition-bc-update-patient-operation-extension.html"/><title value="A code the describes how a particular Patient attribute is to be changed"/><generation value="generated"/></page><page><extension url="http://hl7.org/fhir/tools/StructureDefinition/ig-page-name"><valueUrl value="StructureDefinition-bc-validation-status-extension.html"/></extension><nameUrl value="StructureDefinition-bc-validation-status-extension.html"/><title value="BC Address Validation Status Code"/><generation value="generated"/></page><page><extension url="http://hl7.org/fhir/tools/StructureDefinition/ig-page-name"><valueUrl value="ValueSet-bc-address-validation-value-set.html"/></extension><nameUrl value="ValueSet-bc-address-validation-value-set.html"/><title value="BC Address Validation Value Set"/><generation value="generated"/></page><page><extension url="http://hl7.org/fhir/tools/StructureDefinition/ig-page-name"><valueUrl value="ValueSet-bc-contact-point-system-value-set.html"/></extension><nameUrl value="ValueSet-bc-contact-point-system-value-set.html"/><title value="BC Contact Point System Value Set"/><generation value="generated"/></page><page><extension url="http://hl7.org/fhir/tools/StructureDefinition/ig-page-name"><valueUrl value="ValueSet-bc-contact-point-use-value-set.html"/></extension><nameUrl value="ValueSet-bc-contact-point-use-value-set.html"/><title value="BC Contact Point Use Value Set"/><generation value="generated"/></page><page><extension url="http://hl7.org/fhir/tools/StructureDefinition/ig-page-name"><valueUrl value="ValueSet-bc-identifier-status-value-set.html"/></extension><nameUrl value="ValueSet-bc-identifier-status-value-set.html"/><title value="BC Identifier Status Value Set"/><generation value="generated"/></page><page><extension url="http://hl7.org/fhir/tools/StructureDefinition/ig-page-name"><valueUrl value="ValueSet-bc-merge-status-value-set.html"/></extension><nameUrl value="ValueSet-bc-merge-status-value-set.html"/><title value="BC Merge Status Value Set"/><generation value="generated"/></page><page><extension url="http://hl7.org/fhir/tools/StructureDefinition/ig-page-name"><valueUrl value="ValueSet-bc-name-use-value-set.html"/></extension><nameUrl value="ValueSet-bc-name-use-value-set.html"/><title value="BC Name Use value set."/><generation value="generated"/></page><page><extension url="http://hl7.org/fhir/tools/StructureDefinition/ig-page-name"><valueUrl value="ValueSet-bc-client-registry-update-patient-operation-value-set.html"/></extension><nameUrl value="ValueSet-bc-client-registry-update-patient-operation-value-set.html"/><title value="BC Update Patient Operation Value Set"/><generation value="generated"/></page><page><extension url="http://hl7.org/fhir/tools/StructureDefinition/ig-page-name"><valueUrl value="CodeSystem-bc-client-registry-address-validation-code-system.html"/></extension><nameUrl value="CodeSystem-bc-client-registry-address-validation-code-system.html"/><title value="BC Client Registry Address Validation Status Code"/><generation value="generated"/></page><page><extension url="http://hl7.org/fhir/tools/StructureDefinition/ig-page-name"><valueUrl value="CodeSystem-bc-identifier-status-code-system.html"/></extension><nameUrl value="CodeSystem-bc-identifier-status-code-system.html"/><title value="BC Client registry identifier status code system"/><generation value="generated"/></page><page><extension url="http://hl7.org/fhir/tools/StructureDefinition/ig-page-name"><valueUrl value="CodeSystem-bc-client-registry-merge-status-code-system.html"/></extension><nameUrl value="CodeSystem-bc-client-registry-merge-status-code-system.html"/><title value="BC Client Registry merge status."/><generation value="generated"/></page><page><extension url="http://hl7.org/fhir/tools/StructureDefinition/ig-page-name"><valueUrl value="CodeSystem-bc-operation-outcome-details-code-system.html"/></extension><nameUrl value="CodeSystem-bc-operation-outcome-details-code-system.html"/><title value="BC Client Registry Operation Outcome details code system"/><generation value="generated"/></page><page><extension url="http://hl7.org/fhir/tools/StructureDefinition/ig-page-name"><valueUrl value="CodeSystem-bc-client-registry-update-patient-operation-code-system.html"/></extension><nameUrl value="CodeSystem-bc-client-registry-update-patient-operation-code-system.html"/><title value="BC Code System Of Allowed Update Operations"/><generation value="generated"/></page><page><extension url="http://hl7.org/fhir/tools/StructureDefinition/ig-page-name"><valueUrl value="Bundle-Bundle-GetDemographicsWithEligibility-Response-Example.html"/></extension><nameUrl value="Bundle-Bundle-GetDemographicsWithEligibility-Response-Example.html"/><title value="Bundle-GetDemographicsWithEligibility-Response-Example"/><generation value="generated"/></page><page><extension url="http://hl7.org/fhir/tools/StructureDefinition/ig-page-name"><valueUrl value="Bundle-Bundle-MergePatient-Request-Example.html"/></extension><nameUrl value="Bundle-Bundle-MergePatient-Request-Example.html"/><title value="Bundle-MergePatient-Request-Example"/><generation value="generated"/></page><page><extension url="http://hl7.org/fhir/tools/StructureDefinition/ig-page-name"><valueUrl value="Bundle-Bundle-MergePatient-Response-Example.html"/></extension><nameUrl value="Bundle-Bundle-MergePatient-Response-Example.html"/><title value="Bundle-MergePatient-Response-Example"/><generation value="generated"/></page><page><extension url="http://hl7.org/fhir/tools/StructureDefinition/ig-page-name"><valueUrl value="Bundle-Bundle-UpdatePatient-Request-Example.html"/></extension><nameUrl value="Bundle-Bundle-UpdatePatient-Request-Example.html"/><title value="Bundle-UpdatePatient-Request-Example"/><generation value="generated"/></page><page><extension url="http://hl7.org/fhir/tools/StructureDefinition/ig-page-name"><valueUrl value="Bundle-Bundle-UpdatePatient-Response-Example.html"/></extension><nameUrl value="Bundle-Bundle-UpdatePatient-Response-Example.html"/><title value="Bundle-UpdatePatient-Response-Example"/><generation value="generated"/></page><page><extension url="http://hl7.org/fhir/tools/StructureDefinition/ig-page-name"><valueUrl value="Coverage-Coverage-Active-Example.html"/></extension><nameUrl value="Coverage-Coverage-Active-Example.html"/><title value="Coverage-Active-Example"/><generation value="generated"/></page><page><extension url="http://hl7.org/fhir/tools/StructureDefinition/ig-page-name"><valueUrl value="Coverage-Coverage-InActive-Example.html"/></extension><nameUrl value="Coverage-Coverage-InActive-Example.html"/><title value="Coverage-InActive-Example"/><generation value="generated"/></page><page><extension url="http://hl7.org/fhir/tools/StructureDefinition/ig-page-name"><valueUrl value="OperationOutcome-OperationOutcome-Example.html"/></extension><nameUrl value="OperationOutcome-OperationOutcome-Example.html"/><title value="OperationOutcome-Example"/><generation value="generated"/></page><page><extension url="http://hl7.org/fhir/tools/StructureDefinition/ig-page-name"><valueUrl value="OperationOutcome-OperationOutcome-Search-Example.html"/></extension><nameUrl value="OperationOutcome-OperationOutcome-Search-Example.html"/><title value="OperationOutcome-Search-Example"/><generation value="generated"/></page><page><extension url="http://hl7.org/fhir/tools/StructureDefinition/ig-page-name"><valueUrl value="Parameters-Parameters-GetDemographicsWithEligibility-Response-Example.html"/></extension><nameUrl value="Parameters-Parameters-GetDemographicsWithEligibility-Response-Example.html"/><title value="Parameters-GetDemographicsWithEligibility-Response-Example"/><generation value="generated"/></page><page><extension url="http://hl7.org/fhir/tools/StructureDefinition/ig-page-name"><valueUrl value="Parameters-Parameters-MergePatient-Response-Example.html"/></extension><nameUrl value="Parameters-Parameters-MergePatient-Response-Example.html"/><title value="Parameters-MergePatient-Response-Example"/><generation value="generated"/></page><page><extension url="http://hl7.org/fhir/tools/StructureDefinition/ig-page-name"><valueUrl value="Parameters-Parameters-MergePatient-TwoNonSurvivors-Example.html"/></extension><nameUrl value="Parameters-Parameters-MergePatient-TwoNonSurvivors-Example.html"/><title value="Parameters-MergePatient-TwoNonSurvivors-Example"/><generation value="generated"/></page><page><extension url="http://hl7.org/fhir/tools/StructureDefinition/ig-page-name"><valueUrl value="Parameters-Parameters-UpdatePatient-Request-Example.html"/></extension><nameUrl value="Parameters-Parameters-UpdatePatient-Request-Example.html"/><title value="Parameters-UpdatePatient-Request-Example"/><generation value="generated"/></page><page><extension url="http://hl7.org/fhir/tools/StructureDefinition/ig-page-name"><valueUrl value="Parameters-Parameters-UpdatePatient-Response-Example.html"/></extension><nameUrl value="Parameters-Parameters-UpdatePatient-Response-Example.html"/><title value="Parameters-UpdatePatient-Response-Example"/><generation value="generated"/></page><page><extension url="http://hl7.org/fhir/tools/StructureDefinition/ig-page-name"><valueUrl value="Patient-Patient-GetDemographics-Example.html"/></extension><nameUrl value="Patient-Patient-GetDemographics-Example.html"/><title value="Patient-GetDemographics-Example"/><generation value="generated"/></page><page><extension url="http://hl7.org/fhir/tools/StructureDefinition/ig-page-name"><valueUrl value="Patient-Patient-MergePatient-Example.html"/></extension><nameUrl value="Patient-Patient-MergePatient-Example.html"/><title value="Patient-MergePatient-Example"/><generation value="generated"/></page><page><extension url="http://hl7.org/fhir/tools/StructureDefinition/ig-page-name"><valueUrl value="Patient-Patient-UpdatePatient-Request-Example.html"/></extension><nameUrl value="Patient-Patient-UpdatePatient-Request-Example.html"/><title value="Patient-UpdatePatient-Request-Example"/><generation value="generated"/></page></page></page><parameter><code value="path-resource"/><value value="input/capabilities"/></parameter><parameter><code value="path-resource"/><value value="input/examples"/></parameter><parameter><code value="path-resource"/><value value="input/extensions"/></parameter><parameter><code value="path-resource"/><value value="input/models"/></parameter><parameter><code value="path-resource"/><value value="input/operations"/></parameter><parameter><code value="path-resource"/><value value="input/profiles"/></parameter><parameter><code value="path-resource"/><value value="input/resources"/></parameter><parameter><code value="path-resource"/><value value="input/vocabulary"/></parameter><parameter><code value="path-resource"/><value value="input/maps"/></parameter><parameter><code value="path-resource"/><value value="input/testing"/></parameter><parameter><code value="path-resource"/><value value="input/history"/></parameter><parameter><code value="path-resource"/><value value="fsh-generated/resources"/></parameter><parameter><code value="path-pages"/><value value="template/config"/></parameter><parameter><code value="path-pages"/><value value="input/images"/></parameter><parameter><code value="path-tx-cache"/><value value="input-cache/txcache"/></parameter></definition></ImplementationGuide>