<?xml version="1.0" encoding="UTF-8"?><OperationDefinition xmlns="http://hl7.org/fhir"><id value="bc-patient-partial-revise"/><text><status value="extensions"/><div xmlns="http://www.w3.org/1999/xhtml"><h2>PartialRevisePatient</h2><p>OPERATION: PartialRevisePatient</p><p>The official URL for this operation definition is: </p><pre>http://hl7.org/fhir/ca-bc/client/OperationDefinition/bc-patient-partial-revise</pre><p>URL: [base]/Patient/$PartialRevisePatient</p><p>Input parameters Profile: <a href="StructureDefinition-bc-metadata-parameters.html">BCMetadataParameters</a></p><p>Parameters</p><table class="grid"><tr><td><b>Use</b></td><td><b>Name</b></td><td><b>Cardinality</b></td><td><b>Type</b></td><td><b>Binding</b></td><td><b>Documentation</b></td></tr><tr><td>IN</td><td>messageId</td><td>1..1</td><td><a href="http://hl7.org/fhir/R4/datatypes.html#string">string</a><br/>(<a href="http://hl7.org/fhir/R4/search.html#string">string</a>)</td><td/><td><div><p>Unique message ID.</p>
</div></td></tr><tr><td>IN</td><td>messageDate</td><td>1..1</td><td><a href="http://hl7.org/fhir/R4/datatypes.html#string">string</a><br/>(<a href="http://hl7.org/fhir/R4/search.html#string">string</a>)</td><td/><td><div><p>Message date and time.</p>
</div></td></tr><tr><td>IN</td><td>PHN</td><td>1..1</td><td><a href="http://hl7.org/fhir/R4/datatypes.html#string">string</a></td><td/><td><div><p>The Patient's PHN.</p>
</div></td></tr><tr><td>IN</td><td>enterer</td><td>0..1</td><td><a href="http://hl7.org/fhir/R4/datatypes.html#Identifier">Identifier</a></td><td/><td><div><p>UserId of sender.</p>
</div></td></tr><tr><td>IN</td><td>sender</td><td>1..1</td><td><a href="http://hl7.org/fhir/R4/datatypes.html#Identifier">Identifier</a></td><td/><td><div><p>Source of request</p>
</div></td></tr><tr><td>IN</td><td>patchOperation</td><td>1..1</td><td><a href="http://hl7.org/fhir/R4/parameters.html">Parameters</a></td><td/><td><div><p>Patch parameters</p>
</div></td></tr></table></div></text><url value="http://hl7.org/fhir/ca-bc/client/OperationDefinition/bc-patient-partial-revise"/><version value="0.1.0"/><name value="PartialRevisePatient"/><title value="Partial Revise Patient"/><status value="draft"/><kind value="operation"/><date value="2022-04-01T14:00:38+00:00"/><publisher value="BC Ministry of Health"/><contact><name value="BC Ministry of Health"/><telecom><system value="url"/><value value="https://www2.gov.bc.ca/gov/content/governments/organizational-structure/ministries-organizations/ministries/health"/></telecom></contact><jurisdiction><coding><system value="urn:iso:std:iso:3166"/><code value="CA"/><display value="Canada"/></coding></jurisdiction><code value="PartialRevisePatient"/><resource value="Patient"/><system value="false"/><type value="true"/><instance value="false"/><inputProfile value="http://hlth.gov.bc.ca/fhir/client/StructureDefinition/bc-metadata-parameters"/><parameter><name value="messageId"/><use value="in"/><min value="1"/><max value="1"/><documentation value="Unique message ID."/><type value="string"/><searchType value="string"/></parameter><parameter><name value="messageDate"/><use value="in"/><min value="1"/><max value="1"/><documentation value="Message date and time."/><type value="string"/><searchType value="string"/></parameter><parameter><name value="PHN"/><use value="in"/><min value="1"/><max value="1"/><documentation value="The Patient's PHN."/><type value="string"/></parameter><parameter><name value="enterer"/><use value="in"/><min value="0"/><max value="1"/><documentation value="UserId of sender."/><type value="Identifier"/></parameter><parameter><name value="sender"/><use value="in"/><min value="1"/><max value="1"/><documentation value="Source of request"/><type value="Identifier"/></parameter><parameter><name value="patchOperation"/><use value="in"/><min value="1"/><max value="1"/><documentation value="Patch parameters"/><type value="Parameters"/></parameter></OperationDefinition>