<?xml version="1.0" encoding="UTF-8"?><OperationDefinition xmlns="http://hl7.org/fhir"><id value="bc-patient-add"/><text><status value="extensions"/><div xmlns="http://www.w3.org/1999/xhtml"><h2>AddPatient</h2><p>OPERATION: AddPatient</p><p>The official URL for this operation definition is: </p><pre>http://hl7.org/fhir/ca-bc/client/OperationDefinition/bc-patient-add</pre><p>URL: [base]/Patient/$AddPatient</p><p>Input parameters Profile: <a href="StructureDefinition-bc-add-request-bundle.html">AddRequestBundle</a></p><p>Output parameters Profile: <a href="StructureDefinition-bc-add-response-bundle.html">AddResponseBundle</a></p><p>Parameters</p><table class="grid"><tr><td><b>Use</b></td><td><b>Name</b></td><td><b>Cardinality</b></td><td><b>Type</b></td><td><b>Binding</b></td><td><b>Documentation</b></td></tr><tr><td>IN</td><td>AddRequestBundle</td><td>1..1</td><td><a href="http://hl7.org/fhir/R4/bundle.html">Bundle</a></td><td/><td><div><p>The AddPatient operation request Bundle.</p>
</div></td></tr><tr><td>OUT</td><td>AddResponseBundle</td><td>1..1</td><td><a href="http://hl7.org/fhir/R4/bundle.html">Bundle</a></td><td/><td><div><p>The AddPatient operation response Bundle.</p>
</div></td></tr></table></div></text><url value="http://hl7.org/fhir/ca-bc/client/OperationDefinition/bc-patient-add"/><version value="0.1.0"/><name value="AddPatient"/><title value="AddPatient"/><status value="draft"/><kind value="operation"/><date value="2022-06-14T16:27:05+00:00"/><publisher value="BC Ministry of Health"/><contact><name value="BC Ministry of Health"/><telecom><system value="url"/><value value="https://www2.gov.bc.ca/gov/content/governments/organizational-structure/ministries-organizations/ministries/health"/></telecom></contact><jurisdiction><coding><system value="urn:iso:std:iso:3166"/><code value="CA"/><display value="Canada"/></coding></jurisdiction><code value="AddPatient"/><resource value="Patient"/><system value="false"/><type value="true"/><instance value="false"/><inputProfile value="http://hlth.gov.bc.ca/fhir/client/StructureDefinition/bc-add-request-bundle"/><outputProfile value="http://hlth.gov.bc.ca/fhir/client/StructureDefinition/bc-add-response-bundle"/><parameter><name value="AddRequestBundle"/><use value="in"/><min value="1"/><max value="1"/><documentation value="The AddPatient operation request Bundle."/><type value="Bundle"/></parameter><parameter><name value="AddResponseBundle"/><use value="out"/><min value="1"/><max value="1"/><documentation value="The AddPatient operation response Bundle."/><type value="Bundle"/></parameter></OperationDefinition>