<?xml version="1.0" encoding="UTF-8"?><OperationDefinition xmlns="http://hl7.org/fhir"><id value="bc-patient-revise-newborn"/><text><status value="extensions"/><div xmlns="http://www.w3.org/1999/xhtml"><h2>RevisePatientNewborn</h2><p>OPERATION: RevisePatientNewborn</p><p>The official URL for this operation definition is: </p><pre>http://hl7.org/fhir/ca-bc/client/OperationDefinition/bc-patient-revise-newborn</pre><p>URL: [base]/Patient/$RevisePatient.Newborn</p><p>URL: [base]/Patient/[id]/$RevisePatient.Newborn</p><p>Parameters</p><table class="grid"><tr><td><b>Use</b></td><td><b>Name</b></td><td><b>Cardinality</b></td><td><b>Type</b></td><td><b>Binding</b></td><td><b>Documentation</b></td></tr><tr><td>IN</td><td>messageId</td><td>1..1</td><td><a href="http://hl7.org/fhir/R4/datatypes.html#string">string</a><br/>(<a href="http://hl7.org/fhir/R4/search.html#string">string</a>)</td><td/><td><div><p>Unique message ID.</p>
</div></td></tr><tr><td>IN</td><td>messageDate</td><td>1..1</td><td><a href="http://hl7.org/fhir/R4/datatypes.html#string">string</a><br/>(<a href="http://hl7.org/fhir/R4/search.html#string">string</a>)</td><td/><td><div><p>Message date and time.</p>
</div></td></tr><tr><td>IN</td><td>patient</td><td>1..1</td><td><a href="http://hl7.org/fhir/R4/patient.html">Patient</a></td><td/><td><div><p>The newborn Patient.</p>
</div></td></tr><tr><td>IN</td><td>mothersPHN</td><td>1..1</td><td><a href="http://hl7.org/fhir/R4/relatedperson.html">RelatedPerson</a></td><td/><td><div><p>The newborn Patient mother&#39;s PHN.</p>
</div></td></tr></table></div></text><url value="http://hl7.org/fhir/ca-bc/client/OperationDefinition/bc-patient-revise-newborn"/><version value="0.1.0"/><name value="RevisePatientNewborn"/><title value="Revise Patient Newborn"/><status value="draft"/><kind value="operation"/><date value="2021-11-10T00:01:37+00:00"/><code value="RevisePatient.Newborn"/><resource value="Patient"/><system value="false"/><type value="true"/><instance value="true"/><parameter><name value="messageId"/><use value="in"/><min value="1"/><max value="1"/><documentation value="Unique message ID."/><type value="string"/><searchType value="string"/></parameter><parameter><name value="messageDate"/><use value="in"/><min value="1"/><max value="1"/><documentation value="Message date and time."/><type value="string"/><searchType value="string"/></parameter><parameter><name value="patient"/><use value="in"/><min value="1"/><max value="1"/><documentation value="The newborn Patient."/><type value="Patient"/></parameter><parameter><name value="mothersPHN"/><use value="in"/><min value="1"/><max value="1"/><documentation value="The newborn Patient mother&#39;s PHN."/><type value="RelatedPerson"/></parameter></OperationDefinition>