<?xml version="1.0" encoding="UTF-8"?><OperationDefinition xmlns="http://hl7.org/fhir"><id value="bc-patient-revise"/><text><status value="extensions"/><div xmlns="http://www.w3.org/1999/xhtml"><p>URL: [base]/Patient/$RevisePatient</p><p>Input parameters Profile: <a href="StructureDefinition-bc-revise-request-bundle.html">ReviseRequestBundle</a></p><p>Output parameters Profile: <a href="StructureDefinition-bc-revise-response-bundle.html">ReviseResponseBundle</a></p><p>Parameters</p><table class="grid"><tr><td><b>Use</b></td><td><b>Name</b></td><td><b>Cardinality</b></td><td><b>Type</b></td><td><b>Binding</b></td><td><b>Documentation</b></td></tr><tr><td>IN</td><td>ReviseRequestBundle</td><td>1..1</td><td><a href="http://hl7.org/fhir/R4/bundle.html">Bundle</a></td><td/><td><div><p>The RevisePatient operation request Bundle.</p>
</div></td></tr><tr><td>OUT</td><td>ReviseResponseBundle</td><td>1..1</td><td><a href="http://hl7.org/fhir/R4/bundle.html">Bundle</a></td><td/><td><div><p>The RevisePatient operation response Bundle.</p>
</div></td></tr></table></div></text><url value="http://hlth.gov.bc.ca/fhir/client/OperationDefinition/bc-patient-revise"/><version value="1.0.0"/><name value="RevisePatient"/><title value="Revise Patient"/><status value="draft"/><kind value="operation"/><date value="2022-11-30T18:54:03+00:00"/><publisher value="BC Ministry of Health"/><contact><name value="BC Ministry of Health"/><telecom><system value="url"/><value value="https://www2.gov.bc.ca/gov/content/governments/organizational-structure/ministries-organizations/ministries/health"/></telecom></contact><jurisdiction><coding><system value="urn:iso:std:iso:3166"/><code value="CA"/><display value="Canada"/></coding></jurisdiction><code value="RevisePatient"/><resource value="Patient"/><system value="false"/><type value="true"/><instance value="false"/><inputProfile value="http://hlth.gov.bc.ca/fhir/client/StructureDefinition/bc-revise-request-bundle"/><outputProfile value="http://hlth.gov.bc.ca/fhir/client/StructureDefinition/bc-revise-response-bundle"/><parameter><name value="ReviseRequestBundle"/><use value="in"/><min value="1"/><max value="1"/><documentation value="The RevisePatient operation request Bundle."/><type value="Bundle"/></parameter><parameter><name value="ReviseResponseBundle"/><use value="out"/><min value="1"/><max value="1"/><documentation value="The RevisePatient operation response Bundle."/><type value="Bundle"/></parameter></OperationDefinition>