<?xml version="1.0" encoding="UTF-8"?><OperationDefinition xmlns="http://hl7.org/fhir"><id value="bc-patient-get-demographics-withEligibility"/><text><status value="extensions"/><div xmlns="http://www.w3.org/1999/xhtml"><p>URL: [base]/Patient/$GetDemographics.withEligibility</p><p>Input parameters Profile: <a href="StructureDefinition-bc-get-demographics-request-bundle.html">GetDemographicsRequestBundle</a></p><p>Output parameters Profile: <a href="StructureDefinition-bc-search-withEligibility-response-bundle.html">SearchWithEligibilityResponseBundle</a></p><p>Parameters</p><table class="grid"><tr><td><b>Use</b></td><td><b>Name</b></td><td><b>Cardinality</b></td><td><b>Type</b></td><td><b>Binding</b></td><td><b>Documentation</b></td></tr><tr><td>IN</td><td>GetDemographicsRequestBundle</td><td>1..1</td><td><a href="http://hl7.org/fhir/R4/bundle.html">Bundle</a></td><td/><td><div><p>GetDemographics with Eligibility request Bundle.</p>
</div></td></tr><tr><td>OUT</td><td>SearchResponseBundle</td><td>1..1</td><td><a href="http://hl7.org/fhir/R4/bundle.html">Bundle</a></td><td/><td><div><p>GetDemograponics with Eligibility response Bundle.</p>
</div></td></tr></table></div></text><url value="http://hl7.org/fhir/ca-bc/client/OperationDefinition/bc-patient-get-demographics-withEligibility"/><version value="0.1.0"/><name value="GetDemographicswithEligibility"/><title value="GetDemographics withEligibility"/><status value="draft"/><kind value="query"/><date value="2022-11-09T18:16:12+00:00"/><publisher value="BC Ministry of Health"/><contact><name value="BC Ministry of Health"/><telecom><system value="url"/><value value="https://www2.gov.bc.ca/gov/content/governments/organizational-structure/ministries-organizations/ministries/health"/></telecom></contact><jurisdiction><coding><system value="urn:iso:std:iso:3166"/><code value="CA"/><display value="Canada"/></coding></jurisdiction><code value="GetDemographics.withEligibility"/><resource value="Patient"/><system value="false"/><type value="true"/><instance value="false"/><inputProfile value="http://hlth.gov.bc.ca/fhir/client/StructureDefinition/bc-get-demographics-request-bundle"/><outputProfile value="http://hlth.gov.bc.ca/fhir/client/StructureDefinition/bc-search-withEligibility-response-bundle"/><parameter><name value="GetDemographicsRequestBundle"/><use value="in"/><min value="1"/><max value="1"/><documentation value="GetDemographics with Eligibility request Bundle."/><type value="Bundle"/></parameter><parameter><name value="SearchResponseBundle"/><use value="out"/><min value="1"/><max value="1"/><documentation value="GetDemograponics with Eligibility response Bundle."/><type value="Bundle"/></parameter></OperationDefinition>