<?xml version="1.0" encoding="UTF-8"?><ValueSet xmlns="http://hl7.org/fhir"><id value="bc-address-type-value-set"/><text><status value="extensions"/><div xmlns="http://www.w3.org/1999/xhtml"><p>This value set includes codes based on the following rules:</p><ul><li>Import all the codes that are contained in <a href="http://hl7.org/fhir/R4/valueset-address-type.html">http://hl7.org/fhir/ValueSet/address-type</a></li></ul><p>This value set excludes codes based on the following rules:</p><ul><li>Exclude these codes as defined in <a href="http://hl7.org/fhir/R4/codesystem-address-type.html"><code>http://hl7.org/fhir/address-type</code></a><table class="none"><tr><td style="white-space:nowrap"><b>Code</b></td><td><b>Display</b></td><td><b>Definition</b></td></tr><tr><td><a href="http://hl7.org/fhir/R4/codesystem-address-type.html#address-type-both">both</a></td><td>Postal &amp; Physical</td><td>An address that is both physical and postal.</td></tr></table></li></ul></div></text><url value="http://hlth.gov.bc.ca/fhir/client/ValueSet/bc-address-type-value-set"/><version value="0.1.0"/><name value="AddressTypeVS"/><title value="BC Address Type Value Set"/><status value="active"/><date value="2022-07-13T16:07:41+00:00"/><publisher value="BC Ministry of Health"/><contact><name value="BC Ministry of Health"/><telecom><system value="url"/><value value="https://www2.gov.bc.ca/gov/content/governments/organizational-structure/ministries-organizations/ministries/health"/></telecom></contact><description value="BC Address Type value set, sliced to meet BC constraints."/><jurisdiction><coding><system value="urn:iso:std:iso:3166"/><code value="CA"/><display value="Canada"/></coding></jurisdiction><compose><include><valueSet value="http://hl7.org/fhir/ValueSet/address-type"/></include><exclude><system value="http://hl7.org/fhir/address-type"/><concept><code value="both"/></concept></exclude></compose></ValueSet>