<?xml version="1.0" encoding="UTF-8"?><ValueSet xmlns="http://hl7.org/fhir"><id value="bc-merge-status-value-set"/><text><status value="generated"/><div xmlns="http://www.w3.org/1999/xhtml"><ul><li>Include all codes defined in <a href="CodeSystem-bc-client-registry-merge-status-code-system.html"><code>http://hlth.gov.bc.ca/fhir/client/CodeSystem/bc-client-registry-merge-status-code-system</code></a></li></ul></div></text><url value="http://hlth.gov.bc.ca/fhir/client/ValueSet/bc-merge-status-value-set"/><version value="0.1.0"/><name value="MergeStatusVS"/><title value="BC Merge Status Value Set"/><status value="active"/><date value="2022-11-09T18:06:00+00:00"/><publisher value="BC Ministry of Health"/><contact><name value="BC Ministry of Health"/><telecom><system value="url"/><value value="https://www2.gov.bc.ca/gov/content/governments/organizational-structure/ministries-organizations/ministries/health"/></telecom></contact><description value="BC Merge Status value set used to describe the merge status of a Patient."/><jurisdiction><coding><system value="urn:iso:std:iso:3166"/><code value="CA"/><display value="Canada"/></coding></jurisdiction><compose><include><system value="http://hlth.gov.bc.ca/fhir/client/CodeSystem/bc-client-registry-merge-status-code-system"/></include></compose></ValueSet>