<?xml version="1.0" encoding="UTF-8"?><ValueSet xmlns="http://hl7.org/fhir"><id value="bc-name-use-value-set"/><text><status value="extensions"/><div xmlns="http://www.w3.org/1999/xhtml"><p>This value set includes codes based on the following rules:</p><ul><li>Import all the codes that are contained in <a href="http://hl7.org/fhir/R4/valueset-name-use.html">http://hl7.org/fhir/ValueSet/name-use</a></li></ul><p>This value set excludes codes based on the following rules:</p><ul><li>Exclude these codes as defined in <a href="http://hl7.org/fhir/R4/codesystem-name-use.html"><code>http://hl7.org/fhir/name-use</code></a><table class="none"><tr><td style="white-space:nowrap"><b>Code</b></td><td><b>Display</b></td><td><b>Definition</b></td></tr><tr><td><a href="http://hl7.org/fhir/R4/codesystem-name-use.html#name-use-temp">temp</a></td><td>Temp</td><td>A temporary name. Name.period can provide more detailed information. This may also be used for temporary names assigned at birth or in emergency situations.</td></tr><tr><td><a href="http://hl7.org/fhir/R4/codesystem-name-use.html#name-use-nickname">nickname</a></td><td>Nickname</td><td>A name that is used to address the person in an informal manner, but is not part of their formal or usual name.</td></tr><tr><td><a href="http://hl7.org/fhir/R4/codesystem-name-use.html#name-use-anonymous">anonymous</a></td><td>Anonymous</td><td>Anonymous assigned name, alias, or pseudonym (used to protect a person&#39;s identity for privacy reasons).</td></tr><tr><td><a href="http://hl7.org/fhir/R4/codesystem-name-use.html#name-use-old">old</a></td><td>Old</td><td>This name is no longer in use (or was never correct, but retained for records).</td></tr><tr><td><a href="http://hl7.org/fhir/R4/codesystem-name-use.html#name-use-maiden">maiden</a></td><td>Name changed for Marriage</td><td>A name used prior to changing name because of marriage. This name use is for use by applications that collect and store names that were used prior to a marriage. Marriage naming customs vary greatly around the world, and are constantly changing. This term is not gender specific. The use of this term does not imply any particular history for a person&#39;s name.</td></tr></table></li></ul></div></text><url value="http://moh.fhir/bc-clientregistry/ValueSet/bc-name-use-value-set"/><version value="0.1.0"/><name value="BCNameUse"/><title value="BC Name Use value set."/><status value="active"/><date value="2021-11-10T17:08:38+00:00"/><description value="BC Name Use value set, sliced to meet BC constraints."/><compose><include><valueSet value="http://hl7.org/fhir/ValueSet/name-use"/></include><exclude><system value="http://hl7.org/fhir/name-use"/><concept><code value="temp"/></concept><concept><code value="nickname"/></concept><concept><code value="anonymous"/></concept><concept><code value="old"/></concept><concept><code value="maiden"/></concept></exclude></compose></ValueSet>