<?xml version="1.0" encoding="UTF-8"?>

<Bundle xmlns="http://hl7.org/fhir">
  <id value="Merge-SSRI-Request"/>
  <meta>
    <profile value="http://hlth.gov.bc.ca/fhir/client/StructureDefinition/bc-merge-request-bundle"/>
  </meta>
  <type value="collection"/>
  <timestamp value="2023-01-23T14:45:48.1457714-08:00"/>
  <entry>
    <fullUrl value="urn:uuid:0707b22e-65b3-4e88-a60f-d774d2b8376d"/>
    <resource>
      <Parameters>
        <id value="Merge-SSRI-Request-Parameters"/>
        <meta>
          <profile value="http://hlth.gov.bc.ca/fhir/client/StructureDefinition/bc-metadata-parameters-in"/>
        </meta>
        <parameter>
          <name value="messageId"/>
          <valueString value="c9a7ec62-c4f7-4d5d-979c-c4a503508d9b"/>
        </parameter>
        <parameter>
          <name value="messageDateTime"/>
          <valueDateTime value="2023-01-23T14:45:48.1454549-08:00"/>
        </parameter>
      </Parameters>
    </resource>
  </entry>
  <entry>
    <fullUrl value="urn:uuid:c476ddbe-f2f5-4a86-85f1-626b754a5f9b"/>
    <resource>
      <Patient>
        <id value="Merge-SSRI-Request-Patient"/>
        <meta>
          <profile value="http://hlth.gov.bc.ca/fhir/client/StructureDefinition/bc-merge-patient"/>
        </meta>
        <text>
          <status value="extensions"/><div xmlns="http://www.w3.org/1999/xhtml"><a name="Patient_Merge-SSRI-Request-Patient"> </a><p><b>Generated Narrative: Patient </b><a name="Merge-SSRI-Request-Patient"> </a><a name="hcMerge-SSRI-Request-Patient"> </a></p><div style="display: inline-block; background-color: #d9e0e7; padding: 6px; margin: 4px; border: 1px solid #8da1b4; border-radius: 5px; line-height: 60%"><p style="margin-bottom: 0px">ResourcePatient &quot;Merge-SSRI-Request-Patient&quot; </p><p style="margin-bottom: 0px">Profile: <a href="StructureDefinition-bc-merge-patient.html">PatientMerge</a></p></div><p><b>identifier</b>: Account number/DY29G4NH25RMX3ZFI7S48G6O (use: official), Account number/0R5UU112MA979LL66JVP5CO69058 (use: secondary)</p><blockquote><p><b>link</b></p><p><b>BC Merge Status Code</b>: obsolete</p><p><b>other</b>: <span>Account number/AJS6T05XY0PPW88D99 (use: official)</span></p><p><b>type</b>: replaces</p></blockquote><blockquote><p><b>link</b></p><p><b>BC Merge Status Code</b>: obsolete</p><p><b>other</b>: <span>Account number/WXR1A39WE4VN4Z5I7X4JS4WJLQ65 (use: official)</span></p><p><b>type</b>: replaces</p></blockquote><blockquote><p><b>link</b></p><p><b>BC Merge Status Code</b>: obsolete</p><p><b>other</b>: <span>Account number/1QB24Z68EC1VIIW00P99HMY37U66YTPLD5ZDQL (use: secondary)</span></p><p><b>type</b>: replaces</p></blockquote><blockquote><p><b>link</b></p><p><b>BC Merge Status Code</b>: cancelled</p><p><b>other</b>: <span>Account number/VI7KR22LT7SW8GG8Y3TZTY4626MR54C8Q (use: secondary)</span></p><p><b>type</b>: replaces</p></blockquote></div>
        </text>
        <identifier>
          <use value="official"/>
          <type>
            <coding>
              <system value="http://terminology.hl7.org/CodeSystem/v2-0203"/>
              <code value="AN"/>
            </coding>
          </type>
          <system value="http://hlth.gov.bc.ca/fhir/client/id-issuer/SrcCode"/>
          <value value="DY29G4NH25RMX3ZFI7S48G6O"/>
        </identifier>
        <identifier>
          <use value="secondary"/>
          <type>
            <coding>
              <system value="http://terminology.hl7.org/CodeSystem/v2-0203"/>
              <code value="AN"/>
            </coding>
          </type>
          <system value="http://hlth.gov.bc.ca/fhir/client/id-issuer/SrcCode"/>
          <value value="0R5UU112MA979LL66JVP5CO69058"/>
        </identifier>
        <link>
          <extension url="http://hlth.gov.bc.ca/fhir/client/StructureDefinition/bc-merge-status-extension">
            <valueCode value="obsolete"/>
          </extension>
          <other>
            <identifier>
              <use value="official"/>
              <type>
                <coding>
                  <system value="http://terminology.hl7.org/CodeSystem/v2-0203"/>
                  <code value="AN"/>
                </coding>
              </type>
              <system value="http://hlth.gov.bc.ca/fhir/client/id-issuer/SrcCode"/>
              <value value="AJS6T05XY0PPW88D99"/>
            </identifier>
          </other>
          <type value="replaces"/>
        </link>
        <link>
          <extension url="http://hlth.gov.bc.ca/fhir/client/StructureDefinition/bc-merge-status-extension">
            <valueCode value="obsolete"/>
          </extension>
          <other>
            <identifier>
              <use value="official"/>
              <type>
                <coding>
                  <system value="http://terminology.hl7.org/CodeSystem/v2-0203"/>
                  <code value="AN"/>
                </coding>
              </type>
              <system value="http://hlth.gov.bc.ca/fhir/client/id-issuer/SrcCode"/>
              <value value="WXR1A39WE4VN4Z5I7X4JS4WJLQ65"/>
            </identifier>
          </other>
          <type value="replaces"/>
        </link>
        <link>
          <extension url="http://hlth.gov.bc.ca/fhir/client/StructureDefinition/bc-merge-status-extension">
            <valueCode value="obsolete"/>
          </extension>
          <other>
            <identifier>
              <use value="secondary"/>
              <type>
                <coding>
                  <system value="http://terminology.hl7.org/CodeSystem/v2-0203"/>
                  <code value="AN"/>
                </coding>
              </type>
              <system value="http://hlth.gov.bc.ca/fhir/client/id-issuer/SrcCode"/>
              <value value="1QB24Z68EC1VIIW00P99HMY37U66YTPLD5ZDQL"/>
            </identifier>
          </other>
          <type value="replaces"/>
        </link>
        <link>
          <extension url="http://hlth.gov.bc.ca/fhir/client/StructureDefinition/bc-merge-status-extension">
            <valueCode value="cancelled"/>
          </extension>
          <other>
            <identifier>
              <use value="secondary"/>
              <type>
                <coding>
                  <system value="http://terminology.hl7.org/CodeSystem/v2-0203"/>
                  <code value="AN"/>
                </coding>
              </type>
              <system value="http://hlth.gov.bc.ca/fhir/client/id-issuer/SrcCode"/>
              <value value="VI7KR22LT7SW8GG8Y3TZTY4626MR54C8Q"/>
            </identifier>
          </other>
          <type value="replaces"/>
        </link>
      </Patient>
    </resource>
  </entry>
</Bundle>