{
  "resourceType" : "Bundle",
  "id" : "AddNewbornByMumsPHN-Request",
  "meta" : {
    "profile" : ["http://hlth.gov.bc.ca/fhir/client/StructureDefinition/bc-add-request-bundle"]
  },
  "type" : "collection",
  "timestamp" : "2023-01-23T13:46:28.0429798-08:00",
  "link" : [{
    "relation" : "self",
    "url" : "urn:uuid:977f1edc-04db-439e-9f84-7cda0082812a"
  }],
  "entry" : [{
    "fullUrl" : "urn:uuid:66fa3c28-1121-4305-bda2-4e834fcbc0f8",
    "resource" : {
      "resourceType" : "Parameters",
      "id" : "AddNewbornByMumsPHN-Request-Parameters",
      "meta" : {
        "profile" : ["http://hlth.gov.bc.ca/fhir/client/StructureDefinition/bc-metadata-parameters-in"]
      },
      "parameter" : [{
        "name" : "messageId",
        "valueString" : "eac486dd-ffe1-4272-b1ae-1ae0b0707b92"
      },
      {
        "name" : "messageDateTime",
        "valueDateTime" : "2023-01-23T13:46:28.0428521-08:00"
      }]
    }
  },
  {
    "fullUrl" : "urn:uuid:66a90476-06d2-4e62-aba7-32d0566ecf41",
    "resource" : {
      "resourceType" : "Patient",
      "id" : "AddNewbornByMumsPHN-Request-Patient",
      "meta" : {
        "profile" : ["http://hlth.gov.bc.ca/fhir/client/StructureDefinition/bc-patient"]
      },
      "text" : {
        "status" : "generated",
        "div" : "<div xmlns=\"http://www.w3.org/1999/xhtml\"><a name=\"Patient_AddNewbornByMumsPHN-Request-Patient\"> </a><p><b>Generated Narrative: Patient</b><a name=\"AddNewbornByMumsPHN-Request-Patient\"> </a><a name=\"hcAddNewbornByMumsPHN-Request-Patient\"> </a></p><div style=\"display: inline-block; background-color: #d9e0e7; padding: 6px; margin: 4px; border: 1px solid #8da1b4; border-radius: 5px; line-height: 60%\"><p style=\"margin-bottom: 0px\">Resource Patient &quot;AddNewbornByMumsPHN-Request-Patient&quot; </p><p style=\"margin-bottom: 0px\">Profile: <a href=\"StructureDefinition-bc-patient.html\">ClientRegistryPatient</a></p></div><p><b>identifier</b>: <code>https://health.gov.bc.ca/fhir/NamingSystem/ca-bc-viha-north-source-patient-id</code>/4PX0WI5WO23CZRYTQ4GZP6MUJ9R6P2N6MS8Z156\u00a0(use:\u00a0OFFICIAL)</p><p><b>name</b>: Baby Boy Jaroscak </p><p><b>gender</b>: male</p><p><b>birthDate</b>: 2023-01-22</p><p><b>address</b>: 46005 Lake forest drive Mattice BC CA </p></div>"
      },
      "identifier" : [{
        "use" : "official",
        "system" : "https://health.gov.bc.ca/fhir/NamingSystem/ca-bc-viha-north-source-patient-id",
        "value" : "4PX0WI5WO23CZRYTQ4GZP6MUJ9R6P2N6MS8Z156"
      }],
      "name" : [{
        "use" : "usual",
        "family" : "Jaroscak",
        "given" : ["Baby Boy"]
      }],
      "gender" : "male",
      "birthDate" : "2023-01-22",
      "address" : [{
        "type" : "physical",
        "line" : ["46005 Lake forest drive"],
        "city" : "Mattice",
        "state" : "BC",
        "country" : "CA"
      }]
    }
  },
  {
    "fullUrl" : "urn:uuid:b8d7f4cb-94db-46f6-9a01-7023a292b649",
    "resource" : {
      "resourceType" : "RelatedPerson",
      "id" : "AddNewbornByMumsPHN-Request-RelatedPerson",
      "text" : {
        "status" : "generated",
        "div" : "<div xmlns=\"http://www.w3.org/1999/xhtml\"><a name=\"RelatedPerson_AddNewbornByMumsPHN-Request-RelatedPerson\"> </a><p><b>Generated Narrative: RelatedPerson</b><a name=\"AddNewbornByMumsPHN-Request-RelatedPerson\"> </a><a name=\"hcAddNewbornByMumsPHN-Request-RelatedPerson\"> </a></p><div style=\"display: inline-block; background-color: #d9e0e7; padding: 6px; margin: 4px; border: 1px solid #8da1b4; border-radius: 5px; line-height: 60%\"><p style=\"margin-bottom: 0px\">Resource RelatedPerson &quot;AddNewbornByMumsPHN-Request-RelatedPerson&quot; </p></div><p><b>identifier</b>: <code>https://fhir.infoway-inforoute.ca/NamingSystem/ca-bc-patient-healthcare-id</code>/9253484802\u00a0(use:\u00a0OFFICIAL,\u00a0period:\u00a02023-01-23 13:46:27-0800 --&gt; (ongoing))</p><p><b>patient</b>: <a href=\"#Patient_AddNewbornByMumsPHN-Request-Patient\">See above (urn:uuid:66a90476-06d2-4e62-aba7-32d0566ecf41)</a></p><p><b>relationship</b>: natural mother <span style=\"background: LightGoldenRodYellow; margin: 4px; border: 1px solid khaki\"> (<a href=\"http://terminology.hl7.org/5.0.0/CodeSystem-v3-RoleCode.html\">RoleCode</a>#NMTH)</span></p></div>"
      },
      "identifier" : [{
        "extension" : [{
          "url" : "http://hlth.gov.bc.ca/fhir/client/StructureDefinition/bc-identifier-status-extension",
          "valueCode" : "active"
        }],
        "use" : "official",
        "system" : "https://fhir.infoway-inforoute.ca/NamingSystem/ca-bc-patient-healthcare-id",
        "value" : "9253484802",
        "period" : {
          "start" : "2023-01-23T13:46:27-08:00"
        },
        "assigner" : {
          "display" : "MOH Client Registry - MOH_CRS"
        }
      }],
      "patient" : {
        "reference" : "urn:uuid:66a90476-06d2-4e62-aba7-32d0566ecf41"
      },
      "relationship" : [{
        "coding" : [{
          "system" : "http://terminology.hl7.org/CodeSystem/v3-RoleCode",
          "code" : "NMTH"
        }]
      }]
    }
  }]
}