{
  "resourceType": "Bundle",
  "id": "Bundle-GetDemographics-Response-Example",
  "meta": {
    "profile": [
      "http://hlth.gov.bc.ca/fhir/client/StructureDefinition/bc-search-response-bundle"
    ]
  },
  "type": "searchset",
  "timestamp": "2011-09-07T12:18:23.000-07:00",
  "total": 1,
  "link": [
    {
      "relation": "self",
      "url": "https://your.search.search.url"
    }
  ],
  "entry": [
    {
      "fullUrl": "urn:uuid:61061501-9953-4fba-87fe-6ae30e79da33",
      "resource": {
        "resourceType": "Parameters",
        "id": "Parameters-GetDemographics-Response-Example",
        "meta": {
          "profile": [
            "http://hlth.gov.bc.ca/fhir/client/StructureDefinition/bc-metadata-parameters-out"
          ]
        },
        "parameter": [
          {
            "name": "messageId",
            "valueString": "c087e71e-3e7e-4c22-a3ce-61523f600615"
          },
          {
            "name": "messageDateTime",
            "valueDateTime": "2015-02-07T13:29:17-08:00"
          },
          {
            "name": "sender",
            "valueIdentifier": {
              "system": "http://hlth.gov.bc.ca/fhir/client/bc-org",
              "value": "MOH_CRS"
            }
          },
          {
            "name": "requestMessageId",
            "valueString": "98028b44-882a-4c72-8c92-b87d916147e1"
          }
        ]
      }
    },
    {
      "fullUrl": "urn:uuid:2d028b44-882a-4c72-8c92-b87d916147e1",
      "resource": {
        "resourceType": "OperationOutcome",
        "id": "OperationOutcome-Search-Example",
        "text": {
          "status": "generated",
          "div": "<div xmlns=\"http://www.w3.org/1999/xhtml\"><p><b>Generated Narrative: OperationOutcome</b></p><div style=\"display: inline-block; background-color: #d9e0e7; padding: 6px; margin: 4px; border: 1px solid #8da1b4; border-radius: 5px; line-height: 60%\"><p style=\"margin-bottom: 0px\">Resource OperationOutcome \"OperationOutcome-Search-Example\" </p></div><h3>Issues</h3><table class=\"grid\"><tr><td>-</td><td><b>Severity</b></td><td><b>Code</b></td><td><b>Details</b></td></tr><tr><td>*</td><td>warning</td><td>business-rule</td><td>Warning: The identifier you used in the query has been merged. The surviving identifier was returned. <span style=\"background: LightGoldenRodYellow; margin: 4px; border: 1px solid khaki\"> (bc-oo-codes#BCHCIM.GD.0.0015)</span></td></tr></table></div>"
        },
        "issue": [
          {
            "severity": "warning",
            "code": "business-rule",
            "details": {
              "coding": [
                {
                  "system": "http://hlth.gov.bc.ca/fhir/client/bc-oo-codes",
                  "code": "BCHCIM.GD.0.0015"
                }
              ],
              "text": "Warning: The identifier you used in the query has been merged. The surviving identifier was returned."
            }
          }
        ]
      }
    },
    {
      "fullUrl": "urn:uuid:4e795f80-6032-42e3-bbfd-24e27f0c3e7c",
      "resource": {
        "resourceType": "Patient",
        "id": "Patient-GetDemographics-Example",
        "meta": {
          "profile": [
            "http://hlth.gov.bc.ca/fhir/client/StructureDefinition/bc-patient"
          ]
        },
        "text": {
          "status": "generated",
          "div": "<div xmlns=\"http://www.w3.org/1999/xhtml\"><p><b>Generated Narrative: Patient</b></p><div style=\"display: inline-block; background-color: #d9e0e7; padding: 6px; margin: 4px; border: 1px solid #8da1b4; border-radius: 5px; line-height: 60%\"><p style=\"margin-bottom: 0px\">Resource Patient \"Patient-GetDemographics-Example\" </p><p style=\"margin-bottom: 0px\">Profile: <a href=\"StructureDefinition-bc-patient.html\">ClientRegistryPatient</a></p></div><p><b>identifier</b>: Jurisdictional health number: 9123456789 (OFFICIAL)</p><p><b>name</b>: Jane Doe </p><p><b>telecom</b>: ph: 2505554848(HOME)</p><p><b>gender</b>: female</p><p><b>birthDate</b>: 1972-10-16</p><p><b>address</b>: 721 FRONT ST VICTORIA BC V9A3Y3 CA </p></div>"
        },
        "identifier": [
          {
            "use": "official",
            "type": {
              "coding": [
                {
                  "system": "http://terminology.hl7.org/CodeSystem/v2-0203",
                  "code": "JHN"
                }
              ]
            },
            "system": "http://hlth.gov.bc.ca/fhir/client/id-issuer/BC",
            "value": "9123456789",
            "period": {
              "start": "2000-01-01T11:11:11+08:00"
            }
          }
        ],
        "name": [
          {
            "use": "usual",
            "family": "Doe",
            "given": [
              "Jane"
            ]
          }
        ],
        "telecom": [
          {
            "system": "phone",
            "value": "2505554848",
            "use": "home",
            "period": {
              "start": "2000-01-02T10:10:10-08:00"
            }
          }
        ],
        "gender": "female",
        "_gender": {
          "extension": [
            {
              "url": "http://hlth.gov.bc.ca/fhir/client/StructureDefinition/bc-business-period-extension",
              "valuePeriod": {
                "start": "2017-04-05T16:16:16-08:00"
              }
            },
            {
              "extension": [
                {
                  "url": "http://hlth.gov.bc.ca/fhir/client/StructureDefinition/bc-business-period-extension",
                  "valuePeriod": {
                    "start": "2016-04-05",
                    "end": "2017-04-05"
                  }
                },
                {
                  "url": "gender",
                  "valueCode": "other"
                }
              ],
              "url": "http://hlth.gov.bc.ca/fhir/client/StructureDefinition/bc-gender-history-extension"
            },
            {
              "extension": [
                {
                  "url": "http://hlth.gov.bc.ca/fhir/client/StructureDefinition/bc-business-period-extension",
                  "valuePeriod": {
                    "start": "2015-04-05",
                    "end": "2016-04-05"
                  }
                },
                {
                  "url": "gender",
                  "valueCode": "unknown"
                }
              ],
              "url": "http://hlth.gov.bc.ca/fhir/client/StructureDefinition/bc-gender-history-extension"
            }
          ]
        },
        "birthDate": "1972-10-16",
        "_birthDate": {
          "extension": [
            {
              "url": "http://hlth.gov.bc.ca/fhir/client/StructureDefinition/bc-business-period-extension",
              "valuePeriod": {
                "start": "2018-03-17T03:29:17-08:00"
              }
            }
          ]
        },
        "address": [
          {
            "type": "physical",
            "line": [
              "721 FRONT ST"
            ],
            "city": "VICTORIA",
            "state": "BC",
            "postalCode": "V9A3Y3",
            "country": "CA"
          }
        ]
      }
    }
  ]
}