[
  {
    "id": "bc-patient-find-candidates",
    "type": "OperationDefinition",
    "url": "http://hl7.org/fhir/ca-bc/client/OperationDefinition/bc-patient-find-candidates",
    "version": "0.1.0",
    "name": "FindCandidates"
  },
  {
    "id": "bc-patient-get-demographics",
    "type": "OperationDefinition",
    "url": "http://hl7.org/fhir/ca-bc/client/OperationDefinition/bc-patient-get-demographics",
    "version": "0.1.0",
    "name": "GetDemographics"
  },
  {
    "id": "bc-patient-merge",
    "type": "OperationDefinition",
    "url": "http://hl7.org/fhir/ca-bc/client/OperationDefinition/bc-patient-merge",
    "version": "0.1.0",
    "name": "MergePatient"
  },
  {
    "id": "bc-patient-revise",
    "type": "OperationDefinition",
    "url": "http://hl7.org/fhir/ca-bc/client/OperationDefinition/bc-patient-revise",
    "version": "0.1.0",
    "name": "RevisePatient"
  },
  {
    "id": "bc-hcim-capability-statement-client",
    "type": "CapabilityStatement",
    "url": "http://hlth.gov.bc.ca/fhir/client/CapabilityStatement/bc-hcim-capability-statement-client",
    "version": "0.1.0",
    "name": "BCHCIMCapabilityStatement"
  },
  {
    "id": "bc-hcim-capability-statement-server",
    "type": "CapabilityStatement",
    "url": "http://hlth.gov.bc.ca/fhir/client/CapabilityStatement/bc-hcim-capability-statement-server",
    "version": "0.1.0",
    "name": "BCHCIMCapabilityStatement"
  },
  {
    "id": "bc-client-registry-address-validation-code-system",
    "type": "CodeSystem",
    "url": "http://hlth.gov.bc.ca/fhir/client/CodeSystem/bc-client-registry-address-validation-code-system",
    "version": "0.1.0",
    "name": "BCAddressValidationCS"
  },
  {
    "id": "bc-client-registry-merge-status-code-system",
    "type": "CodeSystem",
    "url": "http://hlth.gov.bc.ca/fhir/client/CodeSystem/bc-client-registry-merge-status-code-system",
    "version": "0.1.0",
    "name": "BCMergeStatusCS"
  },
  {
    "id": "bc-operation-outcome-details-code-system",
    "type": "CodeSystem",
    "url": "http://hlth.gov.bc.ca/fhir/client/CodeSystem/bc-operation-outcome-details-code-system",
    "version": "0.1.0",
    "name": "BCOperationOutcomeDetailsCS"
  },
  {
    "id": "fhir.ca-bc.client",
    "type": "ImplementationGuide",
    "url": "http://hlth.gov.bc.ca/fhir/client/ImplementationGuide/fhir.ca-bc.client",
    "version": "0.1.0",
    "name": "BCHealthClientIdentityManagement"
  },
  {
    "id": "bc-business-period-extension",
    "type": "StructureDefinition",
    "url": "http://hlth.gov.bc.ca/fhir/client/StructureDefinition/bc-business-period-extension",
    "version": "0.1.0",
    "name": "BusinessPeriodExtension"
  },
  {
    "id": "bc-death-date-extension",
    "type": "StructureDefinition",
    "url": "http://hlth.gov.bc.ca/fhir/client/StructureDefinition/bc-death-date-extension",
    "version": "0.1.0",
    "name": "DeathDateExtension"
  },
  {
    "id": "bc-death-date-flag-business-period-extension",
    "type": "StructureDefinition",
    "url": "http://hlth.gov.bc.ca/fhir/client/StructureDefinition/bc-death-date-flag-business-period-extension",
    "version": "0.1.0",
    "name": "DeathDateFlagBusinessPeriodExtension"
  },
  {
    "id": "bc-merge-response-bundle",
    "type": "StructureDefinition",
    "url": "http://hlth.gov.bc.ca/fhir/client/StructureDefinition/bc-merge-response-bundle",
    "version": "0.1.0",
    "name": "BCMergeResponseBundle"
  },
  {
    "id": "bc-merge-status-extension",
    "type": "StructureDefinition",
    "url": "http://hlth.gov.bc.ca/fhir/client/StructureDefinition/bc-merge-status-extension",
    "version": "0.1.0",
    "name": "MergeStatusExtension"
  },
  {
    "id": "bc-metadata-parameters",
    "type": "StructureDefinition",
    "url": "http://hlth.gov.bc.ca/fhir/client/StructureDefinition/bc-metadata-parameters",
    "version": "0.1.0",
    "name": "BCMetadataParameters"
  },
  {
    "id": "bc-operation-outcome",
    "type": "StructureDefinition",
    "url": "http://hlth.gov.bc.ca/fhir/client/StructureDefinition/bc-operation-outcome",
    "version": "0.1.0",
    "name": "BCOperationOutcome"
  },
  {
    "id": "bc-patient",
    "type": "StructureDefinition",
    "url": "http://hlth.gov.bc.ca/fhir/client/StructureDefinition/bc-patient",
    "version": "0.1.0",
    "name": "BCPatient"
  },
  {
    "id": "bc-patient-business-parameters",
    "type": "StructureDefinition",
    "url": "http://hlth.gov.bc.ca/fhir/client/StructureDefinition/bc-patient-business-parameters",
    "version": "0.1.0",
    "name": "BCPatientBusinessParameters"
  },
  {
    "id": "bc-revise-response-bundle",
    "type": "StructureDefinition",
    "url": "http://hlth.gov.bc.ca/fhir/client/StructureDefinition/bc-revise-response-bundle",
    "version": "0.1.0",
    "name": "BCReviseResponseBundle"
  },
  {
    "id": "bc-search-response-bundle",
    "type": "StructureDefinition",
    "url": "http://hlth.gov.bc.ca/fhir/client/StructureDefinition/bc-search-response-bundle",
    "version": "0.1.0",
    "name": "BCSearchResponseBundle"
  },
  {
    "id": "bc-validation-status-extension",
    "type": "StructureDefinition",
    "url": "http://hlth.gov.bc.ca/fhir/client/StructureDefinition/bc-validation-status-extension",
    "version": "0.1.0",
    "name": "ValidationStatusExtension"
  },
  {
    "id": "bc-address-type-value-set",
    "type": "ValueSet",
    "url": "http://hlth.gov.bc.ca/fhir/client/ValueSet/bc-address-type-value-set",
    "version": "0.1.0",
    "name": "BCAddressTypeVS"
  },
  {
    "id": "bc-address-validation-value-set",
    "type": "ValueSet",
    "url": "http://hlth.gov.bc.ca/fhir/client/ValueSet/bc-address-validation-value-set",
    "version": "0.1.0",
    "name": "BCAddressValidationVS"
  },
  {
    "id": "bc-contact-point-system-value-set",
    "type": "ValueSet",
    "url": "http://hlth.gov.bc.ca/fhir/client/ValueSet/bc-contact-point-system-value-set",
    "version": "0.1.0",
    "name": "BCContactPointSystemVS"
  },
  {
    "id": "bc-contact-point-use-value-set",
    "type": "ValueSet",
    "url": "http://hlth.gov.bc.ca/fhir/client/ValueSet/bc-contact-point-use-value-set",
    "version": "0.1.0",
    "name": "BCContactPointUseVS"
  },
  {
    "id": "bc-merge-status-value-set",
    "type": "ValueSet",
    "url": "http://hlth.gov.bc.ca/fhir/client/ValueSet/bc-merge-status-value-set",
    "version": "0.1.0",
    "name": "BCMergeStatusVS"
  },
  {
    "id": "bc-name-use-value-set",
    "type": "ValueSet",
    "url": "http://hlth.gov.bc.ca/fhir/client/ValueSet/bc-name-use-value-set",
    "version": "0.1.0",
    "name": "BCNameUseVS"
  }
]