[
  {
    "id": "bc-client-registry-address-validation-code-system",
    "type": "CodeSystem",
    "url": "http://hl7.org/fhir/ca-bc/client/CodeSystem/bc-client-registry-address-validation-code-system",
    "version": "0.1.0",
    "name": "BCAddressValidationCS"
  },
  {
    "id": "bc-client-registry-merge-status-code-system",
    "type": "CodeSystem",
    "url": "http://hl7.org/fhir/ca-bc/client/CodeSystem/bc-client-registry-merge-status-code-system",
    "version": "0.1.0",
    "name": "BCMergeStatusCS"
  },
  {
    "id": "bc-operation-outcome-details-code-system",
    "type": "CodeSystem",
    "url": "http://hl7.org/fhir/ca-bc/client/CodeSystem/bc-operation-outcome-details-code-system",
    "version": "0.1.0",
    "name": "BCOperationOutcomeDetailsCS"
  },
  {
    "id": "fhir.ca-bc.client",
    "type": "ImplementationGuide",
    "url": "http://hl7.org/fhir/ca-bc/client/ImplementationGuide/fhir.ca-bc.client",
    "version": "0.1.0",
    "name": "BCHealthClientIdentityManagement"
  },
  {
    "id": "bc-patient-find-candidates",
    "type": "OperationDefinition",
    "url": "http://hl7.org/fhir/ca-bc/client/OperationDefinition/bc-patient-find-candidates",
    "version": "0.1.0",
    "name": "FindCandidates"
  },
  {
    "id": "bc-patient-get-demographics",
    "type": "OperationDefinition",
    "url": "http://hl7.org/fhir/ca-bc/client/OperationDefinition/bc-patient-get-demographics",
    "version": "0.1.0",
    "name": "GetDemographics"
  },
  {
    "id": "bc-patient-merge",
    "type": "OperationDefinition",
    "url": "http://hl7.org/fhir/ca-bc/client/OperationDefinition/bc-patient-merge",
    "version": "0.1.0",
    "name": "MergePatient"
  },
  {
    "id": "bc-patient-revise",
    "type": "OperationDefinition",
    "url": "http://hl7.org/fhir/ca-bc/client/OperationDefinition/bc-patient-revise",
    "version": "0.1.0",
    "name": "RevisePatient"
  },
  {
    "id": "bc-patient-revise-newborn",
    "type": "OperationDefinition",
    "url": "http://hl7.org/fhir/ca-bc/client/OperationDefinition/bc-patient-revise-newborn",
    "version": "0.1.0",
    "name": "RevisePatientNewborn"
  },
  {
    "id": "bc-address-validation-status-extension",
    "type": "StructureDefinition",
    "url": "http://hl7.org/fhir/ca-bc/client/StructureDefinition/bc-address-validation-status-extension",
    "version": "0.1.0",
    "name": "AddressValidationStatusExtension"
  },
  {
    "id": "bc-birth-date-business-dates-extension",
    "type": "StructureDefinition",
    "url": "http://hl7.org/fhir/ca-bc/client/StructureDefinition/bc-birth-date-business-dates-extension",
    "version": "0.1.0",
    "name": "BirthDateBusinessDateExtension"
  },
  {
    "id": "bc-client-registry-address",
    "type": "StructureDefinition",
    "url": "http://hl7.org/fhir/ca-bc/client/StructureDefinition/bc-client-registry-address",
    "version": "0.1.0",
    "name": "BCClientRegistryAddress"
  },
  {
    "id": "bc-death-date-business-dates-extension",
    "type": "StructureDefinition",
    "url": "http://hl7.org/fhir/ca-bc/client/StructureDefinition/bc-death-date-business-dates-extension",
    "version": "0.1.0",
    "name": "DeathDateBusinessDateExtension"
  },
  {
    "id": "bc-death-date-extension",
    "type": "StructureDefinition",
    "url": "http://hl7.org/fhir/ca-bc/client/StructureDefinition/bc-death-date-extension",
    "version": "0.1.0",
    "name": "DeathDateExtension"
  },
  {
    "id": "bc-death-date-flag-business-dates-extension",
    "type": "StructureDefinition",
    "url": "http://hl7.org/fhir/ca-bc/client/StructureDefinition/bc-death-date-flag-business-dates-extension",
    "version": "0.1.0",
    "name": "DeathDateFlagBusinessDateExtension"
  },
  {
    "id": "bc-gender-business-dates-extension",
    "type": "StructureDefinition",
    "url": "http://hl7.org/fhir/ca-bc/client/StructureDefinition/bc-gender-business-dates-extension",
    "version": "0.1.0",
    "name": "GenderBusinessDateExtension"
  },
  {
    "id": "bc-merge-response-bundle",
    "type": "StructureDefinition",
    "url": "http://hl7.org/fhir/ca-bc/client/StructureDefinition/bc-merge-response-bundle",
    "version": "0.1.0",
    "name": "BCMergeResponseBundle"
  },
  {
    "id": "bc-merge-status-extension",
    "type": "StructureDefinition",
    "url": "http://hl7.org/fhir/ca-bc/client/StructureDefinition/bc-merge-status-extension",
    "version": "0.1.0",
    "name": "MergeStatusExtension"
  },
  {
    "id": "bc-metadata-parameters",
    "type": "StructureDefinition",
    "url": "http://hl7.org/fhir/ca-bc/client/StructureDefinition/bc-metadata-parameters",
    "version": "0.1.0",
    "name": "BCMetadataParameters"
  },
  {
    "id": "bc-operation-outcome",
    "type": "StructureDefinition",
    "url": "http://hl7.org/fhir/ca-bc/client/StructureDefinition/bc-operation-outcome",
    "version": "0.1.0",
    "name": "BCOperationOutcome"
  },
  {
    "id": "bc-patient",
    "type": "StructureDefinition",
    "url": "http://hl7.org/fhir/ca-bc/client/StructureDefinition/bc-patient",
    "version": "0.1.0",
    "name": "BCPatient"
  },
  {
    "id": "bc-patient-business-dates-extension",
    "type": "StructureDefinition",
    "url": "http://hl7.org/fhir/ca-bc/client/StructureDefinition/bc-patient-business-dates-extension",
    "version": "0.1.0",
    "name": "PatientBusinessDateExtension"
  },
  {
    "id": "bc-patient-business-parameters",
    "type": "StructureDefinition",
    "url": "http://hl7.org/fhir/ca-bc/client/StructureDefinition/bc-patient-business-parameters",
    "version": "0.1.0",
    "name": "BCPatientBusinessParameters"
  },
  {
    "id": "bc-request-metadata-parameters",
    "type": "StructureDefinition",
    "url": "http://hl7.org/fhir/ca-bc/client/StructureDefinition/bc-request-metadata-parameters",
    "version": "0.1.0",
    "name": "BCRequestMetadataParameters"
  },
  {
    "id": "bc-request-patient-business-parameters",
    "type": "StructureDefinition",
    "url": "http://hl7.org/fhir/ca-bc/client/StructureDefinition/bc-request-patient-business-parameters",
    "version": "0.1.0",
    "name": "BCRequestPatientBusinessParameters"
  },
  {
    "id": "bc-revise-response-bundle",
    "type": "StructureDefinition",
    "url": "http://hl7.org/fhir/ca-bc/client/StructureDefinition/bc-revise-response-bundle",
    "version": "0.1.0",
    "name": "BCReviseResponseBundle"
  },
  {
    "id": "bc-search-response-bundle",
    "type": "StructureDefinition",
    "url": "http://hl7.org/fhir/ca-bc/client/StructureDefinition/bc-search-response-bundle",
    "version": "0.1.0",
    "name": "BCSearchResponseBundle"
  },
  {
    "id": "bc-address-type-value-set",
    "type": "ValueSet",
    "url": "http://hl7.org/fhir/ca-bc/client/ValueSet/bc-address-type-value-set",
    "version": "0.1.0",
    "name": "BCAddressType"
  },
  {
    "id": "bc-address-use-value-set",
    "type": "ValueSet",
    "url": "http://hl7.org/fhir/ca-bc/client/ValueSet/bc-address-use-value-set",
    "version": "0.1.0",
    "name": "BCAddressUse"
  },
  {
    "id": "bc-address-validation-value-set",
    "type": "ValueSet",
    "url": "http://hl7.org/fhir/ca-bc/client/ValueSet/bc-address-validation-value-set",
    "version": "0.1.0",
    "name": "BCAddressValidationVS"
  },
  {
    "id": "bc-administrative-gender-value-set",
    "type": "ValueSet",
    "url": "http://hl7.org/fhir/ca-bc/client/ValueSet/bc-administrative-gender-value-set",
    "version": "0.1.0",
    "name": "BCAdministrativeGender"
  },
  {
    "id": "bc-contact-point-system-value-set",
    "type": "ValueSet",
    "url": "http://hl7.org/fhir/ca-bc/client/ValueSet/bc-contact-point-system-value-set",
    "version": "0.1.0",
    "name": "BCContactPointSystem"
  },
  {
    "id": "bc-contact-point-use-value-set",
    "type": "ValueSet",
    "url": "http://hl7.org/fhir/ca-bc/client/ValueSet/bc-contact-point-use-value-set",
    "version": "0.1.0",
    "name": "BCContactPointUse"
  },
  {
    "id": "bc-merge-status-value-set",
    "type": "ValueSet",
    "url": "http://hl7.org/fhir/ca-bc/client/ValueSet/bc-merge-status-value-set",
    "version": "0.1.0",
    "name": "BCMergeStatusVS"
  },
  {
    "id": "bc-name-use-value-set",
    "type": "ValueSet",
    "url": "http://hl7.org/fhir/ca-bc/client/ValueSet/bc-name-use-value-set",
    "version": "0.1.0",
    "name": "BCNameUse"
  }
]