URL,Version,Status,OIDs,Name,Title,Descriptino,Used
https://terminology.hlth.gov.bc.ca/ClientRegistry/CodeSystem/bc-client-registry-address-validation-code-system,1.0.0,draft,,AddressValidationCS,BC Client Registry Address Validation Status Code,"Codes used to define the address validation status.",
https://terminology.hlth.gov.bc.ca/ClientRegistry/CodeSystem/bc-client-registry-merge-status-code-system,1.0.0,draft,,MergeStatusCS,BC Client Registry merge status.,"Codes used to describe the merge status.",
https://terminology.hlth.gov.bc.ca/ClientRegistry/CodeSystem/bc-client-registry-update-patient-operation-code-system,1.0.0,draft,,UpdatePatientOperationCS,BC Code System Of Allowed Update Operations,"BC Code System of allowed update patient operations.",
https://terminology.hlth.gov.bc.ca/ClientRegistry/CodeSystem/bc-identifier-status-code-system,1.0.0,draft,,IdentifierStatusCS,BC Client registry identifier status code system,"BC Client registry identifier status code system.",
https://terminology.hlth.gov.bc.ca/ClientRegistry/CodeSystem/bc-operation-outcome-details-code-system,1.0.0,draft,,OperationOutcomeDetailsCS,BC Client Registry Operation Outcome details code system,"BC Client Registry Operation Outcome details code system",
