{
  "codeSystems" : [
    {
      "url" : "https://terminology.hlth.gov.bc.ca/ClientRegistry/CodeSystem/bc-client-registry-address-validation-code-system",
      "version" : "1.0.0",
      "status" : "draft",
      "name" : "AddressValidationCS",
      "title" : "BC Client Registry Address Validation Status Code",
      "description" : "Codes used to define the address validation status."
    },
    {
      "url" : "https://terminology.hlth.gov.bc.ca/ClientRegistry/CodeSystem/bc-client-registry-merge-status-code-system",
      "version" : "1.0.0",
      "status" : "draft",
      "name" : "MergeStatusCS",
      "title" : "BC Client Registry merge status.",
      "description" : "Codes used to describe the merge status."
    },
    {
      "url" : "https://terminology.hlth.gov.bc.ca/ClientRegistry/CodeSystem/bc-client-registry-patient-change-notification-events",
      "version" : "1.0.0",
      "status" : "draft",
      "name" : "PatientChangeNotificationEvents",
      "title" : "BC Client Registry Patient Change Notification Events Code System",
      "description" : "Codes used to indicate that type of patient changes that a subscriber is interested in receiving."
    },
    {
      "url" : "https://terminology.hlth.gov.bc.ca/ClientRegistry/CodeSystem/bc-client-registry-update-patient-operation-code-system",
      "version" : "1.0.0",
      "status" : "draft",
      "name" : "UpdatePatientOperationCS",
      "title" : "BC Code System Of Allowed Update Operations",
      "description" : "BC Code System of allowed update patient operations."
    },
    {
      "url" : "https://terminology.hlth.gov.bc.ca/ClientRegistry/CodeSystem/bc-identifier-status-code-system",
      "version" : "1.0.0",
      "status" : "draft",
      "name" : "IdentifierStatusCS",
      "title" : "BC Client registry identifier status code system",
      "description" : "BC Client registry identifier status code system."
    },
    {
      "url" : "https://terminology.hlth.gov.bc.ca/ClientRegistry/CodeSystem/bc-operation-outcome-details-code-system",
      "version" : "1.0.0",
      "status" : "draft",
      "name" : "OperationOutcomeDetailsCS",
      "title" : "BC Client Registry Operation Outcome details code system",
      "description" : "BC Client Registry Operation Outcome details code system"
    }
  ]
}
