<?xml version="1.0" encoding="UTF-8"?>

<Bundle xmlns="http://hl7.org/fhir">
  <id value="3ab47e59-1987-46b1-8b18-24158cbfb6b2"/>
  <meta>
    <lastUpdated value="2023-04-17T21:31:48.322+00:00"/>
  </meta>
  <type value="collection"/>
  <entry>
    <fullUrl value="https://terminology.hlth.gov.bc.ca/ClientRegistry/ValueSet/bc-merge-status-value-set"/>
    <resource>
      <ValueSet>
        <id value="bc-merge-status-value-set"/>
        <text>
          <status value="generated"/>
          <div xmlns="http://www.w3.org/1999/xhtml">
            <p>This value set contains 2 concepts</p>
            <p style="border: black 1px dotted; background-color: #EEEEEE; padding: 8px; margin-bottom: 8px">Expansion based on 
              <a href="CodeSystem-bc-client-registry-merge-status-code-system.html">BC Client Registry merge status. v1.0.0 (CodeSystem)</a>
            </p>
            <table class="codes">
              <tr>
                <td style="white-space:nowrap">
                  <b>Code</b>
                </td>
                <td>
                  <b>System</b>
                </td>
                <td>
                  <b>Display</b>
                </td>
                <td>
                  <b>Definition</b>
                </td>
              </tr>
              <tr>
                <td style="white-space:nowrap">
                  <a name="https---terminology.hlth.gov.bc.ca-ClientRegistry-CodeSystem-bc-client-registry-merge-status-code-system-obsolete"> </a>  
                  <a href="CodeSystem-bc-client-registry-merge-status-code-system.html#bc-client-registry-merge-status-code-system-obsolete">obsolete</a>
                </td>
                <td>https://terminology.hlth.gov.bc.ca/ClientRegistry/CodeSystem/bc-client-registry-merge-status-code-system</td>
                <td>obsolete</td>
                <td>
                  <div>
                    <p>The merge obsoletes this Patient.</p>

                  </div>
                </td>
              </tr>
              <tr>
                <td style="white-space:nowrap">
                  <a name="https---terminology.hlth.gov.bc.ca-ClientRegistry-CodeSystem-bc-client-registry-merge-status-code-system-cancelled"> </a>  
                  <a href="CodeSystem-bc-client-registry-merge-status-code-system.html#bc-client-registry-merge-status-code-system-cancelled">cancelled</a>
                </td>
                <td>https://terminology.hlth.gov.bc.ca/ClientRegistry/CodeSystem/bc-client-registry-merge-status-code-system</td>
                <td>cancelled</td>
                <td>
                  <div>
                    <p>The merge cancels this Patient.</p>

                  </div>
                </td>
              </tr>
            </table>
          </div>
        </text>
        <url value="https://terminology.hlth.gov.bc.ca/ClientRegistry/ValueSet/bc-merge-status-value-set"/>
        <version value="1.0.0"/>
        <name value="MergeStatusVS"/>
        <title value="BC Merge Status Value Set"/>
        <status value="active"/>
        <date value="2023-04-17T21:31:48+00:00"/>
        <publisher value="BC Ministry of Health"/>
        <contact>
          <name value="BC Ministry of Health"/>
          <telecom>
            <system value="url"/>
            <value value="https://www2.gov.bc.ca/gov/content/governments/organizational-structure/ministries-organizations/ministries/health"/>
          </telecom>
        </contact>
        <description value="BC Merge Status value set used to describe the merge status of a Patient."/>
        <jurisdiction>
          <coding>
            <system value="urn:iso:std:iso:3166"/>
            <code value="CA"/>
            <display value="Canada"/>
          </coding>
        </jurisdiction>
        <expansion>
          <identifier value="urn:uuid:a1c9589e-5a4c-4014-b831-41825af538f6"/>
          <timestamp value="2023-04-17T21:32:25+00:00"/>
          <total value="2"/>
          <parameter>
            <name value="excludeNested"/>
            <valueBoolean value="false"/>
          </parameter>
          <parameter>
            <name value="version"/>
            <valueUri value="https://terminology.hlth.gov.bc.ca/ClientRegistry/CodeSystem/bc-client-registry-merge-status-code-system|1.0.0"/>
          </parameter>
          <contains>
            <system value="https://terminology.hlth.gov.bc.ca/ClientRegistry/CodeSystem/bc-client-registry-merge-status-code-system"/>
            <code value="obsolete"/>
            <display value="obsolete"/>
          </contains>
          <contains>
            <system value="https://terminology.hlth.gov.bc.ca/ClientRegistry/CodeSystem/bc-client-registry-merge-status-code-system"/>
            <code value="cancelled"/>
            <display value="cancelled"/>
          </contains>
        </expansion>
      </ValueSet>
    </resource>
  </entry>
  <entry>
    <fullUrl value="https://terminology.hlth.gov.bc.ca/ClientRegistry/ValueSet/bc-contact-point-system-value-set"/>
    <resource>
      <ValueSet>
        <id value="bc-contact-point-system-value-set"/>
        <text>
          <status value="generated"/>
          <div xmlns="http://www.w3.org/1999/xhtml">
            <p>This value set contains 2 concepts</p>
            <div style="border: black 1px dotted; background-color: #EEEEEE; padding: 8px; margin-bottom: 8px">
              <p>Expansion based on: </p>
              <ul>
                <li>
                  <a href="http://hl7.org/fhir/R4/valueset-contact-point-system.html">ContactPointSystem v4.0.1 (ValueSet)</a>
                </li>
                <li>
                  <a href="http://hl7.org/fhir/R4/codesystem-contact-point-system.html">ContactPointSystem v4.0.1 (CodeSystem)</a>
                </li>
              </ul>
            </div>
            <table class="codes">
              <tr>
                <td style="white-space:nowrap">
                  <b>Code</b>
                </td>
                <td>
                  <b>System</b>
                </td>
                <td>
                  <b>Display</b>
                </td>
                <td>
                  <b>Definition</b>
                </td>
              </tr>
              <tr>
                <td style="white-space:nowrap">
                  <a name="http---hl7.org-fhir-contact-point-system-phone"> </a>  
                  <a href="http://hl7.org/fhir/R4/codesystem-contact-point-system.html#contact-point-system-phone">phone</a>
                </td>
                <td>http://hl7.org/fhir/contact-point-system</td>
                <td>Phone</td>
                <td>
                  <div>
                    <p>The value is a telephone number used for voice calls. Use of full international numbers starting with + is recommended to enable automatic dialing support but not required.</p>

                  </div>
                </td>
              </tr>
              <tr>
                <td style="white-space:nowrap">
                  <a name="http---hl7.org-fhir-contact-point-system-email"> </a>  
                  <a href="http://hl7.org/fhir/R4/codesystem-contact-point-system.html#contact-point-system-email">email</a>
                </td>
                <td>http://hl7.org/fhir/contact-point-system</td>
                <td>Email</td>
                <td>
                  <div>
                    <p>The value is an email address.</p>

                  </div>
                </td>
              </tr>
            </table>
          </div>
        </text>
        <url value="https://terminology.hlth.gov.bc.ca/ClientRegistry/ValueSet/bc-contact-point-system-value-set"/>
        <version value="1.0.0"/>
        <name value="ContactPointSystemVS"/>
        <title value="BC Contact Point System Value Set"/>
        <status value="active"/>
        <date value="2023-04-17T21:31:48+00:00"/>
        <publisher value="BC Ministry of Health"/>
        <contact>
          <name value="BC Ministry of Health"/>
          <telecom>
            <system value="url"/>
            <value value="https://www2.gov.bc.ca/gov/content/governments/organizational-structure/ministries-organizations/ministries/health"/>
          </telecom>
        </contact>
        <description value="BC Contact Point System value set, sliced to meet BC constraints."/>
        <jurisdiction>
          <coding>
            <system value="urn:iso:std:iso:3166"/>
            <code value="CA"/>
            <display value="Canada"/>
          </coding>
        </jurisdiction>
        <expansion>
          <identifier value="urn:uuid:e338ffcd-5275-4529-b8ef-521d305399b2"/>
          <timestamp value="2023-04-17T21:32:28+00:00"/>
          <total value="2"/>
          <parameter>
            <name value="excludeNested"/>
            <valueBoolean value="false"/>
          </parameter>
          <parameter>
            <name value="version"/>
            <valueUri value="http://hl7.org/fhir/ValueSet/contact-point-system|4.0.1"/>
          </parameter>
          <parameter>
            <name value="version"/>
            <valueUri value="http://hl7.org/fhir/contact-point-system|4.0.1"/>
          </parameter>
          <contains>
            <system value="http://hl7.org/fhir/contact-point-system"/>
            <code value="phone"/>
            <display value="Phone"/>
          </contains>
          <contains>
            <system value="http://hl7.org/fhir/contact-point-system"/>
            <code value="email"/>
            <display value="Email"/>
          </contains>
        </expansion>
      </ValueSet>
    </resource>
  </entry>
  <entry>
    <fullUrl value="https://terminology.hlth.gov.bc.ca/ClientRegistry/ValueSet/bc-identifier-status-value-set"/>
    <resource>
      <ValueSet>
        <id value="bc-identifier-status-value-set"/>
        <text>
          <status value="generated"/>
          <div xmlns="http://www.w3.org/1999/xhtml">
            <p>This value set contains 2 concepts</p>
            <p style="border: black 1px dotted; background-color: #EEEEEE; padding: 8px; margin-bottom: 8px">Expansion based on 
              <a href="CodeSystem-bc-identifier-status-code-system.html">BC Client registry identifier status code system v1.0.0 (CodeSystem)</a>
            </p>
            <table class="codes">
              <tr>
                <td style="white-space:nowrap">
                  <b>Code</b>
                </td>
                <td>
                  <b>System</b>
                </td>
                <td>
                  <b>Display</b>
                </td>
                <td>
                  <b>Definition</b>
                </td>
              </tr>
              <tr>
                <td style="white-space:nowrap">
                  <a name="https---terminology.hlth.gov.bc.ca-ClientRegistry-CodeSystem-bc-identifier-status-code-system-merged"> </a>  
                  <a href="CodeSystem-bc-identifier-status-code-system.html#bc-identifier-status-code-system-merged">merged</a>
                </td>
                <td>https://terminology.hlth.gov.bc.ca/ClientRegistry/CodeSystem/bc-identifier-status-code-system</td>
                <td>merged</td>
                <td>
                  <div>
                    <p>The identifier has been merged.</p>

                  </div>
                </td>
              </tr>
              <tr>
                <td style="white-space:nowrap">
                  <a name="https---terminology.hlth.gov.bc.ca-ClientRegistry-CodeSystem-bc-identifier-status-code-system-active"> </a>  
                  <a href="CodeSystem-bc-identifier-status-code-system.html#bc-identifier-status-code-system-active">active</a>
                </td>
                <td>https://terminology.hlth.gov.bc.ca/ClientRegistry/CodeSystem/bc-identifier-status-code-system</td>
                <td>active</td>
                <td>
                  <div>
                    <p>The identifier is active.</p>

                  </div>
                </td>
              </tr>
            </table>
          </div>
        </text>
        <url value="https://terminology.hlth.gov.bc.ca/ClientRegistry/ValueSet/bc-identifier-status-value-set"/>
        <version value="1.0.0"/>
        <name value="IdentifierStatusVS"/>
        <title value="BC Identifier Status Value Set"/>
        <status value="active"/>
        <date value="2023-04-17T21:31:48+00:00"/>
        <publisher value="BC Ministry of Health"/>
        <contact>
          <name value="BC Ministry of Health"/>
          <telecom>
            <system value="url"/>
            <value value="https://www2.gov.bc.ca/gov/content/governments/organizational-structure/ministries-organizations/ministries/health"/>
          </telecom>
        </contact>
        <description value="BC Identifier Status value set used to describe the status of an identifier."/>
        <jurisdiction>
          <coding>
            <system value="urn:iso:std:iso:3166"/>
            <code value="CA"/>
            <display value="Canada"/>
          </coding>
        </jurisdiction>
        <expansion>
          <identifier value="urn:uuid:ea989357-bfef-4cc5-9079-806f3800258e"/>
          <timestamp value="2023-04-17T21:32:37+00:00"/>
          <total value="2"/>
          <parameter>
            <name value="excludeNested"/>
            <valueBoolean value="false"/>
          </parameter>
          <parameter>
            <name value="version"/>
            <valueUri value="https://terminology.hlth.gov.bc.ca/ClientRegistry/CodeSystem/bc-identifier-status-code-system|1.0.0"/>
          </parameter>
          <contains>
            <system value="https://terminology.hlth.gov.bc.ca/ClientRegistry/CodeSystem/bc-identifier-status-code-system"/>
            <code value="merged"/>
            <display value="merged"/>
          </contains>
          <contains>
            <system value="https://terminology.hlth.gov.bc.ca/ClientRegistry/CodeSystem/bc-identifier-status-code-system"/>
            <code value="active"/>
            <display value="active"/>
          </contains>
        </expansion>
      </ValueSet>
    </resource>
  </entry>
  <entry>
    <fullUrl value="https://terminology.hlth.gov.bc.ca/ClientRegistry/ValueSet/bc-address-validation-value-set"/>
    <resource>
      <ValueSet>
        <id value="bc-address-validation-value-set"/>
        <text>
          <status value="generated"/>
          <div xmlns="http://www.w3.org/1999/xhtml">
            <p>This value set contains 3 concepts</p>
            <p style="border: black 1px dotted; background-color: #EEEEEE; padding: 8px; margin-bottom: 8px">Expansion based on 
              <a href="CodeSystem-bc-client-registry-address-validation-code-system.html">BC Client Registry Address Validation Status Code v1.0.0 (CodeSystem)</a>
            </p>
            <table class="codes">
              <tr>
                <td style="white-space:nowrap">
                  <b>Code</b>
                </td>
                <td>
                  <b>System</b>
                </td>
                <td>
                  <b>Display</b>
                </td>
                <td>
                  <b>Definition</b>
                </td>
              </tr>
              <tr>
                <td style="white-space:nowrap">
                  <a name="https---terminology.hlth.gov.bc.ca-ClientRegistry-CodeSystem-bc-client-registry-address-validation-code-system-valid"> </a>  
                  <a href="CodeSystem-bc-client-registry-address-validation-code-system.html#bc-client-registry-address-validation-code-system-valid">valid</a>
                </td>
                <td>https://terminology.hlth.gov.bc.ca/ClientRegistry/CodeSystem/bc-client-registry-address-validation-code-system</td>
                <td>valid</td>
                <td>
                  <div>
                    <p>The address is valid, i.e. there is a reasonable good chance this address is known to Canada Post.</p>

                  </div>
                </td>
              </tr>
              <tr>
                <td style="white-space:nowrap">
                  <a name="https---terminology.hlth.gov.bc.ca-ClientRegistry-CodeSystem-bc-client-registry-address-validation-code-system-invalid"> </a>  
                  <a href="CodeSystem-bc-client-registry-address-validation-code-system.html#bc-client-registry-address-validation-code-system-invalid">invalid</a>
                </td>
                <td>https://terminology.hlth.gov.bc.ca/ClientRegistry/CodeSystem/bc-client-registry-address-validation-code-system</td>
                <td>invalid</td>
                <td>
                  <div>
                    <p>The address validation status is invalid and like not recognized by Canada Post.</p>

                  </div>
                </td>
              </tr>
              <tr>
                <td style="white-space:nowrap">
                  <a name="https---terminology.hlth.gov.bc.ca-ClientRegistry-CodeSystem-bc-client-registry-address-validation-code-system-unknown"> </a>  
                  <a href="CodeSystem-bc-client-registry-address-validation-code-system.html#bc-client-registry-address-validation-code-system-unknown">unknown</a>
                </td>
                <td>https://terminology.hlth.gov.bc.ca/ClientRegistry/CodeSystem/bc-client-registry-address-validation-code-system</td>
                <td>unknown</td>
                <td>
                  <div>
                    <p>The address validation status is unknown.</p>

                  </div>
                </td>
              </tr>
            </table>
          </div>
        </text>
        <url value="https://terminology.hlth.gov.bc.ca/ClientRegistry/ValueSet/bc-address-validation-value-set"/>
        <version value="1.0.0"/>
        <name value="AddressValidationVS"/>
        <title value="BC Address Validation Value Set"/>
        <status value="active"/>
        <date value="2023-04-17T21:31:48+00:00"/>
        <publisher value="BC Ministry of Health"/>
        <contact>
          <name value="BC Ministry of Health"/>
          <telecom>
            <system value="url"/>
            <value value="https://www2.gov.bc.ca/gov/content/governments/organizational-structure/ministries-organizations/ministries/health"/>
          </telecom>
        </contact>
        <description value="BC Address Validation value set used to describe the validation status of an address"/>
        <jurisdiction>
          <coding>
            <system value="urn:iso:std:iso:3166"/>
            <code value="CA"/>
            <display value="Canada"/>
          </coding>
        </jurisdiction>
        <expansion>
          <identifier value="urn:uuid:2837ef29-bda0-49f8-bccc-493957ca71dc"/>
          <timestamp value="2023-04-17T21:32:43+00:00"/>
          <total value="3"/>
          <parameter>
            <name value="excludeNested"/>
            <valueBoolean value="false"/>
          </parameter>
          <parameter>
            <name value="version"/>
            <valueUri value="https://terminology.hlth.gov.bc.ca/ClientRegistry/CodeSystem/bc-client-registry-address-validation-code-system|1.0.0"/>
          </parameter>
          <contains>
            <system value="https://terminology.hlth.gov.bc.ca/ClientRegistry/CodeSystem/bc-client-registry-address-validation-code-system"/>
            <code value="valid"/>
            <display value="valid"/>
          </contains>
          <contains>
            <system value="https://terminology.hlth.gov.bc.ca/ClientRegistry/CodeSystem/bc-client-registry-address-validation-code-system"/>
            <code value="invalid"/>
            <display value="invalid"/>
          </contains>
          <contains>
            <system value="https://terminology.hlth.gov.bc.ca/ClientRegistry/CodeSystem/bc-client-registry-address-validation-code-system"/>
            <code value="unknown"/>
            <display value="unknown"/>
          </contains>
        </expansion>
      </ValueSet>
    </resource>
  </entry>
  <entry>
    <fullUrl value="https://terminology.hlth.gov.bc.ca/ClientRegistry/ValueSet/bc-contact-point-use-value-set"/>
    <resource>
      <ValueSet>
        <id value="bc-contact-point-use-value-set"/>
        <text>
          <status value="generated"/>
          <div xmlns="http://www.w3.org/1999/xhtml">
            <p>This value set contains 3 concepts</p>
            <div style="border: black 1px dotted; background-color: #EEEEEE; padding: 8px; margin-bottom: 8px">
              <p>Expansion based on: </p>
              <ul>
                <li>
                  <a href="http://hl7.org/fhir/R4/codesystem-contact-point-use.html">ContactPointUse v4.0.1 (CodeSystem)</a>
                </li>
                <li>
                  <a href="http://hl7.org/fhir/R4/valueset-contact-point-use.html">ContactPointUse v4.0.1 (ValueSet)</a>
                </li>
              </ul>
            </div>
            <table class="codes">
              <tr>
                <td style="white-space:nowrap">
                  <b>Code</b>
                </td>
                <td>
                  <b>System</b>
                </td>
                <td>
                  <b>Display</b>
                </td>
                <td>
                  <b>Definition</b>
                </td>
              </tr>
              <tr>
                <td style="white-space:nowrap">
                  <a name="http---hl7.org-fhir-contact-point-use-home"> </a>  
                  <a href="http://hl7.org/fhir/R4/codesystem-contact-point-use.html#contact-point-use-home">home</a>
                </td>
                <td>http://hl7.org/fhir/contact-point-use</td>
                <td>Home</td>
                <td>
                  <div>
                    <p>A communication contact point at a home; attempted contacts for business purposes might intrude privacy and chances are one will contact family or other household members instead of the person one wishes to call. Typically used with urgent cases, or if no other contacts are available.</p>

                  </div>
                </td>
              </tr>
              <tr>
                <td style="white-space:nowrap">
                  <a name="http---hl7.org-fhir-contact-point-use-work"> </a>  
                  <a href="http://hl7.org/fhir/R4/codesystem-contact-point-use.html#contact-point-use-work">work</a>
                </td>
                <td>http://hl7.org/fhir/contact-point-use</td>
                <td>Work</td>
                <td>
                  <div>
                    <p>An office contact point. First choice for business related contacts during business hours.</p>

                  </div>
                </td>
              </tr>
              <tr>
                <td style="white-space:nowrap">
                  <a name="http---hl7.org-fhir-contact-point-use-mobile"> </a>  
                  <a href="http://hl7.org/fhir/R4/codesystem-contact-point-use.html#contact-point-use-mobile">mobile</a>
                </td>
                <td>http://hl7.org/fhir/contact-point-use</td>
                <td>Mobile</td>
                <td>
                  <div>
                    <p>A telecommunication device that moves and stays with its owner. May have characteristics of all other use codes, suitable for urgent matters, not the first choice for routine business.</p>

                  </div>
                </td>
              </tr>
            </table>
          </div>
        </text>
        <url value="https://terminology.hlth.gov.bc.ca/ClientRegistry/ValueSet/bc-contact-point-use-value-set"/>
        <version value="1.0.0"/>
        <name value="ContactPointUseVS"/>
        <title value="BC Contact Point Use Value Set"/>
        <status value="active"/>
        <date value="2023-04-17T21:31:48+00:00"/>
        <publisher value="BC Ministry of Health"/>
        <contact>
          <name value="BC Ministry of Health"/>
          <telecom>
            <system value="url"/>
            <value value="https://www2.gov.bc.ca/gov/content/governments/organizational-structure/ministries-organizations/ministries/health"/>
          </telecom>
        </contact>
        <description value="BC Contact Point Use value set, sliced to meet BC constraints."/>
        <jurisdiction>
          <coding>
            <system value="urn:iso:std:iso:3166"/>
            <code value="CA"/>
            <display value="Canada"/>
          </coding>
        </jurisdiction>
        <expansion>
          <identifier value="urn:uuid:5cbf5906-bc0f-424c-a692-393b0640e2ea"/>
          <timestamp value="2023-04-17T21:32:43+00:00"/>
          <total value="3"/>
          <parameter>
            <name value="excludeNested"/>
            <valueBoolean value="false"/>
          </parameter>
          <parameter>
            <name value="version"/>
            <valueUri value="http://hl7.org/fhir/ValueSet/contact-point-use|4.0.1"/>
          </parameter>
          <parameter>
            <name value="version"/>
            <valueUri value="http://hl7.org/fhir/contact-point-use|4.0.1"/>
          </parameter>
          <contains>
            <system value="http://hl7.org/fhir/contact-point-use"/>
            <code value="home"/>
            <display value="Home"/>
          </contains>
          <contains>
            <system value="http://hl7.org/fhir/contact-point-use"/>
            <code value="work"/>
            <display value="Work"/>
          </contains>
          <contains>
            <system value="http://hl7.org/fhir/contact-point-use"/>
            <code value="mobile"/>
            <display value="Mobile"/>
          </contains>
        </expansion>
      </ValueSet>
    </resource>
  </entry>
  <entry>
    <fullUrl value="https://terminology.hlth.gov.bc.ca/ClientRegistry/ValueSet/bc-name-use-value-set"/>
    <resource>
      <ValueSet>
        <id value="bc-name-use-value-set"/>
        <text>
          <status value="generated"/>
          <div xmlns="http://www.w3.org/1999/xhtml">
            <p>This value set contains 3 concepts</p>
            <div style="border: black 1px dotted; background-color: #EEEEEE; padding: 8px; margin-bottom: 8px">
              <p>Expansion based on: </p>
              <ul>
                <li>
                  <a href="http://hl7.org/fhir/R4/codesystem-name-use.html">NameUse v4.0.1 (CodeSystem)</a>
                </li>
                <li>
                  <a href="http://hl7.org/fhir/R4/valueset-name-use.html">NameUse v4.0.1 (ValueSet)</a>
                </li>
              </ul>
            </div>
            <table class="codes">
              <tr>
                <td style="white-space:nowrap">
                  <b>Code</b>
                </td>
                <td>
                  <b>System</b>
                </td>
                <td>
                  <b>Display</b>
                </td>
                <td>
                  <b>Definition</b>
                </td>
              </tr>
              <tr>
                <td style="white-space:nowrap">
                  <a name="http---hl7.org-fhir-name-use-usual"> </a>  
                  <a href="http://hl7.org/fhir/R4/codesystem-name-use.html#name-use-usual">usual</a>
                </td>
                <td>http://hl7.org/fhir/name-use</td>
                <td>Usual</td>
                <td>
                  <div>
                    <p>Known as/conventional/the one you normally use.</p>

                  </div>
                </td>
              </tr>
              <tr>
                <td style="white-space:nowrap">
                  <a name="http---hl7.org-fhir-name-use-official"> </a>  
                  <a href="http://hl7.org/fhir/R4/codesystem-name-use.html#name-use-official">official</a>
                </td>
                <td>http://hl7.org/fhir/name-use</td>
                <td>Official</td>
                <td>
                  <div>
                    <p>The formal name as registered in an official (government) registry, but which name might not be commonly used. May be called &quot;legal name&quot;.</p>

                  </div>
                </td>
              </tr>
              <tr>
                <td style="white-space:nowrap">
                  <a name="http---hl7.org-fhir-name-use-nickname"> </a>  
                  <a href="http://hl7.org/fhir/R4/codesystem-name-use.html#name-use-nickname">nickname</a>
                </td>
                <td>http://hl7.org/fhir/name-use</td>
                <td>Nickname</td>
                <td>
                  <div>
                    <p>A name that is used to address the person in an informal manner, but is not part of their formal or usual name.</p>

                  </div>
                </td>
              </tr>
            </table>
          </div>
        </text>
        <url value="https://terminology.hlth.gov.bc.ca/ClientRegistry/ValueSet/bc-name-use-value-set"/>
        <version value="1.0.0"/>
        <name value="NameUseVS"/>
        <title value="BC Name Use value set."/>
        <status value="active"/>
        <date value="2023-04-17T21:31:48+00:00"/>
        <publisher value="BC Ministry of Health"/>
        <contact>
          <name value="BC Ministry of Health"/>
          <telecom>
            <system value="url"/>
            <value value="https://www2.gov.bc.ca/gov/content/governments/organizational-structure/ministries-organizations/ministries/health"/>
          </telecom>
        </contact>
        <description value="BC Name Use value set, sliced to meet BC constraints."/>
        <jurisdiction>
          <coding>
            <system value="urn:iso:std:iso:3166"/>
            <code value="CA"/>
            <display value="Canada"/>
          </coding>
        </jurisdiction>
        <expansion>
          <identifier value="urn:uuid:2dfd6c41-708d-4314-8962-42f5dcaa664e"/>
          <timestamp value="2023-04-17T21:32:48+00:00"/>
          <total value="3"/>
          <parameter>
            <name value="excludeNested"/>
            <valueBoolean value="false"/>
          </parameter>
          <parameter>
            <name value="version"/>
            <valueUri value="http://hl7.org/fhir/ValueSet/name-use|4.0.1"/>
          </parameter>
          <parameter>
            <name value="version"/>
            <valueUri value="http://hl7.org/fhir/name-use|4.0.1"/>
          </parameter>
          <contains>
            <system value="http://hl7.org/fhir/name-use"/>
            <code value="usual"/>
            <display value="Usual"/>
          </contains>
          <contains>
            <system value="http://hl7.org/fhir/name-use"/>
            <code value="official"/>
            <display value="Official"/>
          </contains>
          <contains>
            <system value="http://hl7.org/fhir/name-use"/>
            <code value="nickname"/>
            <display value="Nickname"/>
          </contains>
        </expansion>
      </ValueSet>
    </resource>
  </entry>
  <entry>
    <fullUrl value="https://terminology.hlth.gov.bc.ca/ClientRegistry/ValueSet/bc-client-registry-update-patient-operation-value-set"/>
    <resource>
      <ValueSet>
        <id value="bc-client-registry-update-patient-operation-value-set"/>
        <text>
          <status value="generated"/>
          <div xmlns="http://www.w3.org/1999/xhtml">
            <p>This value set contains 3 concepts</p>
            <p style="border: black 1px dotted; background-color: #EEEEEE; padding: 8px; margin-bottom: 8px">Expansion based on 
              <a href="CodeSystem-bc-client-registry-update-patient-operation-code-system.html">BC Code System Of Allowed Update Operations v1.0.0 (CodeSystem)</a>
            </p>
            <table class="codes">
              <tr>
                <td style="white-space:nowrap">
                  <b>Code</b>
                </td>
                <td>
                  <b>System</b>
                </td>
                <td>
                  <b>Display</b>
                </td>
                <td>
                  <b>Definition</b>
                </td>
              </tr>
              <tr>
                <td style="white-space:nowrap">
                  <a name="https---terminology.hlth.gov.bc.ca-ClientRegistry-CodeSystem-bc-client-registry-update-patient-operation-code-system-add"> </a>  
                  <a href="CodeSystem-bc-client-registry-update-patient-operation-code-system.html#bc-client-registry-update-patient-operation-code-system-add">add</a>
                </td>
                <td>https://terminology.hlth.gov.bc.ca/ClientRegistry/CodeSystem/bc-client-registry-update-patient-operation-code-system</td>
                <td>add</td>
                <td>
                  <div>
                    <p>This operation adds an attribute.</p>

                  </div>
                </td>
              </tr>
              <tr>
                <td style="white-space:nowrap">
                  <a name="https---terminology.hlth.gov.bc.ca-ClientRegistry-CodeSystem-bc-client-registry-update-patient-operation-code-system-delete"> </a>  
                  <a href="CodeSystem-bc-client-registry-update-patient-operation-code-system.html#bc-client-registry-update-patient-operation-code-system-delete">delete</a>
                </td>
                <td>https://terminology.hlth.gov.bc.ca/ClientRegistry/CodeSystem/bc-client-registry-update-patient-operation-code-system</td>
                <td>delete</td>
                <td>
                  <div>
                    <p>This operation deletes an existing attribute.</p>

                  </div>
                </td>
              </tr>
              <tr>
                <td style="white-space:nowrap">
                  <a name="https---terminology.hlth.gov.bc.ca-ClientRegistry-CodeSystem-bc-client-registry-update-patient-operation-code-system-replace"> </a>  
                  <a href="CodeSystem-bc-client-registry-update-patient-operation-code-system.html#bc-client-registry-update-patient-operation-code-system-replace">replace</a>
                </td>
                <td>https://terminology.hlth.gov.bc.ca/ClientRegistry/CodeSystem/bc-client-registry-update-patient-operation-code-system</td>
                <td>replace</td>
                <td>
                  <div>
                    <p>This operation replaces an existing attribute.</p>

                  </div>
                </td>
              </tr>
            </table>
          </div>
        </text>
        <url value="https://terminology.hlth.gov.bc.ca/ClientRegistry/ValueSet/bc-client-registry-update-patient-operation-value-set"/>
        <version value="1.0.0"/>
        <name value="UpdatePatientOperationVS"/>
        <title value="BC Update Patient Operation Value Set"/>
        <status value="active"/>
        <date value="2023-04-17T21:31:48+00:00"/>
        <publisher value="BC Ministry of Health"/>
        <contact>
          <name value="BC Ministry of Health"/>
          <telecom>
            <system value="url"/>
            <value value="https://www2.gov.bc.ca/gov/content/governments/organizational-structure/ministries-organizations/ministries/health"/>
          </telecom>
        </contact>
        <description value="A Value Set of allowed update operations."/>
        <jurisdiction>
          <coding>
            <system value="urn:iso:std:iso:3166"/>
            <code value="CA"/>
            <display value="Canada"/>
          </coding>
        </jurisdiction>
        <expansion>
          <identifier value="urn:uuid:701e6b6f-813a-457c-b8c6-eb0bd7b7e5b2"/>
          <timestamp value="2023-04-17T21:32:48+00:00"/>
          <total value="3"/>
          <parameter>
            <name value="excludeNested"/>
            <valueBoolean value="false"/>
          </parameter>
          <parameter>
            <name value="version"/>
            <valueUri value="https://terminology.hlth.gov.bc.ca/ClientRegistry/CodeSystem/bc-client-registry-update-patient-operation-code-system|1.0.0"/>
          </parameter>
          <contains>
            <system value="https://terminology.hlth.gov.bc.ca/ClientRegistry/CodeSystem/bc-client-registry-update-patient-operation-code-system"/>
            <code value="add"/>
            <display value="add"/>
          </contains>
          <contains>
            <system value="https://terminology.hlth.gov.bc.ca/ClientRegistry/CodeSystem/bc-client-registry-update-patient-operation-code-system"/>
            <code value="delete"/>
            <display value="delete"/>
          </contains>
          <contains>
            <system value="https://terminology.hlth.gov.bc.ca/ClientRegistry/CodeSystem/bc-client-registry-update-patient-operation-code-system"/>
            <code value="replace"/>
            <display value="replace"/>
          </contains>
        </expansion>
      </ValueSet>
    </resource>
  </entry>
</Bundle>