<?xml version="1.0" encoding="UTF-8"?>

<ImplementationGuide xmlns="http://hl7.org/fhir">
  <id value="fhir.ca-bc.client"/>
  <text>
    <status value="extensions"/><div xmlns="http://www.w3.org/1999/xhtml"><h2>BCHealthClientIdentityManagement</h2><p>The official URL for this implementation guide is: </p><pre>http://hlth.gov.bc.ca/fhir/client/ImplementationGuide/fhir.ca-bc.client</pre><div><p>FHIR Implementation Guide for BC MOH Client Registry</p>
</div></div>
  </text>
  <url value="http://hlth.gov.bc.ca/fhir/client/ImplementationGuide/fhir.ca-bc.client"/>
  <version value="0.1.0"/>
  <name value="BCHealthClientIdentityManagement"/>
  <title value="BC Client Registry FHIR Implementation Guide"/>
  <status value="draft"/>
  <date value="2022-07-26T20:32:00+00:00"/>
  <publisher value="BC Ministry of Health"/>
  <contact>
    <name value="BC Ministry of Health"/>
    <telecom>
      <system value="url"/>
      <value value="https://www2.gov.bc.ca/gov/content/governments/organizational-structure/ministries-organizations/ministries/health"/>
    </telecom>
  </contact>
  <description value="FHIR Implementation Guide for BC MOH Client Registry"/>
  <jurisdiction>
    <coding>
      <system value="urn:iso:std:iso:3166"/>
      <code value="CA"/>
      <display value="Canada"/>
    </coding>
  </jurisdiction>
  <packageId value="fhir.ca-bc.client"/>
  <license value="CC0-1.0"/>
  <fhirVersion value="4.0.1"/>
  <dependsOn id="hl7tx">
    <uri value="http://terminology.hl7.org/ImplementationGuide/hl7.terminology"/>
    <packageId value="hl7.terminology.r4"/>
    <version value="3.1.0"/>
  </dependsOn>
  <definition>
    <extension url="http://hl7.org/fhir/tools/StructureDefinition/ig-parameter">
      <extension url="code">
        <valueString value="copyrightyear"/>
      </extension>
      <extension url="value">
        <valueString value="2021+"/>
      </extension>
    </extension>
    <extension url="http://hl7.org/fhir/tools/StructureDefinition/ig-parameter">
      <extension url="code">
        <valueString value="releaselabel"/>
      </extension>
      <extension url="value">
        <valueString value="Build CI"/>
      </extension>
    </extension>
    <extension url="http://hl7.org/fhir/tools/StructureDefinition/ig-parameter">
      <extension url="code">
        <valueString value="path-liquid"/>
      </extension>
      <extension url="value">
        <valueString value="template/liquid"/>
      </extension>
    </extension>
    <extension url="http://hl7.org/fhir/tools/StructureDefinition/ig-parameter">
      <extension url="code">
        <valueString value="path-liquid"/>
      </extension>
      <extension url="value">
        <valueString value="input/liquid"/>
      </extension>
    </extension>
    <extension url="http://hl7.org/fhir/tools/StructureDefinition/ig-parameter">
      <extension url="code">
        <valueString value="path-qa"/>
      </extension>
      <extension url="value">
        <valueString value="temp/qa"/>
      </extension>
    </extension>
    <extension url="http://hl7.org/fhir/tools/StructureDefinition/ig-parameter">
      <extension url="code">
        <valueString value="path-temp"/>
      </extension>
      <extension url="value">
        <valueString value="temp/pages"/>
      </extension>
    </extension>
    <extension url="http://hl7.org/fhir/tools/StructureDefinition/ig-parameter">
      <extension url="code">
        <valueString value="path-output"/>
      </extension>
      <extension url="value">
        <valueString value="output"/>
      </extension>
    </extension>
    <extension url="http://hl7.org/fhir/tools/StructureDefinition/ig-parameter">
      <extension url="code">
        <valueString value="path-suppressed-warnings"/>
      </extension>
      <extension url="value">
        <valueString value="input/ignoreWarnings.txt"/>
      </extension>
    </extension>
    <extension url="http://hl7.org/fhir/tools/StructureDefinition/ig-parameter">
      <extension url="code">
        <valueString value="path-history"/>
      </extension>
      <extension url="value">
        <valueString value="http://hlth.gov.bc.ca/fhir/client/history.html"/>
      </extension>
    </extension>
    <extension url="http://hl7.org/fhir/tools/StructureDefinition/ig-parameter">
      <extension url="code">
        <valueString value="template-html"/>
      </extension>
      <extension url="value">
        <valueString value="template-page.html"/>
      </extension>
    </extension>
    <extension url="http://hl7.org/fhir/tools/StructureDefinition/ig-parameter">
      <extension url="code">
        <valueString value="template-md"/>
      </extension>
      <extension url="value">
        <valueString value="template-page-md.html"/>
      </extension>
    </extension>
    <extension url="http://hl7.org/fhir/tools/StructureDefinition/ig-parameter">
      <extension url="code">
        <valueString value="apply-contact"/>
      </extension>
      <extension url="value">
        <valueString value="true"/>
      </extension>
    </extension>
    <extension url="http://hl7.org/fhir/tools/StructureDefinition/ig-parameter">
      <extension url="code">
        <valueString value="apply-context"/>
      </extension>
      <extension url="value">
        <valueString value="true"/>
      </extension>
    </extension>
    <extension url="http://hl7.org/fhir/tools/StructureDefinition/ig-parameter">
      <extension url="code">
        <valueString value="apply-copyright"/>
      </extension>
      <extension url="value">
        <valueString value="true"/>
      </extension>
    </extension>
    <extension url="http://hl7.org/fhir/tools/StructureDefinition/ig-parameter">
      <extension url="code">
        <valueString value="apply-jurisdiction"/>
      </extension>
      <extension url="value">
        <valueString value="true"/>
      </extension>
    </extension>
    <extension url="http://hl7.org/fhir/tools/StructureDefinition/ig-parameter">
      <extension url="code">
        <valueString value="apply-license"/>
      </extension>
      <extension url="value">
        <valueString value="true"/>
      </extension>
    </extension>
    <extension url="http://hl7.org/fhir/tools/StructureDefinition/ig-parameter">
      <extension url="code">
        <valueString value="apply-publisher"/>
      </extension>
      <extension url="value">
        <valueString value="true"/>
      </extension>
    </extension>
    <extension url="http://hl7.org/fhir/tools/StructureDefinition/ig-parameter">
      <extension url="code">
        <valueString value="apply-version"/>
      </extension>
      <extension url="value">
        <valueString value="true"/>
      </extension>
    </extension>
    <extension url="http://hl7.org/fhir/tools/StructureDefinition/ig-parameter">
      <extension url="code">
        <valueString value="active-tables"/>
      </extension>
      <extension url="value">
        <valueString value="true"/>
      </extension>
    </extension>
    <extension url="http://hl7.org/fhir/tools/StructureDefinition/ig-parameter">
      <extension url="code">
        <valueString value="fmm-definition"/>
      </extension>
      <extension url="value">
        <valueString value="http://hl7.org/fhir/versions.html#maturity"/>
      </extension>
    </extension>
    <extension url="http://hl7.org/fhir/tools/StructureDefinition/ig-parameter">
      <extension url="code">
        <valueString value="propagate-status"/>
      </extension>
      <extension url="value">
        <valueString value="true"/>
      </extension>
    </extension>
    <extension url="http://hl7.org/fhir/tools/StructureDefinition/ig-parameter">
      <extension url="code">
        <valueString value="excludelogbinaryformat"/>
      </extension>
      <extension url="value">
        <valueString value="true"/>
      </extension>
    </extension>
    <grouping id="CapabilityStatement">
      <name value="Capability Statement"/>
      <description value="The Capability Statement for Client Registry"/>
    </grouping>
    <grouping id="Operations">
      <name value="Operation Definitions"/>
      <description value="The defined Operations"/>
    </grouping>
    <grouping id="PatientProfile">
      <name value="Patient Profile"/>
      <description value="The BC Patient profile"/>
    </grouping>
    <grouping id="SupportingProfiles">
      <name value="Supporting Profiles"/>
      <description value="Artifacts associated with resources that support Patient and Client Registry Operations"/>
    </grouping>
    <grouping id="RequestExamples">
      <name value="Request Examples"/>
      <description value="A set of operation request examples"/>
    </grouping>
    <grouping id="ResponseExamples">
      <name value="Response Examples"/>
      <description value="A set of operation response examples"/>
    </grouping>
    <resource>
      <extension url="http://hl7.org/fhir/tools/StructureDefinition/resource-information">
        <valueString value="StructureDefinition:resource"/>
      </extension>
      <reference>
        <reference value="StructureDefinition/bc-add-request-bundle"/>
      </reference>
      <name value="AddRequestBundle"/>
      <description value="A Bundle that is used in the Client Registry for Add Patient requests."/>
      <exampleBoolean value="false"/>
      <groupingId value="SupportingProfiles"/>
    </resource>
    <resource>
      <extension url="http://hl7.org/fhir/tools/StructureDefinition/resource-information">
        <valueString value="StructureDefinition:resource"/>
      </extension>
      <reference>
        <reference value="StructureDefinition/bc-add-response-bundle"/>
      </reference>
      <name value="AddResponseBundle"/>
      <description value="A Bundle that is used in the Client Registry response to Add Patient requests."/>
      <exampleBoolean value="false"/>
      <groupingId value="SupportingProfiles"/>
    </resource>
    <resource>
      <extension url="http://hl7.org/fhir/tools/StructureDefinition/resource-information">
        <valueString value="StructureDefinition:resource"/>
      </extension>
      <reference>
        <reference value="StructureDefinition/bc-patient"/>
      </reference>
      <name value="ClientRegistryPatient"/>
      <description value="General constraints on the Patient resource for use in the BC Client Registry project."/>
      <exampleBoolean value="false"/>
      <groupingId value="PatientProfile"/>
    </resource>
    <resource>
      <extension url="http://hl7.org/fhir/tools/StructureDefinition/resource-information">
        <valueString value="StructureDefinition:resource"/>
      </extension>
      <reference>
        <reference value="StructureDefinition/bc-find-candidates-request-bundle"/>
      </reference>
      <name value="FindCandidatesRequestBundle"/>
      <description value="A Bundle that is used in the Find Candidates Operation request."/>
      <exampleBoolean value="false"/>
      <groupingId value="SupportingProfiles"/>
    </resource>
    <resource>
      <extension url="http://hl7.org/fhir/tools/StructureDefinition/resource-information">
        <valueString value="StructureDefinition:resource"/>
      </extension>
      <reference>
        <reference value="StructureDefinition/bc-get-demographics-request-bundle"/>
      </reference>
      <name value="GetDemographicsRequestBundle"/>
      <description value="A Bundle that is used in the Get Demographics Operation request."/>
      <exampleBoolean value="false"/>
      <groupingId value="SupportingProfiles"/>
    </resource>
    <resource>
      <extension url="http://hl7.org/fhir/tools/StructureDefinition/resource-information">
        <valueString value="StructureDefinition:resource"/>
      </extension>
      <reference>
        <reference value="StructureDefinition/bc-merge-request-bundle"/>
      </reference>
      <name value="MergeRequestBundle"/>
      <description value="A Bundle that is used in the Client Registry for Add Patient requests."/>
      <exampleBoolean value="false"/>
      <groupingId value="SupportingProfiles"/>
    </resource>
    <resource>
      <extension url="http://hl7.org/fhir/tools/StructureDefinition/resource-information">
        <valueString value="StructureDefinition:resource"/>
      </extension>
      <reference>
        <reference value="StructureDefinition/bc-merge-response-bundle"/>
      </reference>
      <name value="MergeResponseBundle"/>
      <description value="A Bundle that is used in the Client Registry response to Merge Patient requests."/>
      <exampleBoolean value="false"/>
      <groupingId value="SupportingProfiles"/>
    </resource>
    <resource>
      <extension url="http://hl7.org/fhir/tools/StructureDefinition/resource-information">
        <valueString value="StructureDefinition:resource"/>
      </extension>
      <reference>
        <reference value="StructureDefinition/bc-metadata-parameters-in"/>
      </reference>
      <name value="MetadataParametersIn"/>
      <description value="Parameters profile for BC meta data - incoming messages."/>
      <exampleBoolean value="false"/>
      <groupingId value="SupportingProfiles"/>
    </resource>
    <resource>
      <extension url="http://hl7.org/fhir/tools/StructureDefinition/resource-information">
        <valueString value="StructureDefinition:resource"/>
      </extension>
      <reference>
        <reference value="StructureDefinition/bc-metadata-parameters-out"/>
      </reference>
      <name value="MetadataParametersOut"/>
      <description value="Parameters profile for BC meta data - outbound messages."/>
      <exampleBoolean value="false"/>
      <groupingId value="SupportingProfiles"/>
    </resource>
    <resource>
      <extension url="http://hl7.org/fhir/tools/StructureDefinition/resource-information">
        <valueString value="StructureDefinition:resource"/>
      </extension>
      <reference>
        <reference value="StructureDefinition/bc-patient-by-example"/>
      </reference>
      <name value="PatientByExample"/>
      <description value="General constraints on the Patient resource for use in the BC Client Registry project for queries."/>
      <exampleBoolean value="false"/>
      <groupingId value="PatientProfile"/>
    </resource>
    <resource>
      <extension url="http://hl7.org/fhir/tools/StructureDefinition/resource-information">
        <valueString value="StructureDefinition:resource"/>
      </extension>
      <reference>
        <reference value="StructureDefinition/bc-revise-request-bundle"/>
      </reference>
      <name value="ReviseRequestBundle"/>
      <description value="A Bundle that is used in the Client Registry for Revise Patient requests.  This is also used by Patient Notitifications."/>
      <exampleBoolean value="false"/>
      <groupingId value="SupportingProfiles"/>
    </resource>
    <resource>
      <extension url="http://hl7.org/fhir/tools/StructureDefinition/resource-information">
        <valueString value="StructureDefinition:resource"/>
      </extension>
      <reference>
        <reference value="StructureDefinition/bc-revise-response-bundle"/>
      </reference>
      <name value="ReviseResponseBundle"/>
      <description value="A Bundle that is used in the Client Registry response to Revise Patient requests."/>
      <exampleBoolean value="false"/>
      <groupingId value="SupportingProfiles"/>
    </resource>
    <resource>
      <extension url="http://hl7.org/fhir/tools/StructureDefinition/resource-information">
        <valueString value="StructureDefinition:resource"/>
      </extension>
      <reference>
        <reference value="StructureDefinition/bc-search-response-bundle"/>
      </reference>
      <name value="SearchResponseBundle"/>
      <description value="A Bundle that is used in the Client Registry response to Find Candidates and Get Demographics queries."/>
      <exampleBoolean value="false"/>
      <groupingId value="SupportingProfiles"/>
    </resource>
    <resource>
      <extension url="http://hl7.org/fhir/tools/StructureDefinition/resource-information">
        <valueString value="StructureDefinition:resource"/>
      </extension>
      <reference>
        <reference value="StructureDefinition/bc-search-withEligibility-response-bundle"/>
      </reference>
      <name value="SearchWithEligibilityResponseBundle"/>
      <description value="A Bundle that is used in the Client Registry response to Get Demographics with Eligibility queries."/>
      <exampleBoolean value="false"/>
      <groupingId value="SupportingProfiles"/>
    </resource>
    <resource>
      <extension url="http://hl7.org/fhir/tools/StructureDefinition/resource-information">
        <valueString value="StructureDefinition:resource"/>
      </extension>
      <reference>
        <reference value="StructureDefinition/bc-update-request-bundle"/>
      </reference>
      <name value="UpdateRequestBundle"/>
      <description value="A Bundle that is used in the Client Registry for Patient update requests."/>
      <exampleBoolean value="false"/>
      <groupingId value="SupportingProfiles"/>
    </resource>
    <resource>
      <extension url="http://hl7.org/fhir/tools/StructureDefinition/resource-information">
        <valueString value="StructureDefinition:extension"/>
      </extension>
      <reference>
        <reference value="StructureDefinition/bc-birthdate-history-extension"/>
      </reference>
      <name value="BC Birth Date History"/>
      <description value="This extension allows the Client Registry to include historical birth dates in a single Patient resource."/>
      <exampleBoolean value="false"/>
    </resource>
    <resource>
      <extension url="http://hl7.org/fhir/tools/StructureDefinition/resource-information">
        <valueString value="StructureDefinition:extension"/>
      </extension>
      <reference>
        <reference value="StructureDefinition/bc-business-period-extension"/>
      </reference>
      <name value="BC Business Dates"/>
      <description value="The effective dates for the parent element."/>
      <exampleBoolean value="false"/>
    </resource>
    <resource>
      <extension url="http://hl7.org/fhir/tools/StructureDefinition/resource-information">
        <valueString value="StructureDefinition:extension"/>
      </extension>
      <reference>
        <reference value="StructureDefinition/bc-death-date-history-extension"/>
      </reference>
      <name value="BC Death Date History"/>
      <description value="This extension allows the Client Registry to include historical death dates and flags in a single Patient resource."/>
      <exampleBoolean value="false"/>
    </resource>
    <resource>
      <extension url="http://hl7.org/fhir/tools/StructureDefinition/resource-information">
        <valueString value="StructureDefinition:extension"/>
      </extension>
      <reference>
        <reference value="StructureDefinition/bc-death-verified-flag-extension"/>
      </reference>
      <name value="BC Death Verified Flag"/>
      <description value="The Patients death is verified and as recorded in the Client Registry as a flag.  This also includes death verified flag history as required."/>
      <exampleBoolean value="false"/>
    </resource>
    <resource>
      <extension url="http://hl7.org/fhir/tools/StructureDefinition/resource-information">
        <valueString value="StructureDefinition:extension"/>
      </extension>
      <reference>
        <reference value="StructureDefinition/bc-death-verified-flag-history-extension"/>
      </reference>
      <name value="BC Death Verified Flag History"/>
      <description value="This extension allows the Client Registry to include historical death flags in a single Patient resource."/>
      <exampleBoolean value="false"/>
    </resource>
    <resource>
      <extension url="http://hl7.org/fhir/tools/StructureDefinition/resource-information">
        <valueString value="StructureDefinition:extension"/>
      </extension>
      <reference>
        <reference value="StructureDefinition/bc-gender-history-extension"/>
      </reference>
      <name value="BC Gender History"/>
      <description value="This extension allows the Client Registry to include historical gender codes in a single Patient resource."/>
      <exampleBoolean value="false"/>
    </resource>
    <resource>
      <extension url="http://hl7.org/fhir/tools/StructureDefinition/resource-information">
        <valueString value="StructureDefinition:extension"/>
      </extension>
      <reference>
        <reference value="StructureDefinition/bc-identifier-status-extension"/>
      </reference>
      <name value="BC Identifier Status"/>
      <description value="Identifier status."/>
      <exampleBoolean value="false"/>
    </resource>
    <resource>
      <extension url="http://hl7.org/fhir/tools/StructureDefinition/resource-information">
        <valueString value="StructureDefinition:extension"/>
      </extension>
      <reference>
        <reference value="StructureDefinition/bc-merge-status-extension"/>
      </reference>
      <name value="BC Merge Status Code"/>
      <description value="A code that represents the Merge status of the Patient."/>
      <exampleBoolean value="false"/>
    </resource>
    <resource>
      <extension url="http://hl7.org/fhir/tools/StructureDefinition/resource-information">
        <valueString value="StructureDefinition:extension"/>
      </extension>
      <reference>
        <reference value="StructureDefinition/bc-multiplebirth-history-extension"/>
      </reference>
      <name value="BC Multiple Birth History"/>
      <description value="This extension allows the Client Registry to include historical multiple birth values in a single Patient resource."/>
      <exampleBoolean value="false"/>
    </resource>
    <resource>
      <extension url="http://hl7.org/fhir/tools/StructureDefinition/resource-information">
        <valueString value="StructureDefinition:extension"/>
      </extension>
      <reference>
        <reference value="StructureDefinition/bc-sourceId-extension"/>
      </reference>
      <name value="BC SourceID and UserID"/>
      <description value="Identifiers for the source and user that modified the specific element that this extension is on."/>
      <exampleBoolean value="false"/>
    </resource>
    <resource>
      <extension url="http://hl7.org/fhir/tools/StructureDefinition/resource-information">
        <valueString value="StructureDefinition:extension"/>
      </extension>
      <reference>
        <reference value="StructureDefinition/bc-validation-status-extension"/>
      </reference>
      <name value="BC Address Validation Status Code"/>
      <description value="A code that represents the validation status of the address"/>
      <exampleBoolean value="false"/>
    </resource>
    <resource>
      <extension url="http://hl7.org/fhir/tools/StructureDefinition/resource-information">
        <valueString value="ValueSet"/>
      </extension>
      <reference>
        <reference value="ValueSet/bc-address-type-value-set"/>
      </reference>
      <name value="BC Address Type Value Set"/>
      <description value="BC Address Type value set, sliced to meet BC constraints."/>
      <exampleBoolean value="false"/>
    </resource>
    <resource>
      <extension url="http://hl7.org/fhir/tools/StructureDefinition/resource-information">
        <valueString value="ValueSet"/>
      </extension>
      <reference>
        <reference value="ValueSet/bc-address-validation-value-set"/>
      </reference>
      <name value="BC Address Validation Value Set"/>
      <description value="BC Address Validation value set used to describe the validation status of an address"/>
      <exampleBoolean value="false"/>
    </resource>
    <resource>
      <extension url="http://hl7.org/fhir/tools/StructureDefinition/resource-information">
        <valueString value="ValueSet"/>
      </extension>
      <reference>
        <reference value="ValueSet/bc-contact-point-system-value-set"/>
      </reference>
      <name value="BC Contact Point System Value Set"/>
      <description value="BC Contact Point System value set, sliced to meet BC constraints."/>
      <exampleBoolean value="false"/>
    </resource>
    <resource>
      <extension url="http://hl7.org/fhir/tools/StructureDefinition/resource-information">
        <valueString value="ValueSet"/>
      </extension>
      <reference>
        <reference value="ValueSet/bc-contact-point-use-value-set"/>
      </reference>
      <name value="BC Contact Point Use Value Set"/>
      <description value="BC Contact Point Use value set, sliced to meet BC constraints."/>
      <exampleBoolean value="false"/>
    </resource>
    <resource>
      <extension url="http://hl7.org/fhir/tools/StructureDefinition/resource-information">
        <valueString value="ValueSet"/>
      </extension>
      <reference>
        <reference value="ValueSet/bc-identifier-status-value-set"/>
      </reference>
      <name value="BC Identifier Status Value Set"/>
      <description value="BC Identifier Status value set used to describe the status of an identifier."/>
      <exampleBoolean value="false"/>
    </resource>
    <resource>
      <extension url="http://hl7.org/fhir/tools/StructureDefinition/resource-information">
        <valueString value="ValueSet"/>
      </extension>
      <reference>
        <reference value="ValueSet/bc-merge-status-value-set"/>
      </reference>
      <name value="BC Merge Status Value Set"/>
      <description value="BC Merge Status value set used to describe the merge status of a Patient."/>
      <exampleBoolean value="false"/>
    </resource>
    <resource>
      <extension url="http://hl7.org/fhir/tools/StructureDefinition/resource-information">
        <valueString value="ValueSet"/>
      </extension>
      <reference>
        <reference value="ValueSet/bc-name-use-value-set"/>
      </reference>
      <name value="BC Name Use value set."/>
      <description value="BC Name Use value set, sliced to meet BC constraints."/>
      <exampleBoolean value="false"/>
    </resource>
    <resource>
      <extension url="http://hl7.org/fhir/tools/StructureDefinition/resource-information">
        <valueString value="CodeSystem"/>
      </extension>
      <reference>
        <reference value="CodeSystem/bc-client-registry-address-validation-code-system"/>
      </reference>
      <name value="BC Client Registry Address Validation Status Code"/>
      <description value="Codes used to define the address validation status."/>
      <exampleBoolean value="false"/>
    </resource>
    <resource>
      <extension url="http://hl7.org/fhir/tools/StructureDefinition/resource-information">
        <valueString value="CodeSystem"/>
      </extension>
      <reference>
        <reference value="CodeSystem/bc-identifier-status-code-system"/>
      </reference>
      <name value="BC Client registry identifier status code system"/>
      <description value="BC Client registry identifier status code system."/>
      <exampleBoolean value="false"/>
    </resource>
    <resource>
      <extension url="http://hl7.org/fhir/tools/StructureDefinition/resource-information">
        <valueString value="CodeSystem"/>
      </extension>
      <reference>
        <reference value="CodeSystem/bc-client-registry-merge-status-code-system"/>
      </reference>
      <name value="BC Client Registry merge status."/>
      <description value="Codes used to describe the merge status."/>
      <exampleBoolean value="false"/>
    </resource>
    <resource>
      <extension url="http://hl7.org/fhir/tools/StructureDefinition/resource-information">
        <valueString value="CodeSystem"/>
      </extension>
      <reference>
        <reference value="CodeSystem/bc-operation-outcome-details-code-system"/>
      </reference>
      <name value="BC Client Registry Operation Outcome details code system"/>
      <description value="BC Client Registry Operation Outcome details code system"/>
      <exampleBoolean value="false"/>
    </resource>
    <resource>
      <extension url="http://hl7.org/fhir/tools/StructureDefinition/resource-information">
        <valueString value="Bundle"/>
      </extension>
      <reference>
        <reference value="Bundle/Bundle-AddPatient-Newborn-Request-Example"/>
      </reference>
      <name value="Bundle-AddPatient-Newborn-Request-Example"/>
      <description value="Example of $AddPatient operation for a newborn."/>
      <exampleCanonical value="http://hlth.gov.bc.ca/fhir/client/StructureDefinition/bc-add-request-bundle"/>
      <groupingId value="RequestExamples"/>
    </resource>
    <resource>
      <extension url="http://hl7.org/fhir/tools/StructureDefinition/resource-information">
        <valueString value="Bundle"/>
      </extension>
      <reference>
        <reference value="Bundle/Bundle-AddPatient-Request-Example"/>
      </reference>
      <name value="Bundle-AddPatient-Request-Example"/>
      <description value="Example of $AddPatient operation."/>
      <exampleCanonical value="http://hlth.gov.bc.ca/fhir/client/StructureDefinition/bc-add-request-bundle"/>
      <groupingId value="RequestExamples"/>
    </resource>
    <resource>
      <extension url="http://hl7.org/fhir/tools/StructureDefinition/resource-information">
        <valueString value="Bundle"/>
      </extension>
      <reference>
        <reference value="Bundle/Bundle-AddPatient-Response-Example"/>
      </reference>
      <name value="Bundle-AddPatient-Response-Example"/>
      <description value="A sample AddPatient Operation response."/>
      <exampleCanonical value="http://hlth.gov.bc.ca/fhir/client/StructureDefinition/bc-add-response-bundle"/>
      <groupingId value="ResponseExamples"/>
    </resource>
    <resource>
      <extension url="http://hl7.org/fhir/tools/StructureDefinition/resource-information">
        <valueString value="Bundle"/>
      </extension>
      <reference>
        <reference value="Bundle/Bundle-FindCandidates-Response-Example"/>
      </reference>
      <name value="Bundle-FindCandidates-Response-Example"/>
      <description value="Example of FindCandidates response Bundle.  Patient0 has PHN, alternate, SRI and SSRI identifier examples."/>
      <exampleCanonical value="http://hlth.gov.bc.ca/fhir/client/StructureDefinition/bc-search-response-bundle"/>
      <groupingId value="ResponseExamples"/>
    </resource>
    <resource>
      <extension url="http://hl7.org/fhir/tools/StructureDefinition/resource-information">
        <valueString value="Bundle"/>
      </extension>
      <reference>
        <reference value="Bundle/Bundle-FindCandidates-Response-MomsPHN-Example"/>
      </reference>
      <name value="Bundle-FindCandidates-Response-MomsPHN-Example"/>
      <description value="Example of FindCandidates with mother's PHN response Bundle."/>
      <exampleCanonical value="http://hlth.gov.bc.ca/fhir/client/StructureDefinition/bc-search-response-bundle"/>
      <groupingId value="ResponseExamples"/>
    </resource>
    <resource>
      <extension url="http://hl7.org/fhir/tools/StructureDefinition/resource-information">
        <valueString value="Bundle"/>
      </extension>
      <reference>
        <reference value="Bundle/Bundle-FindCandidates-UsingMomsPHN-Request-Example"/>
      </reference>
      <name value="Bundle-FindCandidates-UsingMomsPHN-Request-Example"/>
      <description value="Example of $FindCandidates operation with Mother's PHN."/>
      <exampleCanonical value="http://hlth.gov.bc.ca/fhir/client/StructureDefinition/bc-find-candidates-request-bundle"/>
      <groupingId value="RequestExamples"/>
    </resource>
    <resource>
      <extension url="http://hl7.org/fhir/tools/StructureDefinition/resource-information">
        <valueString value="Bundle"/>
      </extension>
      <reference>
        <reference value="Bundle/Bundle-FindCandidatesByExample-Request-Example"/>
      </reference>
      <name value="Bundle-FindCandidatesByExample-Request-Example"/>
      <description value="Example of $FindCandidates operation"/>
      <exampleCanonical value="http://hlth.gov.bc.ca/fhir/client/StructureDefinition/bc-find-candidates-request-bundle"/>
      <groupingId value="RequestExamples"/>
    </resource>
    <resource>
      <extension url="http://hl7.org/fhir/tools/StructureDefinition/resource-information">
        <valueString value="Bundle"/>
      </extension>
      <reference>
        <reference value="Bundle/Bundle-GetDemographics-Request-Example"/>
      </reference>
      <name value="Bundle-GetDemographics-Request-Example"/>
      <description value="Example of $GetDemographics operation"/>
      <exampleCanonical value="http://hlth.gov.bc.ca/fhir/client/StructureDefinition/bc-get-demographics-request-bundle"/>
      <groupingId value="RequestExamples"/>
    </resource>
    <resource>
      <extension url="http://hl7.org/fhir/tools/StructureDefinition/resource-information">
        <valueString value="Bundle"/>
      </extension>
      <reference>
        <reference value="Bundle/Bundle-GetDemographics-Response-Example"/>
      </reference>
      <name value="Bundle-GetDemographics-Response-Example"/>
      <description value="Example of $GetDemographics operation response Bundle"/>
      <exampleCanonical value="http://hlth.gov.bc.ca/fhir/client/StructureDefinition/bc-search-response-bundle"/>
      <groupingId value="ResponseExamples"/>
    </resource>
    <resource>
      <extension url="http://hl7.org/fhir/tools/StructureDefinition/resource-information">
        <valueString value="Bundle"/>
      </extension>
      <reference>
        <reference value="Bundle/Bundle-GetDemographicsWithEligibility-Response-Example"/>
      </reference>
      <name value="Bundle-GetDemographicsWithEligibility-Response-Example"/>
      <description value="Example of $GetDemographics.withEligibility operation response Bundle"/>
      <exampleCanonical value="http://hlth.gov.bc.ca/fhir/client/StructureDefinition/bc-search-response-bundle"/>
      <groupingId value="ResponseExamples"/>
    </resource>
    <resource>
      <extension url="http://hl7.org/fhir/tools/StructureDefinition/resource-information">
        <valueString value="Bundle"/>
      </extension>
      <reference>
        <reference value="Bundle/Bundle-MergePatient-Request-Example"/>
      </reference>
      <name value="Bundle-MergePatient-Request-Example"/>
      <description value="Example of $MergePatient operation."/>
      <exampleCanonical value="http://hlth.gov.bc.ca/fhir/client/StructureDefinition/bc-merge-request-bundle"/>
      <groupingId value="RequestExamples"/>
    </resource>
    <resource>
      <extension url="http://hl7.org/fhir/tools/StructureDefinition/resource-information">
        <valueString value="Bundle"/>
      </extension>
      <reference>
        <reference value="Bundle/Bundle-MergePatient-Response-Example"/>
      </reference>
      <name value="Bundle-MergePatient-Response-Example"/>
      <description value="A sample MergePatient Operation response."/>
      <exampleCanonical value="http://hlth.gov.bc.ca/fhir/client/StructureDefinition/bc-merge-response-bundle"/>
      <groupingId value="ResponseExamples"/>
    </resource>
    <resource>
      <extension url="http://hl7.org/fhir/tools/StructureDefinition/resource-information">
        <valueString value="Bundle"/>
      </extension>
      <reference>
        <reference value="Bundle/Bundle-RevisePatient-Request-Example"/>
      </reference>
      <name value="Bundle-RevisePatient-Request-Example"/>
      <description value="Example of $RevisePatient operation."/>
      <exampleCanonical value="http://hlth.gov.bc.ca/fhir/client/StructureDefinition/bc-revise-request-bundle"/>
      <groupingId value="RequestExamples"/>
    </resource>
    <resource>
      <extension url="http://hl7.org/fhir/tools/StructureDefinition/resource-information">
        <valueString value="Bundle"/>
      </extension>
      <reference>
        <reference value="Bundle/Bundle-RevisePatient-Response-Example"/>
      </reference>
      <name value="Bundle-RevisePatient-Response-Example"/>
      <description value="A sample RevisePatient Operation response."/>
      <exampleCanonical value="http://hlth.gov.bc.ca/fhir/client/StructureDefinition/bc-revise-response-bundle"/>
      <groupingId value="ResponseExamples"/>
    </resource>
    <resource>
      <extension url="http://hl7.org/fhir/tools/StructureDefinition/resource-information">
        <valueString value="Bundle"/>
      </extension>
      <reference>
        <reference value="Bundle/Bundle-UpdatePatient-Response-Example"/>
      </reference>
      <name value="Bundle-UpdatePatient-Response-Example"/>
      <description value="A sample UpdatePatient Operation response."/>
      <exampleCanonical value="http://hlth.gov.bc.ca/fhir/client/StructureDefinition/bc-revise-response-bundle"/>
      <groupingId value="ResponseExamples"/>
    </resource>
    <resource>
      <extension url="http://hl7.org/fhir/tools/StructureDefinition/resource-information">
        <valueString value="Coverage"/>
      </extension>
      <reference>
        <reference value="Coverage/Coverage-Active-Example"/>
      </reference>
      <name value="Coverage-Active-Example"/>
      <description value="Example of Get Eligibility response, the patient is eligible."/>
      <exampleBoolean value="true"/>
    </resource>
    <resource>
      <extension url="http://hl7.org/fhir/tools/StructureDefinition/resource-information">
        <valueString value="Coverage"/>
      </extension>
      <reference>
        <reference value="Coverage/Coverage-InActive-Example"/>
      </reference>
      <name value="Coverage-InActive-Example"/>
      <description value="Example of Get Eligibility response, the patient is not eligible."/>
      <exampleBoolean value="true"/>
    </resource>
    <resource>
      <extension url="http://hl7.org/fhir/tools/StructureDefinition/resource-information">
        <valueString value="RelatedPerson"/>
      </extension>
      <reference>
        <reference value="RelatedPerson/MothersPHN-RelatedPerson-ForFC"/>
      </reference>
      <name value="MothersPHN-RelatedPerson-ForFC"/>
      <description value="RelatedPerson, representing Mother, for Find Candidate Operation by mother's PHN"/>
      <exampleBoolean value="true"/>
    </resource>
    <resource>
      <extension url="http://hl7.org/fhir/tools/StructureDefinition/resource-information">
        <valueString value="OperationOutcome"/>
      </extension>
      <reference>
        <reference value="OperationOutcome/OperationOutcome-Example"/>
      </reference>
      <name value="OperationOutcome-Example"/>
      <description value="Example OperationOutcome for a Client Registry Add, Revise or Merge."/>
      <exampleBoolean value="true"/>
    </resource>
    <resource>
      <extension url="http://hl7.org/fhir/tools/StructureDefinition/resource-information">
        <valueString value="OperationOutcome"/>
      </extension>
      <reference>
        <reference value="OperationOutcome/OperationOutcome-Example-RP"/>
      </reference>
      <name value="OperationOutcome-Example-RP"/>
      <description value="Example OperationOutcome for a Client Registry Revise Patient."/>
      <exampleBoolean value="true"/>
    </resource>
    <resource>
      <extension url="http://hl7.org/fhir/tools/StructureDefinition/resource-information">
        <valueString value="OperationOutcome"/>
      </extension>
      <reference>
        <reference value="OperationOutcome/OperationOutcome-Search-Example"/>
      </reference>
      <name value="OperationOutcome-Search-Example"/>
      <description value="Example OperationOutcome for a Client Registry Search"/>
      <exampleBoolean value="true"/>
    </resource>
    <resource>
      <extension url="http://hl7.org/fhir/tools/StructureDefinition/resource-information">
        <valueString value="Parameters"/>
      </extension>
      <reference>
        <reference value="Parameters/Parameters-AddPatient-Example"/>
      </reference>
      <name value="Parameters-AddPatient-Example"/>
      <description value="Example of $AddPatient parameters."/>
      <exampleCanonical value="http://hlth.gov.bc.ca/fhir/client/StructureDefinition/bc-metadata-parameters-in"/>
    </resource>
    <resource>
      <extension url="http://hl7.org/fhir/tools/StructureDefinition/resource-information">
        <valueString value="Parameters"/>
      </extension>
      <reference>
        <reference value="Parameters/Parameters-AddPatient-Newborn-Example"/>
      </reference>
      <name value="Parameters-AddPatient-Newborn-Example"/>
      <description value="Example of $RevisePatient.Newborn operation where the Patient is a newborn."/>
      <exampleCanonical value="http://hlth.gov.bc.ca/fhir/client/StructureDefinition/bc-metadata-parameters-in"/>
    </resource>
    <resource>
      <extension url="http://hl7.org/fhir/tools/StructureDefinition/resource-information">
        <valueString value="Parameters"/>
      </extension>
      <reference>
        <reference value="Parameters/Parameters-AddPatient-Response-Example"/>
      </reference>
      <name value="Parameters-AddPatient-Response-Example"/>
      <description value="Example of Add response Metadata parameters"/>
      <exampleCanonical value="http://hlth.gov.bc.ca/fhir/client/StructureDefinition/bc-metadata-parameters-out"/>
    </resource>
    <resource>
      <extension url="http://hl7.org/fhir/tools/StructureDefinition/resource-information">
        <valueString value="Parameters"/>
      </extension>
      <reference>
        <reference value="Parameters/Parameters-DeletePatch-Example"/>
      </reference>
      <name value="Parameters-DeletePatch-Example"/>
      <description value="An example of a delete patch, which is used for a partial update of a Patient resource.  This example deletes a physical address."/>
      <exampleBoolean value="true"/>
    </resource>
    <resource>
      <extension url="http://hl7.org/fhir/tools/StructureDefinition/resource-information">
        <valueString value="Parameters"/>
      </extension>
      <reference>
        <reference value="Parameters/Parameters-FindCandidates-Example"/>
      </reference>
      <name value="Parameters-FindCandidates-Example"/>
      <description value="Example of $FindCandidates search parameters."/>
      <exampleCanonical value="http://hlth.gov.bc.ca/fhir/client/StructureDefinition/bc-metadata-parameters-in"/>
    </resource>
    <resource>
      <extension url="http://hl7.org/fhir/tools/StructureDefinition/resource-information">
        <valueString value="Parameters"/>
      </extension>
      <reference>
        <reference value="Parameters/Parameters-FindCandidates-Response-Example"/>
      </reference>
      <name value="Parameters-FindCandidates-Response-Example"/>
      <description value="Example of $FindCandidates response Metadata parameters"/>
      <exampleCanonical value="http://hlth.gov.bc.ca/fhir/client/StructureDefinition/bc-metadata-parameters-out"/>
    </resource>
    <resource>
      <extension url="http://hl7.org/fhir/tools/StructureDefinition/resource-information">
        <valueString value="Parameters"/>
      </extension>
      <reference>
        <reference value="Parameters/Parameters-GetDemographics-Example"/>
      </reference>
      <name value="Parameters-GetDemographics-Example"/>
      <description value="Example of $GetDemographics operation"/>
      <exampleCanonical value="http://hlth.gov.bc.ca/fhir/client/StructureDefinition/bc-metadata-parameters-in"/>
    </resource>
    <resource>
      <extension url="http://hl7.org/fhir/tools/StructureDefinition/resource-information">
        <valueString value="Parameters"/>
      </extension>
      <reference>
        <reference value="Parameters/Parameters-GetDemographics-IN-Example"/>
      </reference>
      <name value="Parameters-GetDemographics-IN-Example"/>
      <description value="Example of $GetDemographics operation, IN parameters"/>
      <exampleBoolean value="true"/>
    </resource>
    <resource>
      <extension url="http://hl7.org/fhir/tools/StructureDefinition/resource-information">
        <valueString value="Parameters"/>
      </extension>
      <reference>
        <reference value="Parameters/Parameters-GetDemographics-Response-Example"/>
      </reference>
      <name value="Parameters-GetDemographics-Response-Example"/>
      <description value="Example of $GetDemographics response Metadata parameters"/>
      <exampleCanonical value="http://hlth.gov.bc.ca/fhir/client/StructureDefinition/bc-metadata-parameters-out"/>
    </resource>
    <resource>
      <extension url="http://hl7.org/fhir/tools/StructureDefinition/resource-information">
        <valueString value="Parameters"/>
      </extension>
      <reference>
        <reference value="Parameters/Parameters-GetDemographicsWithEligibility-Example"/>
      </reference>
      <name value="Parameters-GetDemographicsWithEligibility-Example"/>
      <description value="Example of $GetDemographics.withEligibility operation"/>
      <exampleCanonical value="http://hlth.gov.bc.ca/fhir/client/StructureDefinition/bc-metadata-parameters-in"/>
    </resource>
    <resource>
      <extension url="http://hl7.org/fhir/tools/StructureDefinition/resource-information">
        <valueString value="Parameters"/>
      </extension>
      <reference>
        <reference value="Parameters/Parameters-GetDemographicsWithEligibility-Response-Example"/>
      </reference>
      <name value="Parameters-GetDemographicsWithEligibility-Response-Example"/>
      <description value="Example of $GetDemographics.withEligibility response Metadata parameters"/>
      <exampleCanonical value="http://hlth.gov.bc.ca/fhir/client/StructureDefinition/bc-metadata-parameters-out"/>
    </resource>
    <resource>
      <extension url="http://hl7.org/fhir/tools/StructureDefinition/resource-information">
        <valueString value="Parameters"/>
      </extension>
      <reference>
        <reference value="Parameters/Parameters-MergePatient-Response-Example"/>
      </reference>
      <name value="Parameters-MergePatient-Response-Example"/>
      <description value="Example of Merge response Metadata parameters"/>
      <exampleCanonical value="http://hlth.gov.bc.ca/fhir/client/StructureDefinition/bc-metadata-parameters-out"/>
    </resource>
    <resource>
      <extension url="http://hl7.org/fhir/tools/StructureDefinition/resource-information">
        <valueString value="Parameters"/>
      </extension>
      <reference>
        <reference value="Parameters/Parameters-MergePatient-TwoNonSurvivors-Example"/>
      </reference>
      <name value="Parameters-MergePatient-TwoNonSurvivors-Example"/>
      <description value="Example of $MergePatient operation."/>
      <exampleCanonical value="http://hlth.gov.bc.ca/fhir/client/StructureDefinition/bc-metadata-parameters-in"/>
    </resource>
    <resource>
      <extension url="http://hl7.org/fhir/tools/StructureDefinition/resource-information">
        <valueString value="Parameters"/>
      </extension>
      <reference>
        <reference value="Parameters/Parameters-RevisePatient-Example"/>
      </reference>
      <name value="Parameters-RevisePatient-Example"/>
      <description value="Example of $RevisePatient operation that updates an existing Patient"/>
      <exampleCanonical value="http://hlth.gov.bc.ca/fhir/client/StructureDefinition/bc-metadata-parameters-in"/>
    </resource>
    <resource>
      <extension url="http://hl7.org/fhir/tools/StructureDefinition/resource-information">
        <valueString value="Parameters"/>
      </extension>
      <reference>
        <reference value="Parameters/Parameters-RevisePatient-Response-Example"/>
      </reference>
      <name value="Parameters-RevisePatient-Response-Example"/>
      <description value="Example of Revise response Metadata parameters"/>
      <exampleCanonical value="http://hlth.gov.bc.ca/fhir/client/StructureDefinition/bc-metadata-parameters-out"/>
    </resource>
    <resource>
      <extension url="http://hl7.org/fhir/tools/StructureDefinition/resource-information">
        <valueString value="Parameters"/>
      </extension>
      <reference>
        <reference value="Parameters/Parameters-UpdatePatient-Example"/>
      </reference>
      <name value="Parameters-UpdatePatient-Example"/>
      <description value="Example of $RevisePatient operation that updates an existing Patient"/>
      <exampleCanonical value="http://hlth.gov.bc.ca/fhir/client/StructureDefinition/bc-metadata-parameters-in"/>
    </resource>
    <resource>
      <extension url="http://hl7.org/fhir/tools/StructureDefinition/resource-information">
        <valueString value="Parameters"/>
      </extension>
      <reference>
        <reference value="Parameters/Parameters-UpdatePatient-Response-Example"/>
      </reference>
      <name value="Parameters-UpdatePatient-Response-Example"/>
      <description value="Example of Update response Metadata parameters"/>
      <exampleCanonical value="http://hlth.gov.bc.ca/fhir/client/StructureDefinition/bc-metadata-parameters-out"/>
    </resource>
    <resource>
      <extension url="http://hl7.org/fhir/tools/StructureDefinition/resource-information">
        <valueString value="Patient"/>
      </extension>
      <reference>
        <reference value="Patient/Patient-0-Example"/>
      </reference>
      <name value="Patient-0-Example"/>
      <description value="Example of Patient for query response Bundle with 4 different kinds of identifiers: SRI-PHN, SRI, SSRI and alternative."/>
      <exampleCanonical value="http://hlth.gov.bc.ca/fhir/client/StructureDefinition/bc-patient"/>
    </resource>
    <resource>
      <extension url="http://hl7.org/fhir/tools/StructureDefinition/resource-information">
        <valueString value="Patient"/>
      </extension>
      <reference>
        <reference value="Patient/Patient-1-Example"/>
      </reference>
      <name value="Patient-1-Example"/>
      <description value="Example of Patient for query response Bundle"/>
      <exampleCanonical value="http://hlth.gov.bc.ca/fhir/client/StructureDefinition/bc-patient"/>
    </resource>
    <resource>
      <extension url="http://hl7.org/fhir/tools/StructureDefinition/resource-information">
        <valueString value="Patient"/>
      </extension>
      <reference>
        <reference value="Patient/Patient-2-Example"/>
      </reference>
      <name value="Patient-2-Example"/>
      <description value="Example of Patient for query response Bundle"/>
      <exampleCanonical value="http://hlth.gov.bc.ca/fhir/client/StructureDefinition/bc-patient"/>
    </resource>
    <resource>
      <extension url="http://hl7.org/fhir/tools/StructureDefinition/resource-information">
        <valueString value="Patient"/>
      </extension>
      <reference>
        <reference value="Patient/Patient-AddPatient-Example"/>
      </reference>
      <name value="Patient-AddPatient-Example"/>
      <description value="The Patient is completely new to the Client Registry, no identifiers."/>
      <exampleCanonical value="http://hlth.gov.bc.ca/fhir/client/StructureDefinition/bc-patient"/>
    </resource>
    <resource>
      <extension url="http://hl7.org/fhir/tools/StructureDefinition/resource-information">
        <valueString value="Patient"/>
      </extension>
      <reference>
        <reference value="Patient/Patient-AddPatient-Newborn-Example"/>
      </reference>
      <name value="Patient-AddPatient-Newborn-Example"/>
      <description value="The Patient is completely new to the Client Registry, no identifiers."/>
      <exampleCanonical value="http://hlth.gov.bc.ca/fhir/client/StructureDefinition/bc-patient"/>
    </resource>
    <resource>
      <extension url="http://hl7.org/fhir/tools/StructureDefinition/resource-information">
        <valueString value="Patient"/>
      </extension>
      <reference>
        <reference value="Patient/Patient-AddReviseOrMergePatient-Response-Example"/>
      </reference>
      <name value="Patient-AddReviseOrMergePatient-Response-Example"/>
      <description value="Example of Merge or Revise response Bundle with 4 different kinds of identifiers: SRI-PHN, SRI, SSRI and alternative."/>
      <exampleCanonical value="http://hlth.gov.bc.ca/fhir/client/StructureDefinition/bc-patient"/>
    </resource>
    <resource>
      <extension url="http://hl7.org/fhir/tools/StructureDefinition/resource-information">
        <valueString value="Patient"/>
      </extension>
      <reference>
        <reference value="Patient/Patient-BabyBoy-Example"/>
      </reference>
      <name value="Patient-BabyBoy-Example"/>
      <description value="Example of Patient newborn for query response Bundle"/>
      <exampleCanonical value="http://hlth.gov.bc.ca/fhir/client/StructureDefinition/bc-patient"/>
    </resource>
    <resource>
      <extension url="http://hl7.org/fhir/tools/StructureDefinition/resource-information">
        <valueString value="Patient"/>
      </extension>
      <reference>
        <reference value="Patient/Patient-BabyGirl-Example"/>
      </reference>
      <name value="Patient-BabyGirl-Example"/>
      <description value="Example of Patient newborn for query response Bundle"/>
      <exampleCanonical value="http://hlth.gov.bc.ca/fhir/client/StructureDefinition/bc-patient"/>
    </resource>
    <resource>
      <extension url="http://hl7.org/fhir/tools/StructureDefinition/resource-information">
        <valueString value="Patient"/>
      </extension>
      <reference>
        <reference value="Patient/Patient-By-Example-Example"/>
      </reference>
      <name value="Patient-By-Example-Example"/>
      <description value="An example of a Patient used for Find Candidates query."/>
      <exampleCanonical value="http://hlth.gov.bc.ca/fhir/client/StructureDefinition/bc-patient-by-example"/>
    </resource>
    <resource>
      <extension url="http://hl7.org/fhir/tools/StructureDefinition/resource-information">
        <valueString value="Patient"/>
      </extension>
      <reference>
        <reference value="Patient/Patient-By-Example-GD-Example"/>
      </reference>
      <name value="Patient-By-Example-GD-Example"/>
      <description value="An example of a Patient used for Get Demographics query."/>
      <exampleCanonical value="http://hlth.gov.bc.ca/fhir/client/StructureDefinition/bc-patient-by-example"/>
    </resource>
    <resource>
      <extension url="http://hl7.org/fhir/tools/StructureDefinition/resource-information">
        <valueString value="Patient"/>
      </extension>
      <reference>
        <reference value="Patient/Patient-GetDemographics-Example"/>
      </reference>
      <name value="Patient-GetDemographics-Example"/>
      <description value="Example of Patient for $GetDemographics operation response"/>
      <exampleCanonical value="http://hlth.gov.bc.ca/fhir/client/StructureDefinition/bc-patient"/>
    </resource>
    <resource>
      <extension url="http://hl7.org/fhir/tools/StructureDefinition/resource-information">
        <valueString value="Patient"/>
      </extension>
      <reference>
        <reference value="Patient/Patient-GetDemographics-withHistory-Example"/>
      </reference>
      <name value="Patient-GetDemographics-withHistory-Example"/>
      <description value="Example of Patient for $GetDemographics operation response"/>
      <exampleCanonical value="http://hlth.gov.bc.ca/fhir/client/StructureDefinition/bc-patient"/>
    </resource>
    <resource>
      <extension url="http://hl7.org/fhir/tools/StructureDefinition/resource-information">
        <valueString value="Patient"/>
      </extension>
      <reference>
        <reference value="Patient/Patient-Identifier-Examples"/>
      </reference>
      <name value="Patient-Identifier-Examples"/>
      <description value="An example of a Patient with descriptive Identifier."/>
      <exampleBoolean value="true"/>
    </resource>
    <resource>
      <extension url="http://hl7.org/fhir/tools/StructureDefinition/resource-information">
        <valueString value="Patient"/>
      </extension>
      <reference>
        <reference value="Patient/Patient-MergePatient-Example"/>
      </reference>
      <name value="Patient-MergePatient-Example"/>
      <description value="Example of a merge patient Patient"/>
      <exampleCanonical value="http://hlth.gov.bc.ca/fhir/client/StructureDefinition/bc-patient"/>
    </resource>
    <resource>
      <extension url="http://hl7.org/fhir/tools/StructureDefinition/resource-information">
        <valueString value="Patient"/>
      </extension>
      <reference>
        <reference value="Patient/Patient-Mother-Example"/>
      </reference>
      <name value="Patient-Mother-Example"/>
      <description value="Example of Patient for query response Bundle"/>
      <exampleCanonical value="http://hlth.gov.bc.ca/fhir/client/StructureDefinition/bc-patient"/>
    </resource>
    <resource>
      <extension url="http://hl7.org/fhir/tools/StructureDefinition/resource-information">
        <valueString value="Patient"/>
      </extension>
      <reference>
        <reference value="Patient/Patient-RevisePatient-Example"/>
      </reference>
      <name value="Patient-RevisePatient-Example"/>
      <description value="Patient example for a RevisePatient operation"/>
      <exampleCanonical value="http://hlth.gov.bc.ca/fhir/client/StructureDefinition/bc-patient"/>
    </resource>
    <resource>
      <extension url="http://hl7.org/fhir/tools/StructureDefinition/resource-information">
        <valueString value="RelatedPerson"/>
      </extension>
      <reference>
        <reference value="RelatedPerson/RelatedPerson-Mother-Example"/>
      </reference>
      <name value="RelatedPerson-Mother-Example"/>
      <description value="Example of related person's PHN as Identifier"/>
      <exampleBoolean value="true"/>
    </resource>
    <resource>
      <extension url="http://hl7.org/fhir/tools/StructureDefinition/resource-information">
        <valueString value="RelatedPerson"/>
      </extension>
      <reference>
        <reference value="RelatedPerson/RelatedPerson-MotherOfBabyBoy-Example"/>
      </reference>
      <name value="RelatedPerson-MotherOfBabyBoy-Example"/>
      <description value="Example of related person who is the mother"/>
      <exampleBoolean value="true"/>
    </resource>
    <resource>
      <extension url="http://hl7.org/fhir/tools/StructureDefinition/resource-information">
        <valueString value="RelatedPerson"/>
      </extension>
      <reference>
        <reference value="RelatedPerson/RelatedPerson-MotherOfBabyGirl-Example"/>
      </reference>
      <name value="RelatedPerson-MotherOfBabyGirl-Example"/>
      <description value="Example of related person who is the mother"/>
      <exampleBoolean value="true"/>
    </resource>
    <resource>
      <extension url="http://hl7.org/fhir/tools/StructureDefinition/resource-information">
        <valueString value="CapabilityStatement"/>
      </extension>
      <reference>
        <reference value="CapabilityStatement/bc-hcim-capability-statement-client"/>
      </reference>
      <name value="HCIMCapabilityStatementClient"/>
      <description value="This capability statement describes the use cases that are supported by the BC FHIR implementation of the Client Registry when it is acting as a client. I.e. sending notifications."/>
      <exampleBoolean value="true"/>
      <groupingId value="CapabilityStatement"/>
    </resource>
    <resource>
      <extension url="http://hl7.org/fhir/tools/StructureDefinition/resource-information">
        <valueString value="CapabilityStatement"/>
      </extension>
      <reference>
        <reference value="CapabilityStatement/bc-hcim-capability-statement-server"/>
      </reference>
      <name value="HCIMCapabilityStatementServer"/>
      <description value="This capability statement describes the use cases that are supported by the BC FHIR implementation of the Client Registry when it is acting as a server."/>
      <exampleBoolean value="true"/>
      <groupingId value="CapabilityStatement"/>
    </resource>
    <resource>
      <extension url="http://hl7.org/fhir/tools/StructureDefinition/resource-information">
        <valueString value="OperationDefinition"/>
      </extension>
      <reference>
        <reference value="OperationDefinition/bc-patient-add"/>
      </reference>
      <name value="AddPatient"/>
      <description value="This operation is used for newborns or to 'force create' a patient."/>
      <exampleBoolean value="false"/>
      <groupingId value="Operations"/>
    </resource>
    <resource>
      <extension url="http://hl7.org/fhir/tools/StructureDefinition/resource-information">
        <valueString value="OperationDefinition"/>
      </extension>
      <reference>
        <reference value="OperationDefinition/bc-patient-find-candidates"/>
      </reference>
      <name value="FindCandidates"/>
      <description value="This operation is used to query for a patient.  The response can contain 0 or more Patients."/>
      <exampleBoolean value="false"/>
      <groupingId value="Operations"/>
    </resource>
    <resource>
      <extension url="http://hl7.org/fhir/tools/StructureDefinition/resource-information">
        <valueString value="OperationDefinition"/>
      </extension>
      <reference>
        <reference value="OperationDefinition/bc-patient-get-demographics"/>
      </reference>
      <name value="GetDemographics"/>
      <description value="This operation is used to query for a patient.  The response can contain 0 or 1 Patient."/>
      <exampleBoolean value="false"/>
      <groupingId value="Operations"/>
    </resource>
    <resource>
      <extension url="http://hl7.org/fhir/tools/StructureDefinition/resource-information">
        <valueString value="OperationDefinition"/>
      </extension>
      <reference>
        <reference value="OperationDefinition/bc-patient-get-demographics-withEligibility"/>
      </reference>
      <name value="GetDemographics.withEligibility"/>
      <description value="This operation is used to query for a patient.  The response can contain 0 or 1 Patient and the insurance eligibility."/>
      <exampleBoolean value="false"/>
      <groupingId value="Operations"/>
    </resource>
    <resource>
      <extension url="http://hl7.org/fhir/tools/StructureDefinition/resource-information">
        <valueString value="OperationDefinition"/>
      </extension>
      <reference>
        <reference value="OperationDefinition/bc-patient-merge"/>
      </reference>
      <name value="MergePatient"/>
      <description value="This operation is used to merge patients."/>
      <exampleBoolean value="false"/>
      <groupingId value="Operations"/>
    </resource>
    <resource>
      <extension url="http://hl7.org/fhir/tools/StructureDefinition/resource-information">
        <valueString value="OperationDefinition"/>
      </extension>
      <reference>
        <reference value="OperationDefinition/bc-patient-notification"/>
      </reference>
      <name value="PatientNotification"/>
      <description value="This operation is used notify a user that a patient's record has changed."/>
      <exampleBoolean value="false"/>
      <groupingId value="Operations"/>
    </resource>
    <resource>
      <extension url="http://hl7.org/fhir/tools/StructureDefinition/resource-information">
        <valueString value="OperationDefinition"/>
      </extension>
      <reference>
        <reference value="OperationDefinition/bc-patient-revise"/>
      </reference>
      <name value="RevisePatient"/>
      <description value="This operation is used to revise a patient's demographics."/>
      <exampleBoolean value="false"/>
      <groupingId value="Operations"/>
    </resource>
    <resource>
      <extension url="http://hl7.org/fhir/tools/StructureDefinition/resource-information">
        <valueString value="OperationDefinition"/>
      </extension>
      <reference>
        <reference value="OperationDefinition/bc-patient-update"/>
      </reference>
      <name value="UpdatePatient"/>
      <description value="This operation is used to revise a patient's demographics, applied to only specific Patient attributes."/>
      <exampleBoolean value="false"/>
      <groupingId value="Operations"/>
    </resource>
    <page>
      <nameUrl value="toc.html"/>
      <title value="Table of Contents"/>
      <generation value="html"/>
      <page>
        <nameUrl value="index.html"/>
        <title value="Introduction"/>
        <generation value="markdown"/>
      </page>
      <page>
        <nameUrl value="overview.html"/>
        <title value="HCIM Overview"/>
        <generation value="markdown"/>
      </page>
      <page>
        <nameUrl value="v3Transition.html"/>
        <title value="Transition from V3 Provider to FHIR"/>
        <generation value="markdown"/>
      </page>
      <page>
        <nameUrl value="design.html"/>
        <title value="FHIR Design"/>
        <generation value="markdown"/>
      </page>
      <page>
        <nameUrl value="connectedPartner.html"/>
        <title value="Connected Partners"/>
        <generation value="markdown"/>
      </page>
      <page>
        <nameUrl value="terminology.html"/>
        <title value="Glossary"/>
        <generation value="markdown"/>
      </page>
      <page>
        <nameUrl value="credits.html"/>
        <title value="Credits"/>
        <generation value="markdown"/>
      </page>
      <page>
        <nameUrl value="search.html"/>
        <title value="Search Patient"/>
        <generation value="markdown"/>
      </page>
      <page>
        <nameUrl value="reviseAndMerge.html"/>
        <title value="Add, Revise and Merge Patient"/>
        <generation value="markdown"/>
      </page>
      <page>
        <nameUrl value="distributions.html"/>
        <title value="Patient Change Notification"/>
        <generation value="markdown"/>
      </page>
      <page>
        <nameUrl value="futurePlans.html"/>
        <title value="Future Plans"/>
        <generation value="markdown"/>
      </page>
      <page>
        <nameUrl value="identifiers.html"/>
        <title value="Identifiers"/>
        <generation value="markdown"/>
      </page>
      <page>
        <nameUrl value="absentData.html"/>
        <title value="Data Absent Reason"/>
        <generation value="markdown"/>
      </page>
      <page>
        <nameUrl value="capabilityStatement.html"/>
        <title value="Capability Statement"/>
        <generation value="markdown"/>
      </page>
    </page>
    <parameter>
      <code value="path-resource"/>
      <value value="input/capabilities"/>
    </parameter>
    <parameter>
      <code value="path-resource"/>
      <value value="input/examples"/>
    </parameter>
    <parameter>
      <code value="path-resource"/>
      <value value="input/extensions"/>
    </parameter>
    <parameter>
      <code value="path-resource"/>
      <value value="input/models"/>
    </parameter>
    <parameter>
      <code value="path-resource"/>
      <value value="input/operations"/>
    </parameter>
    <parameter>
      <code value="path-resource"/>
      <value value="input/profiles"/>
    </parameter>
    <parameter>
      <code value="path-resource"/>
      <value value="input/resources"/>
    </parameter>
    <parameter>
      <code value="path-resource"/>
      <value value="input/vocabulary"/>
    </parameter>
    <parameter>
      <code value="path-resource"/>
      <value value="input/maps"/>
    </parameter>
    <parameter>
      <code value="path-resource"/>
      <value value="input/testing"/>
    </parameter>
    <parameter>
      <code value="path-resource"/>
      <value value="input/history"/>
    </parameter>
    <parameter>
      <code value="path-resource"/>
      <value value="fsh-generated/resources"/>
    </parameter>
    <parameter>
      <code value="path-pages"/>
      <value value="template/config"/>
    </parameter>
    <parameter>
      <code value="path-pages"/>
      <value value="input/images"/>
    </parameter>
    <parameter>
      <code value="path-tx-cache"/>
      <value value="input-cache/txcache"/>
    </parameter>
  </definition>
</ImplementationGuide>