<?xml version="1.0" encoding="UTF-8"?>

<OperationDefinition xmlns="http://hl7.org/fhir">
  <id value="bc-patient-find-candidates"/>
  <text>
    <status value="extensions"/><div xmlns="http://www.w3.org/1999/xhtml"><h2>FindCandidatesByExample</h2><p>QUERY: FindCandidatesByExample</p><p>The official URL for this operation definition is: </p><pre>http://hl7.org/fhir/ca-bc/client/OperationDefinition/bc-patient-find-candidates</pre><p>URL: [base]/Patient/$FindCandidates</p><p>Input parameters Profile: <a href="StructureDefinition-bc-metadata-parameters.html">BCMetadataParameters</a></p><p>Parameters</p><table class="grid"><tr><td><b>Use</b></td><td><b>Name</b></td><td><b>Cardinality</b></td><td><b>Type</b></td><td><b>Binding</b></td><td><b>Documentation</b></td></tr><tr><td>IN</td><td>messageId</td><td>1..1</td><td><a href="http://hl7.org/fhir/R4/datatypes.html#string">string</a><br/>(<a href="http://hl7.org/fhir/R4/search.html#string">string</a>)</td><td/><td><div><p>Unique message ID.</p>
</div></td></tr><tr><td>IN</td><td>messageDateTime</td><td>1..1</td><td><a href="http://hl7.org/fhir/R4/datatypes.html#dateTime">dateTime</a></td><td/><td><div><p>Message date and time.</p>
</div></td></tr><tr><td>IN</td><td>sender</td><td>1..1</td><td><a href="http://hl7.org/fhir/R4/datatypes.html#Identifier">Identifier</a></td><td/><td><div><p>Message sender</p>
</div></td></tr><tr><td>IN</td><td>enterer</td><td>0..1</td><td><a href="http://hl7.org/fhir/R4/datatypes.html#Identifier">Identifier</a></td><td/><td><div><p>UserId of sender.</p>
</div></td></tr><tr><td>IN</td><td>patient</td><td>0..1</td><td><a href="http://hl7.org/fhir/R4/patient.html">Patient</a></td><td/><td><div><p>Patient resource.</p>
</div></td></tr><tr><td>IN</td><td>mothersPHN</td><td>0..1</td><td><a href="http://hl7.org/fhir/R4/datatypes.html#Identifier">Identifier</a></td><td/><td><div><p>Patient mother's PHN.</p>
</div></td></tr><tr><td>IN</td><td>identifiersOnly</td><td>0..1</td><td><a href="http://hl7.org/fhir/R4/datatypes.html#boolean">boolean</a></td><td/><td><div><p>Instruct the Client Registry to return Patient Identifiers only when true.  If not present, defaults to false.</p>
</div></td></tr></table></div>
  </text>
  <url value="http://hl7.org/fhir/ca-bc/client/OperationDefinition/bc-patient-find-candidates"/>
  <version value="0.1.0"/>
  <name value="FindCandidatesByExample"/>
  <title value="Find Candidates By Example"/>
  <status value="draft"/>
  <kind value="query"/>
  <date value="2022-03-25T22:02:43+00:00"/>
  <publisher value="BC Ministry of Health"/>
  <contact>
    <name value="BC Ministry of Health"/>
    <telecom>
      <system value="url"/>
      <value value="https://www2.gov.bc.ca/gov/content/governments/organizational-structure/ministries-organizations/ministries/health"/>
    </telecom>
  </contact>
  <jurisdiction>
    <coding>
      <system value="urn:iso:std:iso:3166"/>
      <code value="CA"/>
      <display value="Canada"/>
    </coding>
  </jurisdiction>
  <code value="FindCandidates"/>
  <resource value="Patient"/>
  <system value="false"/>
  <type value="true"/>
  <instance value="false"/>
  <inputProfile value="http://hlth.gov.bc.ca/fhir/client/StructureDefinition/bc-metadata-parameters"/>
  <parameter>
    <name value="messageId"/>
    <use value="in"/>
    <min value="1"/>
    <max value="1"/>
    <documentation value="Unique message ID."/>
    <type value="string"/>
    <searchType value="string"/>
  </parameter>
  <parameter>
    <name value="messageDateTime"/>
    <use value="in"/>
    <min value="1"/>
    <max value="1"/>
    <documentation value="Message date and time."/>
    <type value="dateTime"/>
  </parameter>
  <parameter>
    <name value="sender"/>
    <use value="in"/>
    <min value="1"/>
    <max value="1"/>
    <documentation value="Message sender"/>
    <type value="Identifier"/>
  </parameter>
  <parameter>
    <name value="enterer"/>
    <use value="in"/>
    <min value="0"/>
    <max value="1"/>
    <documentation value="UserId of sender."/>
    <type value="Identifier"/>
  </parameter>
  <parameter>
    <name value="patient"/>
    <use value="in"/>
    <min value="0"/>
    <max value="1"/>
    <documentation value="Patient resource."/>
    <type value="Patient"/>
  </parameter>
  <parameter>
    <name value="mothersPHN"/>
    <use value="in"/>
    <min value="0"/>
    <max value="1"/>
    <documentation value="Patient mother's PHN."/>
    <type value="Identifier"/>
  </parameter>
  <parameter>
    <name value="identifiersOnly"/>
    <use value="in"/>
    <min value="0"/>
    <max value="1"/>
    <documentation value="Instruct the Client Registry to return Patient Identifiers only when true.  If not present, defaults to false."/>
    <type value="boolean"/>
  </parameter>
</OperationDefinition>