<?xml version="1.0" encoding="UTF-8"?>

<OperationDefinition xmlns="http://hl7.org/fhir">
  <id value="bc-patient-revise"/>
  <text>
    <status value="extensions"/><div xmlns="http://www.w3.org/1999/xhtml"><h2>RevisePatient</h2><p>OPERATION: RevisePatient</p><p>The official URL for this operation definition is: </p><pre>http://hl7.org/fhir/ca-bc/client/OperationDefinition/bc-patient-revise</pre><p>URL: [base]/Patient/$RevisePatient</p><p>URL: [base]/Patient/[id]/$RevisePatient</p><p>Input parameters Profile: <a href="StructureDefinition-bc-patient-business-parameters.html">BCPatientBusinessParameters</a></p><p>Parameters</p><table class="grid"><tr><td><b>Use</b></td><td><b>Name</b></td><td><b>Cardinality</b></td><td><b>Type</b></td><td><b>Binding</b></td><td><b>Documentation</b></td></tr><tr><td>IN</td><td>messageId</td><td>1..1</td><td><a href="http://hl7.org/fhir/R4/datatypes.html#string">string</a><br/>(<a href="http://hl7.org/fhir/R4/search.html#string">string</a>)</td><td/><td><div><p>Unique message ID.</p>
</div></td></tr><tr><td>IN</td><td>messageDate</td><td>1..1</td><td><a href="http://hl7.org/fhir/R4/datatypes.html#string">string</a><br/>(<a href="http://hl7.org/fhir/R4/search.html#string">string</a>)</td><td/><td><div><p>Message date and time.</p>
</div></td></tr><tr><td>IN</td><td>patient</td><td>1..1</td><td><a href="http://hl7.org/fhir/R4/patient.html">Patient</a></td><td/><td><div><p>The Patient.</p>
</div></td></tr><tr><td>IN</td><td>enterer</td><td>0..1</td><td><a href="http://hl7.org/fhir/R4/datatypes.html#Identifier">Identifier</a></td><td/><td><div><p>UserId of sender.</p>
</div></td></tr><tr><td>IN</td><td>mothersPHN</td><td>0..1</td><td><a href="http://hl7.org/fhir/R4/relatedperson.html">RelatedPerson</a></td><td/><td><div><p>The newborn Patient mother's PHN in a RealtedPerson resource.</p>
</div></td></tr></table></div>
  </text>
  <url value="http://hl7.org/fhir/ca-bc/client/OperationDefinition/bc-patient-revise"/>
  <version value="0.1.0"/>
  <name value="RevisePatient"/>
  <title value="Revise Patient"/>
  <status value="draft"/>
  <kind value="operation"/>
  <date value="2021-11-29T18:20:37+00:00"/>
  <publisher value="BC Ministry of Health"/>
  <contact>
    <name value="BC Ministry of Health"/>
    <telecom>
      <system value="url"/>
      <value value="https://www2.gov.bc.ca/gov/content/governments/organizational-structure/ministries-organizations/ministries/health"/>
    </telecom>
  </contact>
  <jurisdiction>
    <coding>
      <system value="urn:iso:std:iso:3166"/>
      <code value="CA"/>
      <display value="Canada"/>
    </coding>
  </jurisdiction>
  <code value="RevisePatient"/>
  <resource value="Patient"/>
  <system value="false"/>
  <type value="true"/>
  <instance value="true"/>
  <inputProfile value="http://hlth.gov.bc.ca/fhir/client/StructureDefinition/bc-patient-business-parameters"/>
  <parameter>
    <name value="messageId"/>
    <use value="in"/>
    <min value="1"/>
    <max value="1"/>
    <documentation value="Unique message ID."/>
    <type value="string"/>
    <searchType value="string"/>
  </parameter>
  <parameter>
    <name value="messageDate"/>
    <use value="in"/>
    <min value="1"/>
    <max value="1"/>
    <documentation value="Message date and time."/>
    <type value="string"/>
    <searchType value="string"/>
  </parameter>
  <parameter>
    <name value="patient"/>
    <use value="in"/>
    <min value="1"/>
    <max value="1"/>
    <documentation value="The Patient."/>
    <type value="Patient"/>
  </parameter>
  <parameter>
    <name value="enterer"/>
    <use value="in"/>
    <min value="0"/>
    <max value="1"/>
    <documentation value="UserId of sender."/>
    <type value="Identifier"/>
  </parameter>
  <parameter>
    <name value="mothersPHN"/>
    <use value="in"/>
    <min value="0"/>
    <max value="1"/>
    <documentation value="The newborn Patient mother&#39;s PHN in a RealtedPerson resource."/>
    <type value="RelatedPerson"/>
  </parameter>
</OperationDefinition>