{
  "resourceType": "Parameters",
  "id": "GetDemographics",
  "meta": {
    "profile": [
      "http://hl7.org/fhir/ca-bc/client/StructureDefinition/bc-metadata-parameters"
    ]
  },
  "parameter": [
    {
      "name": "messageId",
      "valueString": "98028b44-882a-4c72-8c92-b87d916147e1"
    },
    {
      "name": "messageDateTime",
      "valueDateTime": "2015-02-07T13:28:17-08:00"
    },
    {
      "name": "sender",
      "valueIdentifier": {
        "system": "http://hl7.org/fhir/ca-bc/client/bc-org",
        "value": "VPP"
      }
    },
    {
      "name": "enterer",
      "valueIdentifier": {
        "system": "http://hl7.org/fhir/ca-bc/client/bc-userid",
        "value": "bob@me.com"
      }
    },
    {
      "name": "identifier",
      "valueIdentifier": {
        "type": {
          "coding": [
            {
              "system": "http://terminology.hl7.org/CodeSystem/v2-0203",
              "code": "JHN"
            }
          ]
        },
        "system": "http://hl7.org/fhir/ca-bc/client/bc-sri",
        "value": "912345892"
      }
    },
    {
      "name": "history",
      "valueBoolean": false
    }
  ]
}