<?xml version="1.0" encoding="UTF-8"?>

<Parameters xmlns="http://hl7.org/fhir">
  <id value="FindCandidates"/>
  <meta>
    <profile value="http://moh.fhir/bc-clientregistry/StructureDefinition/bc-metadata-parameters"/>
  </meta>
  <parameter>
    <name value="messageId"/>
    <valueString value="98028b44-882a-4c72-8c92-b87d916147e1"/>
  </parameter>
  <parameter>
    <name value="messageDateTime"/>
    <valueDateTime value="2015-02-07T13:28:17-08:00"/>
  </parameter>
  <parameter>
    <name value="sender"/>
    <valueIdentifier>
      <system value="http://hl7.org/fhir/bc-hcim/bc-org"/>
      <value value="VPP"/>
    </valueIdentifier>
  </parameter>
  <parameter>
    <name value="address"/>
    <valueAddress>
      <type value="postal"/>
      <line value="123 Any St"/>
      <line value="line 2"/>
      <line value="line 3"/>
      <line value="line 4"/>
      <city value="Victoria"/>
      <state value="BC"/>
      <postalCode value="V1V1V1"/>
      <country value="CA"/>
    </valueAddress>
  </parameter>
  <parameter>
    <name value="gender"/>
    <valueCode value="male"/>
  </parameter>
  <parameter>
    <name value="birthDate"/>
    <valueDate value="1959-12-30"/>
  </parameter>
  <parameter>
    <name value="deceased-date"/>
    <valueDateTime value="2005-05-05"/>
  </parameter>
  <parameter>
    <name value="name"/>
    <valueHumanName>
      <use value="official"/>
      <family value="Purple"/>
      <given value="Barney"/>
    </valueHumanName>
  </parameter>
  <parameter>
    <name value="telecom"/>
    <valueContactPoint>
      <system value="phone"/>
      <value value="1234567890"/>
      <use value="home"/>
    </valueContactPoint>
  </parameter>
  <parameter>
    <name value="identifiersOnly"/>
    <valueBoolean value="false"/>
  </parameter>
</Parameters>