<?xml version="1.0" encoding="UTF-8"?>

<Patient xmlns="http://hl7.org/fhir">
  <id value="Patient-GetDemographics-withHistory-Example"/>
  <meta>
    <profile value="http://hlth.gov.bc.ca/fhir/client/StructureDefinition/bc-patient"/>
  </meta>
  <text>
    <status value="extensions"/><div xmlns="http://www.w3.org/1999/xhtml"><p><b>Generated Narrative</b></p><div style="display: inline-block; background-color: #d9e0e7; padding: 6px; margin: 4px; border: 1px solid #8da1b4; border-radius: 5px; line-height: 60%"><p style="margin-bottom: 0px">Resource "Patient-GetDemographics-withHistory-Example" </p><p style="margin-bottom: 0px">Profile: <a href="StructureDefinition-bc-patient.html">BCPatient</a></p></div><blockquote><p><b>BC Patient Death Date</b></p><p><b>value</b>: 2021-10-12T00:00:00-08:00</p><p><b>value</b>: 2021-10-12T00:00:00-08:00 --&gt; (ongoing)</p></blockquote><p><b>identifier</b>: Jurisdictional health number: 9983652763</p><p><b>name</b>: JILLIAN DAWN THIRD NAME COOK-ADAMS , TILLIAN DUSK THIRD NAME COOK-ADAMS </p><p><b>telecom</b>: ph: 6048883322(HOME), ph: 6048883322(HOME)</p><p><b>gender</b>: female</p><p><b>birthDate</b>: 1972-10-16</p><p><b>deceased</b>: false</p><p><b>address</b>: </p><ul><li>321 SUNSHINE PL NEW LINE 2 NEW LINE 3 VANCOUVER BC </li><li>421 SUNSHINE PL NEW LINE 2 NEW LINE 3 VANCOUVER BC </li><li>521 CLOUDY RD NEW LINE 2 NEW LINE 3 VANCOUVER BC </li><li>1824 CROSS RD LINE 2 LINE 3 VANCOUVER BC V9L 4H2 </li></ul><p><b>multipleBirth</b>: true</p></div>
  </text>
  <extension url="http://hlth.gov.bc.ca/fhir/client/StructureDefinition/bc-death-date-extension">
    <extension url="deathDate">
      <valueDateTime value="2021-10-12T00:00:00-08:00"/>
    </extension>
    <extension url="http://hlth.gov.bc.ca/fhir/client/StructureDefinition/bc-business-period-extension">
      <valuePeriod>
        <start value="2021-10-12T00:00:00-08:00"/>
      </valuePeriod>
    </extension>
    <extension url="http://hlth.gov.bc.ca/fhir/client/StructureDefinition/bc-death-date-history-extension">
      <extension url="businessDates">
        <valuePeriod>
          <start value="2020-10-11T00:00:00-08:00"/>
          <end value="2021-10-12T00:00:00-08:00"/>
        </valuePeriod>
      </extension>
      <extension url="deathDate">
        <valueDateTime value="2020-10-11T00:00:00-08:00"/>
      </extension>
    </extension>
  </extension>
  <identifier>
    <type>
      <coding>
        <system value="http://terminology.hl7.org/CodeSystem/v2-0203"/>
        <code value="JHN"/>
      </coding>
    </type>
    <system value="http://hlth.gov.bc.ca/fhir/client/bc-sri"/>
    <value value="9983652763"/>
  </identifier>
  <name>
    <use value="usual"/>
    <family value="COOK-ADAMS"/>
    <given value="JILLIAN"/>
    <given value="DAWN"/>
    <given value="THIRD NAME"/>
    <period>
      <start value="2021-01-01"/>
    </period>
  </name>
  <name>
    <use value="usual"/>
    <family value="COOK-ADAMS"/>
    <given value="TILLIAN"/>
    <given value="DUSK"/>
    <given value="THIRD NAME"/>
    <period>
      <start value="2020-01-01T00:00:00-08:00"/>
      <end value="2021-01-01T00:00:00-08:00"/>
    </period>
  </name>
  <telecom>
    <system value="phone"/>
    <value value="6048883322"/>
    <use value="home"/>
    <period>
      <start value="2021-01-01T00:00:00-08:00"/>
    </period>
  </telecom>
  <telecom>
    <system value="phone"/>
    <value value="6048883322"/>
    <use value="home"/>
    <period>
      <start value="2019-01-01T00:00:00-08:00"/>
      <end value="2021-01-01T00:00:00-08:00"/>
    </period>
  </telecom>
  <gender value="female">
    <extension url="http://hlth.gov.bc.ca/fhir/client/StructureDefinition/bc-business-period-extension">
      <valuePeriod>
        <start value="2018-04-05T16:16:16-08:00"/>
      </valuePeriod>
    </extension>
    <extension url="http://hlth.gov.bc.ca/fhir/client/StructureDefinition/bc-gender-history-extension">
      <extension url="businessDates">
        <valuePeriod>
          <start value="2017-04-05T16:16:16-08:00"/>
          <end value="2018-04-05T16:16:16-08:00"/>
        </valuePeriod>
      </extension>
      <extension url="gender">
        <valueCode value="unknown"/>
      </extension>
    </extension>
  </gender>
  <birthDate value="1972-10-16">
    <extension url="http://hlth.gov.bc.ca/fhir/client/StructureDefinition/bc-business-period-extension">
      <valuePeriod>
        <start value="2020-03-17T00:00:00-08:00"/>
      </valuePeriod>
    </extension>
    <extension url="http://hlth.gov.bc.ca/fhir/client/StructureDefinition/bc-birthdate-history-extension">
      <extension url="businessDates">
        <valuePeriod>
          <start value="2018-03-17T00:00:00-08:00"/>
        </valuePeriod>
      </extension>
      <extension url="birthDate">
        <valueDate value="1972-11-16"/>
      </extension>
    </extension>
  </birthDate>
  <deceasedBoolean value="false">
    <extension url="http://hlth.gov.bc.ca/fhir/client/StructureDefinition/bc-death-flag-extension">
      <extension url="http://hlth.gov.bc.ca/fhir/client/StructureDefinition/bc-business-period-extension">
        <valuePeriod>
          <start value="2021-10-12T00:00:00-08:00"/>
        </valuePeriod>
      </extension>
      <extension url="http://hlth.gov.bc.ca/fhir/client/StructureDefinition/bc-death-flag-history-extension">
        <extension url="deathFlag">
          <valueBoolean value="true"/>
        </extension>
        <extension url="businessDates">
          <valuePeriod>
            <start value="2021-10-11T00:00:00-08:00"/>
            <end value="2021-10-12T00:00:00-08:00"/>
          </valuePeriod>
        </extension>
      </extension>
    </extension>
  </deceasedBoolean>
  <address>
    <type value="physical"/>
    <line value="321 SUNSHINE PL"/>
    <line value="NEW LINE 2"/>
    <line value="NEW LINE 3"/>
    <city value="VANCOUVER"/>
    <state value="BC"/>
    <period>
      <start value="2017-04-05T00:00:00-08:00"/>
      <end value="2018-04-05T00:00:00-08:00"/>
    </period>
  </address>
  <address>
    <type value="physical"/>
    <line value="421 SUNSHINE PL"/>
    <line value="NEW LINE 2"/>
    <line value="NEW LINE 3"/>
    <city value="VANCOUVER"/>
    <state value="BC"/>
    <period>
      <start value="2018-04-05T00:00:00-08:00"/>
      <end value="2019-04-05T00:00:00-08:00"/>
    </period>
  </address>
  <address>
    <type value="physical"/>
    <line value="521 CLOUDY RD"/>
    <line value="NEW LINE 2"/>
    <line value="NEW LINE 3"/>
    <city value="VANCOUVER"/>
    <state value="BC"/>
    <period>
      <start value="2019-04-05T00:00:00-08:00"/>
      <end value="2022-04-05T00:00:00-08:00"/>
    </period>
  </address>
  <address>
    <type value="postal"/>
    <line value="1824 CROSS RD"/>
    <line value="LINE 2"/>
    <line value="LINE 3"/>
    <city value="VANCOUVER"/>
    <state value="BC"/>
    <postalCode value="V9L 4H2"/>
  </address>
  <multipleBirthBoolean value="true">
    <extension url="http://hlth.gov.bc.ca/fhir/client/StructureDefinition/bc-business-period-extension">
      <valuePeriod>
        <start value="2021-04-01T00:00:00-08:00"/>
      </valuePeriod>
    </extension>
    <extension url="http://hlth.gov.bc.ca/fhir/client/StructureDefinition/bc-multiplebirth-history-extension">
      <extension url="businessDates">
        <valuePeriod>
          <start value="2018-03-17T03:29:17-08:00"/>
          <end value="2019-03-17T03:29:17-08:00"/>
        </valuePeriod>
      </extension>
      <extension url="multipleBirth">
        <valueBoolean value="true"/>
      </extension>
    </extension>
    <extension url="http://hlth.gov.bc.ca/fhir/client/StructureDefinition/bc-multiplebirth-history-extension">
      <extension url="businessDates">
        <valuePeriod>
          <start value="2019-03-17T03:29:17-08:00"/>
          <end value="2020-03-17T03:29:17-08:00"/>
        </valuePeriod>
      </extension>
      <extension url="multipleBirth">
        <valueBoolean value="false"/>
      </extension>
    </extension>
  </multipleBirthBoolean>
</Patient>