{
  "resourceType": "Patient",
  "id": "Patient-Identifier-Examples",
  "text": {
    "status": "generated",
    "div": "<div xmlns=\"http://www.w3.org/1999/xhtml\"><p><b>Jodi Jedi (OFFICIAL)</b> female, DoB: 1965-01-01 ( Jurisdictional health number: 9123456789 (OFFICIAL))</p></div>"
  },
  "identifier": [
    {
      "use": "official",
      "type": {
        "coding": [
          {
            "system": "http://terminology.hl7.org/CodeSystem/v2-0203",
            "code": "JHN"
          }
        ]
      },
      "system": "http://hlth.gov.bc.ca/fhir/client/id-issuer/BC",
      "value": "9123456789",
      "period": {
        "start": "2000-01-01T11:11:11+08:00"
      }
    },
    {
      "extension": [
        {
          "url": "http://hlth.gov.bc.ca/fhir/client/StructureDefinition/bc-identifier-status-extension",
          "valueCode": "active"
        }
      ],
      "use": "official",
      "type": {
        "coding": [
          {
            "system": "http://terminology.hl7.org/CodeSystem/v2-0203",
            "code": "AN"
          }
        ]
      },
      "system": "http://hlth.gov.bc.ca/fhir/client/id-issuer/SrcCode",
      "value": "abc123345654",
      "period": {
        "start": "2000-01-01T11:11:11+08:00"
      },
      "assigner": {
        "display": "ORG_SRC e.g. VPP_CER, IHA_IHA"
      }
    },
    {
      "extension": [
        {
          "url": "http://hlth.gov.bc.ca/fhir/client/StructureDefinition/bc-identifier-status-extension",
          "valueCode": "active"
        }
      ],
      "use": "secondary",
      "type": {
        "coding": [
          {
            "system": "http://terminology.hl7.org/CodeSystem/v2-0203",
            "code": "AN"
          }
        ]
      },
      "system": "http://hlth.gov.bc.ca/fhir/client/id-issuer/SrcCode",
      "value": "def123345654",
      "period": {
        "start": "2000-01-01T11:11:11+08:00"
      },
      "assigner": {
        "display": "ORG_SUBSRC e.g. FHA_CAC or VPP_CW"
      }
    },
    {
      "extension": [
        {
          "url": "http://hlth.gov.bc.ca/fhir/client/StructureDefinition/bc-identifier-status-extension",
          "valueCode": "active"
        }
      ],
      "use": "official",
      "type": {
        "coding": [
          {
            "system": "http://terminology.hl7.org/CodeSystem/v2-0203",
            "code": "JHN"
          }
        ]
      },
      "system": "http://hlth.gov.bc.ca/fhir/client/id-issuer/QC",
      "value": "9123345654",
      "period": {
        "start": "2000-01-01T11:11:11+08:00"
      }
    }
  ],
  "name": [
    {
      "use": "official",
      "family": "Jedi",
      "given": [
        "Jodi"
      ]
    }
  ],
  "gender": "female",
  "birthDate": "1965-01-01"
}