{
  "resourceType": "Patient",
  "id": "Patient-AddPatient-Example",
  "meta": {
    "profile": [
      "http://hlth.gov.bc.ca/fhir/client/StructureDefinition/bc-patient"
    ]
  },
  "text": {
    "status": "generated",
    "div": "<div xmlns=\"http://www.w3.org/1999/xhtml\"><p><b>PURPLE BARNEY </b> male, DoB: 1940-06-06</p></div>"
  },
  "name": [
    {
      "use": "usual",
      "family": "BARNEY",
      "given": [
        "PURPLE"
      ]
    }
  ],
  "telecom": [
    {
      "system": "phone",
      "value": "2505554848",
      "use": "home",
      "period": {
        "start": "2000-01-02T10:10:10-08:00"
      }
    },
    {
      "system": "email",
      "value": "fred321@gmail.com",
      "use": "home",
      "period": {
        "start": "2000-01-02T10:10:10-08:00"
      }
    }
  ],
  "gender": "male",
  "birthDate": "1940-06-06",
  "address": [
    {
      "extension": [
        {
          "url": "http://hlth.gov.bc.ca/fhir/client/StructureDefinition/bc-validation-status-extension",
          "valueCode": "valid"
        }
      ],
      "type": "physical",
      "line": [
        "721 FRONT ST"
      ],
      "city": "VICTORIA",
      "state": "BC",
      "postalCode": "V9A3Y3",
      "country": "CA"
    }
  ]
}