<?xml version="1.0" encoding="UTF-8"?>

<Patient xmlns="http://hl7.org/fhir">
  <id value="Patient-GetDemographics-Example"/>
  <meta>
    <profile value="http://hlth.gov.bc.ca/fhir/client/StructureDefinition/bc-patient"/>
  </meta>
  <text>
    <status value="generated"/><div xmlns="http://www.w3.org/1999/xhtml"><p><b>Generated Narrative</b></p><div style="display: inline-block; background-color: #d9e0e7; padding: 6px; margin: 4px; border: 1px solid #8da1b4; border-radius: 5px; line-height: 60%"><p style="margin-bottom: 0px">Resource "Patient-GetDemographics-Example" </p><p style="margin-bottom: 0px">Profile: <a href="StructureDefinition-bc-patient.html">BCPatient</a></p></div><p><b>identifier</b>: Jurisdictional health number: 9983652763</p><p><b>name</b>: JILLIAN DAWN THIRD NAME COOK-ADAMS </p><p><b>telecom</b>: ph: 6048883322(HOME)</p><p><b>gender</b>: female</p><p><b>birthDate</b>: 1972-10-16</p><p><b>address</b>: </p><ul><li>321 SUNSHINE PL NEW LINE 2 NEW LINE 3 VANCOUVER BC </li><li>1824 CROSS RD LINE 2 LINE 3 VANCOUVER BC V9L 4H2 </li></ul></div>
  </text>
  <identifier>
    <type>
      <coding>
        <system value="http://terminology.hl7.org/CodeSystem/v2-0203"/>
        <code value="JHN"/>
      </coding>
    </type>
    <system value="http://hlth.gov.bc.ca/fhir/client/bc-sri"/>
    <value value="9983652763"/>
  </identifier>
  <name>
    <use value="usual"/>
    <family value="COOK-ADAMS"/>
    <given value="JILLIAN"/>
    <given value="DAWN"/>
    <given value="THIRD NAME"/>
  </name>
  <telecom>
    <system value="phone"/>
    <value value="6048883322"/>
    <use value="home"/>
  </telecom>
  <gender value="female">
    <extension url="http://hlth.gov.bc.ca/fhir/client/StructureDefinition/bc-business-period-extension">
      <valuePeriod>
        <start value="2017-04-05T16:16:16-08:00"/>
      </valuePeriod>
    </extension>
  </gender>
  <birthDate value="1972-10-16">
    <extension url="http://hlth.gov.bc.ca/fhir/client/StructureDefinition/bc-business-period-extension">
      <valuePeriod>
        <start value="2018-03-17T03:29:17-08:00"/>
      </valuePeriod>
    </extension>
  </birthDate>
  <address>
    <type value="physical"/>
    <line value="321 SUNSHINE PL"/>
    <line value="NEW LINE 2"/>
    <line value="NEW LINE 3"/>
    <city value="VANCOUVER"/>
    <state value="BC"/>
  </address>
  <address>
    <type value="postal"/>
    <line value="1824 CROSS RD"/>
    <line value="LINE 2"/>
    <line value="LINE 3"/>
    <city value="VANCOUVER"/>
    <state value="BC"/>
    <postalCode value="V9L 4H2"/>
  </address>
</Patient>