<?xml version="1.0" encoding="UTF-8"?>

<Patient xmlns="http://hl7.org/fhir">
  <id value="Patient0Response"/>
  <meta>
    <profile value="http://hlth.gov.bc.ca/fhir/client/StructureDefinition/bc-patient"/>
  </meta>
  <text>
    <status value="extensions"/><div xmlns="http://www.w3.org/1999/xhtml"><p><b>Generated Narrative</b></p><div style="display: inline-block; background-color: #d9e0e7; padding: 6px; margin: 4px; border: 1px solid #8da1b4; border-radius: 5px; line-height: 60%"><p style="margin-bottom: 0px">Resource "Patient0Response" </p><p style="margin-bottom: 0px">Profile: <a href="StructureDefinition-bc-patient.html">BCPatient</a></p></div><p><b>BC Patient business dates</b>: Feb 7, 2019, 9:29:17 PM --&gt; (ongoing)</p><p><b>BC Patient Birth Date business date</b>: Oct 17, 2020, 11:29:17 AM --&gt; (ongoing)</p><p><b>BC Patient Gender business date</b>: 1973-05-18 --&gt; (ongoing)</p><p><b>identifier</b>: Jurisdictional health number: 9999999999, id: CER2234, id: VCHA234, id: 90348733a</p><p><b>name</b>: PURPLE BARNEY </p><p><b>telecom</b>: ph: 2505554848(HOME)</p><p><b>gender</b>: male</p><p><b>birthDate</b>: 1940-06-06</p><p><b>deceased</b>: false</p><p><b>address</b>: </p><ul><li>123 FRONT ST VICTORIA BC V6N2W2 CA </li><li>432 Douglas St Victoria BC V6N2R2 CA </li></ul></div>
  </text>
  <extension url="http://hlth.gov.bc.ca/fhir/client/StructureDefinition/bc-patient-business-dates-extension">
    <valuePeriod>
      <start value="2019-02-07T13:29:17-08:00"/>
    </valuePeriod>
  </extension>
  <extension url="http://hlth.gov.bc.ca/fhir/client/StructureDefinition/bc-birth-date-business-dates-extension">
    <valuePeriod>
      <start value="2020-10-17T03:29:17-08:00"/>
    </valuePeriod>
  </extension>
  <extension url="http://hlth.gov.bc.ca/fhir/client/StructureDefinition/bc-gender-business-dates-extension">
    <valuePeriod>
      <start value="1973-05-18"/>
    </valuePeriod>
  </extension>
  <identifier>
    <type>
      <coding>
        <system value="http://terminology.hl7.org/CodeSystem/v2-0203"/>
        <code value="JHN"/>
      </coding>
    </type>
    <system value="http://hlth.gov.bc.ca/fhir/client/bc-sri"/>
    <value value="9999999999"/>
  </identifier>
  <identifier>
    <system value="http://hlth.gov.bc.ca/fhir/client/bc-sri"/>
    <value value="CER2234"/>
    <assigner>
      <display value="VPP_CER"/>
    </assigner>
  </identifier>
  <identifier>
    <system value="http://hlth.gov.bc.ca/fhir/client/bc-ssri"/>
    <value value="VCHA234"/>
    <assigner>
      <display value="VPP_LION"/>
    </assigner>
  </identifier>
  <identifier>
    <system value="http://hlth.gov.bc.ca/fhir/client/bc-out-of-province-sri"/>
    <value value="90348733a"/>
    <assigner>
      <display value="MB"/>
    </assigner>
  </identifier>
  <name>
    <use value="usual"/>
    <family value="BARNEY"/>
    <given value="PURPLE"/>
  </name>
  <telecom>
    <system value="phone"/>
    <value value="2505554848"/>
    <use value="home"/>
  </telecom>
  <gender value="male"/>
  <birthDate value="1940-06-06"/>
  <deceasedBoolean value="false"/>
  <address>
    <extension url="http://hlth.gov.bc.ca/fhir/client/StructureDefinition/bc-address-validation-status-extension">
      <valueCode value="valid"/>
    </extension>
    <type value="physical"/>
    <line value="123 FRONT ST"/>
    <city value="VICTORIA"/>
    <state value="BC"/>
    <postalCode value="V6N2W2"/>
    <country value="CA"/>
  </address>
  <address>
    <extension url="http://hlth.gov.bc.ca/fhir/client/StructureDefinition/bc-address-validation-status-extension">
      <valueCode value="invalid"/>
    </extension>
    <type value="postal"/>
    <line value="432 Douglas St"/>
    <city value="Victoria"/>
    <state value="BC"/>
    <postalCode value="V6N2R2"/>
    <country value="CA"/>
  </address>
</Patient>