<?xml version="1.0" encoding="UTF-8"?>

<Patient xmlns="http://hl7.org/fhir">
  <id value="Patient-AddPatient-Newborn-Example"/>
  <meta>
    <profile value="http://hlth.gov.bc.ca/fhir/client/StructureDefinition/bc-patient"/>
  </meta>
  <text>
    <status value="generated"/><div xmlns="http://www.w3.org/1999/xhtml"><p><b>Generated Narrative</b></p><div style="display: inline-block; background-color: #d9e0e7; padding: 6px; margin: 4px; border: 1px solid #8da1b4; border-radius: 5px; line-height: 60%"><p style="margin-bottom: 0px">Resource "Patient-AddPatient-Newborn-Example" </p><p style="margin-bottom: 0px">Profile: <a href="StructureDefinition-bc-patient.html">BCPatient</a></p></div><p><b>identifier</b>: id: IHA2234</p><p><b>name</b>: Baby Girl Barness </p><p><b>telecom</b>: ph: 2505554848(HOME)</p><p><b>gender</b>: unknown</p><p><b>birthDate</b>: 2021-11-02</p><p><b>deceased</b>: false</p><p><b>address</b>: 222 First St Victoria BC V8W 3P9 CA </p></div>
  </text>
  <identifier>
    <system value="http://hlth.gov.bc.ca/fhir/client/bc-sri"/>
    <value value="IHA2234"/>
  </identifier>
  <name>
    <use value="usual"/>
    <family value="Barness"/>
    <given value="Baby Girl"/>
  </name>
  <telecom>
    <system value="phone"/>
    <value value="2505554848"/>
    <use value="home"/>
  </telecom>
  <gender value="unknown"/>
  <birthDate value="2021-11-02"/>
  <deceasedBoolean value="false"/>
  <address>
    <type value="physical"/>
    <line value="222 First St"/>
    <city value="Victoria"/>
    <state value="BC"/>
    <postalCode value="V8W 3P9"/>
    <country value="CA"/>
  </address>
</Patient>