<?xml version="1.0" encoding="UTF-8"?>

<Patient xmlns="http://hl7.org/fhir">
  <id value="Patient-MergePatient-Example"/>
  <meta>
    <profile value="http://hlth.gov.bc.ca/fhir/client/StructureDefinition/bc-patient"/>
  </meta>
  <text>
    <status value="extensions"/><div xmlns="http://www.w3.org/1999/xhtml"><p><b>Generated Narrative</b></p><div style="display: inline-block; background-color: #d9e0e7; padding: 6px; margin: 4px; border: 1px solid #8da1b4; border-radius: 5px; line-height: 60%"><p style="margin-bottom: 0px">Resource "Patient-MergePatient-Example" </p><p style="margin-bottom: 0px">Profile: <a href="StructureDefinition-bc-patient.html">BCPatient</a></p></div><p><b>identifier</b>: id: 876092N4</p><p><b>active</b>: true</p><p><b>name</b>: Darrel Dwayne Barker , Dan (OFFICIAL)</p><p><b>telecom</b>: ph: 2505559288(HOME)</p><p><b>gender</b>: male</p><p><b>birthDate</b>: 1966-10-01</p><p><b>address</b>: 3216 Peach St Victoria BC V8Z W3Y CA </p><blockquote><p><b>link</b></p><p><b>BC Merge Status Code</b>: cancelled</p><p><b>other</b>: <span></span></p><p><b>type</b>: replaces</p></blockquote><blockquote><p><b>link</b></p><p><b>BC Merge Status Code</b>: cancelled</p><p><b>other</b>: <span></span></p><p><b>type</b>: replaces</p></blockquote><blockquote><p><b>link</b></p><p><b>BC Merge Status Code</b>: obsolete</p><p><b>other</b>: <span></span></p><p><b>type</b>: replaces</p></blockquote><blockquote><p><b>link</b></p><p><b>BC Merge Status Code</b>: obsolete</p><p><b>other</b>: <span></span></p><p><b>type</b>: replaces</p></blockquote></div>
  </text>
  <identifier>
    <system value="http://hlth.gov.bc.ca/fhir/client/bc-sri"/>
    <value value="876092N4"/>
  </identifier>
  <active value="true"/>
  <name>
    <use value="usual"/>
    <family value="Barker"/>
    <given value="Darrel"/>
    <given value="Dwayne"/>
    <period>
      <start value="2012-12-07T16:35:00.000-07:00"/>
    </period>
  </name>
  <name>
    <use value="official"/>
    <given value="Dan"/>
  </name>
  <telecom>
    <system value="phone"/>
    <value value="2505559288"/>
    <use value="home"/>
  </telecom>
  <gender value="male"/>
  <birthDate value="1966-10-01"/>
  <address>
    <type value="postal"/>
    <line value="3216 Peach St"/>
    <city value="Victoria"/>
    <state value="BC"/>
    <postalCode value="V8Z W3Y"/>
    <country value="CA"/>
  </address>
  <link>
    <extension url="http://hlth.gov.bc.ca/fhir/client/StructureDefinition/bc-merge-status-extension">
      <valueCode value="cancelled"/>
    </extension>
    <other>
      <identifier>
        <system value="http://hlth.gov.bc.ca/fhir/client/bc-sri"/>
        <value value="203451T3"/>
      </identifier>
    </other>
    <type value="replaces"/>
  </link>
  <link>
    <extension url="http://hlth.gov.bc.ca/fhir/client/StructureDefinition/bc-merge-status-extension">
      <valueCode value="cancelled"/>
    </extension>
    <other>
      <identifier>
        <type>
          <coding>
            <system value="http://terminology.hl7.org/CodeSystem/v2-0203"/>
            <code value="JHN"/>
          </coding>
        </type>
        <system value="http://hlth.gov.bc.ca/fhir/client/bc-sri"/>
        <value value="9876345146"/>
      </identifier>
    </other>
    <type value="replaces"/>
  </link>
  <link>
    <extension url="http://hlth.gov.bc.ca/fhir/client/StructureDefinition/bc-merge-status-extension">
      <valueCode value="obsolete"/>
    </extension>
    <other>
      <identifier>
        <system value="http://hlth.gov.bc.ca/fhir/client/bc-sri"/>
        <value value="203451T3"/>
      </identifier>
    </other>
    <type value="replaces"/>
  </link>
  <link>
    <extension url="http://hlth.gov.bc.ca/fhir/client/StructureDefinition/bc-merge-status-extension">
      <valueCode value="obsolete"/>
    </extension>
    <other>
      <identifier>
        <type>
          <coding>
            <system value="http://terminology.hl7.org/CodeSystem/v2-0203"/>
            <code value="JHN"/>
          </coding>
        </type>
        <system value="http://hlth.gov.bc.ca/fhir/client/bc-sri"/>
        <value value="9876345146"/>
      </identifier>
    </other>
    <type value="replaces"/>
  </link>
</Patient>