{
  "package": "fhir.ca-bc.client",
  "version": "0.1.0",
  "fhirVersion": "4.0.1",
  "jurisdiction": "CA",
  "extensions": [
    {
      "url": "http://hlth.gov.bc.ca/fhir/client/StructureDefinition/bc-birthdate-history-extension",
      "title": "BC Birth Date History",
      "types": [
        "date",
        "base64Binary",
        "boolean",
        "canonical",
        "code",
        "date",
        "dateTime",
        "decimal",
        "id",
        "instant",
        "integer",
        "markdown",
        "oid",
        "positiveInt",
        "string",
        "time",
        "unsignedInt",
        "uri",
        "url",
        "uuid",
        "Address",
        "Age",
        "Annotation",
        "Attachment",
        "CodeableConcept",
        "Coding",
        "ContactPoint",
        "Count",
        "Distance",
        "Duration",
        "HumanName",
        "Identifier",
        "Money",
        "Period",
        "Quantity",
        "Range",
        "Ratio",
        "Reference",
        "SampledData",
        "Signature",
        "Timing",
        "ContactDetail",
        "Contributor",
        "DataRequirement",
        "Expression",
        "ParameterDefinition",
        "RelatedArtifact",
        "TriggerDefinition",
        "UsageContext",
        "Dosage",
        "Meta"
      ]
    },
    {
      "url": "http://hlth.gov.bc.ca/fhir/client/StructureDefinition/bc-business-period-extension",
      "title": "BC Business Dates",
      "types": [
        "Period"
      ]
    },
    {
      "url": "http://hlth.gov.bc.ca/fhir/client/StructureDefinition/bc-death-date-history-extension",
      "title": "BC Death Date History",
      "types": [
        "date",
        "base64Binary",
        "boolean",
        "canonical",
        "code",
        "date",
        "dateTime",
        "decimal",
        "id",
        "instant",
        "integer",
        "markdown",
        "oid",
        "positiveInt",
        "string",
        "time",
        "unsignedInt",
        "uri",
        "url",
        "uuid",
        "Address",
        "Age",
        "Annotation",
        "Attachment",
        "CodeableConcept",
        "Coding",
        "ContactPoint",
        "Count",
        "Distance",
        "Duration",
        "HumanName",
        "Identifier",
        "Money",
        "Period",
        "Quantity",
        "Range",
        "Ratio",
        "Reference",
        "SampledData",
        "Signature",
        "Timing",
        "ContactDetail",
        "Contributor",
        "DataRequirement",
        "Expression",
        "ParameterDefinition",
        "RelatedArtifact",
        "TriggerDefinition",
        "UsageContext",
        "Dosage",
        "Meta"
      ]
    },
    {
      "url": "http://hlth.gov.bc.ca/fhir/client/StructureDefinition/bc-death-verified-flag-extension",
      "title": "BC Death Verified Flag",
      "types": [
        "boolean",
        "base64Binary",
        "boolean",
        "canonical",
        "code",
        "date",
        "dateTime",
        "decimal",
        "id",
        "instant",
        "integer",
        "markdown",
        "oid",
        "positiveInt",
        "string",
        "time",
        "unsignedInt",
        "uri",
        "url",
        "uuid",
        "Address",
        "Age",
        "Annotation",
        "Attachment",
        "CodeableConcept",
        "Coding",
        "ContactPoint",
        "Count",
        "Distance",
        "Duration",
        "HumanName",
        "Identifier",
        "Money",
        "Period",
        "Quantity",
        "Range",
        "Ratio",
        "Reference",
        "SampledData",
        "Signature",
        "Timing",
        "ContactDetail",
        "Contributor",
        "DataRequirement",
        "Expression",
        "ParameterDefinition",
        "RelatedArtifact",
        "TriggerDefinition",
        "UsageContext",
        "Dosage",
        "Meta"
      ]
    },
    {
      "url": "http://hlth.gov.bc.ca/fhir/client/StructureDefinition/bc-death-verified-flag-history-extension",
      "title": "BC Death Verified Flag History",
      "types": [
        "boolean",
        "base64Binary",
        "boolean",
        "canonical",
        "code",
        "date",
        "dateTime",
        "decimal",
        "id",
        "instant",
        "integer",
        "markdown",
        "oid",
        "positiveInt",
        "string",
        "time",
        "unsignedInt",
        "uri",
        "url",
        "uuid",
        "Address",
        "Age",
        "Annotation",
        "Attachment",
        "CodeableConcept",
        "Coding",
        "ContactPoint",
        "Count",
        "Distance",
        "Duration",
        "HumanName",
        "Identifier",
        "Money",
        "Period",
        "Quantity",
        "Range",
        "Ratio",
        "Reference",
        "SampledData",
        "Signature",
        "Timing",
        "ContactDetail",
        "Contributor",
        "DataRequirement",
        "Expression",
        "ParameterDefinition",
        "RelatedArtifact",
        "TriggerDefinition",
        "UsageContext",
        "Dosage",
        "Meta"
      ]
    },
    {
      "url": "http://hlth.gov.bc.ca/fhir/client/StructureDefinition/bc-gender-history-extension",
      "title": "BC Gender History",
      "types": [
        "code",
        "code",
        "base64Binary",
        "boolean",
        "canonical",
        "code",
        "date",
        "dateTime",
        "decimal",
        "id",
        "instant",
        "integer",
        "markdown",
        "oid",
        "positiveInt",
        "string",
        "time",
        "unsignedInt",
        "uri",
        "url",
        "uuid",
        "Address",
        "Age",
        "Annotation",
        "Attachment",
        "CodeableConcept",
        "Coding",
        "ContactPoint",
        "Count",
        "Distance",
        "Duration",
        "HumanName",
        "Identifier",
        "Money",
        "Period",
        "Quantity",
        "Range",
        "Ratio",
        "Reference",
        "SampledData",
        "Signature",
        "Timing",
        "ContactDetail",
        "Contributor",
        "DataRequirement",
        "Expression",
        "ParameterDefinition",
        "RelatedArtifact",
        "TriggerDefinition",
        "UsageContext",
        "Dosage",
        "Meta"
      ]
    },
    {
      "url": "http://hlth.gov.bc.ca/fhir/client/StructureDefinition/bc-gender-identity-extension",
      "title": "BC Gender Identity with business dates.",
      "types": [
        "base64Binary",
        "boolean",
        "canonical",
        "code",
        "date",
        "dateTime",
        "decimal",
        "id",
        "instant",
        "integer",
        "markdown",
        "oid",
        "positiveInt",
        "string",
        "time",
        "unsignedInt",
        "uri",
        "url",
        "uuid",
        "Address",
        "Age",
        "Annotation",
        "Attachment",
        "CodeableConcept",
        "Coding",
        "ContactPoint",
        "Count",
        "Distance",
        "Duration",
        "HumanName",
        "Identifier",
        "Money",
        "Period",
        "Quantity",
        "Range",
        "Ratio",
        "Reference",
        "SampledData",
        "Signature",
        "Timing",
        "ContactDetail",
        "Contributor",
        "DataRequirement",
        "Expression",
        "ParameterDefinition",
        "RelatedArtifact",
        "TriggerDefinition",
        "UsageContext",
        "Dosage",
        "Meta"
      ]
    },
    {
      "url": "http://hlth.gov.bc.ca/fhir/client/StructureDefinition/bc-identifier-status-extension",
      "title": "BC Identifier Status",
      "types": [
        "code",
        "code"
      ]
    },
    {
      "url": "http://hlth.gov.bc.ca/fhir/client/StructureDefinition/bc-merge-status-extension",
      "title": "BC Merge Status Code",
      "types": [
        "code",
        "code"
      ]
    },
    {
      "url": "http://hlth.gov.bc.ca/fhir/client/StructureDefinition/bc-multiplebirth-history-extension",
      "title": "BC Multiple Birth History",
      "types": [
        "boolean",
        "integer",
        "base64Binary",
        "boolean",
        "canonical",
        "code",
        "date",
        "dateTime",
        "decimal",
        "id",
        "instant",
        "integer",
        "markdown",
        "oid",
        "positiveInt",
        "string",
        "time",
        "unsignedInt",
        "uri",
        "url",
        "uuid",
        "Address",
        "Age",
        "Annotation",
        "Attachment",
        "CodeableConcept",
        "Coding",
        "ContactPoint",
        "Count",
        "Distance",
        "Duration",
        "HumanName",
        "Identifier",
        "Money",
        "Period",
        "Quantity",
        "Range",
        "Ratio",
        "Reference",
        "SampledData",
        "Signature",
        "Timing",
        "ContactDetail",
        "Contributor",
        "DataRequirement",
        "Expression",
        "ParameterDefinition",
        "RelatedArtifact",
        "TriggerDefinition",
        "UsageContext",
        "Dosage",
        "Meta"
      ]
    },
    {
      "url": "http://hlth.gov.bc.ca/fhir/client/StructureDefinition/bc-sourceId-extension",
      "title": "BC SourceID and UserID",
      "types": [
        "Identifier",
        "Identifier",
        "base64Binary",
        "boolean",
        "canonical",
        "code",
        "date",
        "dateTime",
        "decimal",
        "id",
        "instant",
        "integer",
        "markdown",
        "oid",
        "positiveInt",
        "string",
        "time",
        "unsignedInt",
        "uri",
        "url",
        "uuid",
        "Address",
        "Age",
        "Annotation",
        "Attachment",
        "CodeableConcept",
        "Coding",
        "ContactPoint",
        "Count",
        "Distance",
        "Duration",
        "HumanName",
        "Identifier",
        "Money",
        "Period",
        "Quantity",
        "Range",
        "Ratio",
        "Reference",
        "SampledData",
        "Signature",
        "Timing",
        "ContactDetail",
        "Contributor",
        "DataRequirement",
        "Expression",
        "ParameterDefinition",
        "RelatedArtifact",
        "TriggerDefinition",
        "UsageContext",
        "Dosage",
        "Meta"
      ]
    },
    {
      "url": "http://hlth.gov.bc.ca/fhir/client/StructureDefinition/bc-update-patient-operation-extension",
      "title": "A code the describes how a particular Patient attribute is to be changed",
      "types": [
        "CodeableConcept",
        "CodeableConcept"
      ]
    },
    {
      "url": "http://hlth.gov.bc.ca/fhir/client/StructureDefinition/bc-validation-status-extension",
      "title": "BC Address Validation Status Code",
      "types": [
        "code",
        "code"
      ]
    }
  ],
  "profiles": {
    "Bundle": [
      {
        "url": "http://hlth.gov.bc.ca/fhir/client/StructureDefinition/bc-update-request-bundle",
        "title": "UpdateRequestBundle"
      }
    ],
    "Parameters": [
      {
        "url": "http://hlth.gov.bc.ca/fhir/client/StructureDefinition/bc-metadata-parameters-in",
        "title": "MetadataParametersIn"
      },
      {
        "url": "http://hlth.gov.bc.ca/fhir/client/StructureDefinition/bc-metadata-parameters-out",
        "title": "MetadataParametersOut"
      }
    ],
    "Patient": [
      {
        "url": "http://hlth.gov.bc.ca/fhir/client/StructureDefinition/bc-update-patient",
        "title": "PatientUpdate"
      }
    ]
  },
  "usage": {
    "http://hl7.org/fhir/StructureDefinition/elementdefinition-bestpractice": [
      "StructureDefinition.snapshot.element.constraint"
    ],
    "http://hl7.org/fhir/StructureDefinition/elementdefinition-bestpractice-explanation": [
      "StructureDefinition.snapshot.element.constraint"
    ],
    "http://hl7.org/fhir/StructureDefinition/elementdefinition-bindingName": [
      "StructureDefinition.snapshot.element.binding"
    ],
    "http://hl7.org/fhir/StructureDefinition/elementdefinition-isCommonBinding": [
      "StructureDefinition.snapshot.element.binding"
    ],
    "http://hl7.org/fhir/StructureDefinition/elementdefinition-maxValueSet": [
      "StructureDefinition.snapshot.element.binding"
    ],
    "http://hl7.org/fhir/StructureDefinition/patient-genderIdentity": [
      "Extension"
    ],
    "http://hl7.org/fhir/StructureDefinition/regex": [
      "StructureDefinition.snapshot.element.type"
    ],
    "http://hl7.org/fhir/StructureDefinition/structuredefinition-category": [
      "StructureDefinition"
    ],
    "http://hl7.org/fhir/StructureDefinition/structuredefinition-explicit-type-name": [
      "StructureDefinition.snapshot.element"
    ],
    "http://hl7.org/fhir/StructureDefinition/structuredefinition-fhir-type": [
      "StructureDefinition.snapshot.element.type"
    ],
    "http://hl7.org/fhir/StructureDefinition/structuredefinition-hierarchy": [
      "StructureDefinition.snapshot.element.type"
    ],
    "http://hl7.org/fhir/StructureDefinition/structuredefinition-security-category": [
      "StructureDefinition"
    ],
    "http://hl7.org/fhir/StructureDefinition/structuredefinition-standards-status": [
      "StructureDefinition.snapshot.element"
    ],
    "http://hl7.org/fhir/tools/StructureDefinition/ig-page-name": [
      "ImplementationGuide.definition.page",
      "ImplementationGuide.definition.page.page"
    ],
    "http://hl7.org/fhir/tools/StructureDefinition/ig-parameter": [
      "ImplementationGuide.definition"
    ],
    "http://hl7.org/fhir/tools/StructureDefinition/resource-information": [
      "ImplementationGuide.definition.resource"
    ],
    "http://hlth.gov.bc.ca/fhir/client/StructureDefinition/bc-birthdate-history-extension": [
      "Patient.birthDate"
    ],
    "http://hlth.gov.bc.ca/fhir/client/StructureDefinition/bc-business-period-extension": [
      "Bundle.entry.resource",
      "Bundle.entry.resource.birthDate",
      "Bundle.entry.resource.gender",
      "Bundle.entry.resource.multipleBirthBoolean",
      "Extension",
      "Patient",
      "Patient.birthDate",
      "Patient.deceasedDateTime",
      "Patient.deceased[x]",
      "Patient.gender",
      "Patient.multipleBirthBoolean",
      "Patient.multipleBirth[x]"
    ],
    "http://hlth.gov.bc.ca/fhir/client/StructureDefinition/bc-death-date-history-extension": [
      "Patient.deceased[x]"
    ],
    "http://hlth.gov.bc.ca/fhir/client/StructureDefinition/bc-death-verified-flag-extension": [
      "Patient.deceasedDateTime",
      "Patient.deceased[x]"
    ],
    "http://hlth.gov.bc.ca/fhir/client/StructureDefinition/bc-death-verified-flag-history-extension": [
      "Extension"
    ],
    "http://hlth.gov.bc.ca/fhir/client/StructureDefinition/bc-gender-history-extension": [
      "Bundle.entry.resource.gender",
      "Patient.gender"
    ],
    "http://hlth.gov.bc.ca/fhir/client/StructureDefinition/bc-gender-identity-extension": [
      "Patient"
    ],
    "http://hlth.gov.bc.ca/fhir/client/StructureDefinition/bc-identifier-status-extension": [
      "Bundle.entry.resource.identifier",
      "Bundle.entry.resource.link.other.identifier",
      "Patient.identifier",
      "Patient.link.other.identifier"
    ],
    "http://hlth.gov.bc.ca/fhir/client/StructureDefinition/bc-merge-status-extension": [
      "Bundle.entry.resource.link",
      "Patient.link"
    ],
    "http://hlth.gov.bc.ca/fhir/client/StructureDefinition/bc-multiplebirth-history-extension": [
      "Patient.multipleBirthBoolean",
      "Patient.multipleBirth[x]"
    ],
    "http://hlth.gov.bc.ca/fhir/client/StructureDefinition/bc-sourceId-extension": [
      "Extension",
      "Patient.address",
      "Patient.birthDate",
      "Patient.deceasedDateTime",
      "Patient.deceased[x]",
      "Patient.gender",
      "Patient.identifier",
      "Patient.multipleBirth[x]",
      "Patient.name",
      "Patient.telecom"
    ],
    "http://hlth.gov.bc.ca/fhir/client/StructureDefinition/bc-update-patient-operation-extension": [
      "Patient.address",
      "Patient.birthDate",
      "Patient.deceased[x]",
      "Patient.gender",
      "Patient.identifier",
      "Patient.multipleBirth[x]",
      "Patient.name",
      "Patient.telecom"
    ],
    "http://hlth.gov.bc.ca/fhir/client/StructureDefinition/bc-validation-status-extension": [
      "Bundle.entry.resource.address",
      "Patient.address"
    ]
  }
}