{
  "package": "fhir.ca-bc.client",
  "version": "0.1.0",
  "fhirVersion": "4.0.1",
  "jurisdiction": "CA",
  "extensions": [
    {
      "url": "http://hlth.gov.bc.ca/fhir/client/StructureDefinition/bc-address-validation-status-extension",
      "title": "BC Address validation status code",
      "types": [
        "code",
        "code"
      ]
    },
    {
      "url": "http://hlth.gov.bc.ca/fhir/client/StructureDefinition/bc-birth-date-business-dates-extension",
      "title": "BC Patient Birth Date business date",
      "types": [
        "Period"
      ]
    },
    {
      "url": "http://hlth.gov.bc.ca/fhir/client/StructureDefinition/bc-death-date-business-dates-extension",
      "title": "BC Patient Death Date business date",
      "types": [
        "Period"
      ]
    },
    {
      "url": "http://hlth.gov.bc.ca/fhir/client/StructureDefinition/bc-death-date-extension",
      "title": "BC Patient death date",
      "types": [
        "dateTime"
      ]
    },
    {
      "url": "http://hlth.gov.bc.ca/fhir/client/StructureDefinition/bc-death-date-flag-business-dates-extension",
      "title": "BC Patient Death Date flag business date",
      "types": [
        "Period"
      ]
    },
    {
      "url": "http://hlth.gov.bc.ca/fhir/client/StructureDefinition/bc-gender-business-dates-extension",
      "title": "BC Patient Gender business date",
      "types": [
        "Period"
      ]
    },
    {
      "url": "http://hlth.gov.bc.ca/fhir/client/StructureDefinition/bc-merge-status-extension",
      "title": "BC Merge status code",
      "types": [
        "code",
        "code"
      ]
    },
    {
      "url": "http://hlth.gov.bc.ca/fhir/client/StructureDefinition/bc-patient-business-dates-extension",
      "title": "BC Patient business dates",
      "types": [
        "Period"
      ]
    }
  ],
  "profiles": {
    "Bundle": [
      {
        "url": "http://hlth.gov.bc.ca/fhir/client/StructureDefinition/bc-revise-response-bundle",
        "title": "BCReviseResponseBundle"
      },
      {
        "url": "http://hlth.gov.bc.ca/fhir/client/StructureDefinition/bc-search-response-bundle",
        "title": "BCSearchResponseBundle"
      }
    ],
    "Parameters": [
      {
        "url": "http://hlth.gov.bc.ca/fhir/client/StructureDefinition/bc-patient-business-parameters",
        "title": "BCPatientBusinessParameters"
      }
    ],
    "OperationOutcome": [
      {
        "url": "http://hlth.gov.bc.ca/fhir/client/StructureDefinition/bc-operation-outcome",
        "title": "BCOperationOutcome"
      }
    ],
    "Patient": [
      {
        "url": "http://hlth.gov.bc.ca/fhir/client/StructureDefinition/bc-patient",
        "title": "BCPatient"
      }
    ]
  },
  "usage": {
    "http://hl7.org/fhir/StructureDefinition/elementdefinition-bestpractice": [
      "StructureDefinition.snapshot.element.constraint"
    ],
    "http://hl7.org/fhir/StructureDefinition/elementdefinition-bestpractice-explanation": [
      "StructureDefinition.snapshot.element.constraint"
    ],
    "http://hl7.org/fhir/StructureDefinition/elementdefinition-bindingName": [
      "StructureDefinition.snapshot.element.binding"
    ],
    "http://hl7.org/fhir/StructureDefinition/elementdefinition-isCommonBinding": [
      "StructureDefinition.snapshot.element.binding"
    ],
    "http://hl7.org/fhir/StructureDefinition/elementdefinition-maxValueSet": [
      "StructureDefinition.snapshot.element.binding"
    ],
    "http://hl7.org/fhir/StructureDefinition/elementdefinition-translatable": [
      "StructureDefinition.snapshot.element"
    ],
    "http://hl7.org/fhir/StructureDefinition/structuredefinition-category": [
      "StructureDefinition"
    ],
    "http://hl7.org/fhir/StructureDefinition/structuredefinition-explicit-type-name": [
      "StructureDefinition.snapshot.element"
    ],
    "http://hl7.org/fhir/StructureDefinition/structuredefinition-fhir-type": [
      "StructureDefinition.snapshot.element.type"
    ],
    "http://hl7.org/fhir/StructureDefinition/structuredefinition-hierarchy": [
      "StructureDefinition.snapshot.element.type"
    ],
    "http://hl7.org/fhir/StructureDefinition/structuredefinition-security-category": [
      "StructureDefinition"
    ],
    "http://hl7.org/fhir/StructureDefinition/structuredefinition-standards-status": [
      "StructureDefinition.snapshot.element"
    ],
    "http://hl7.org/fhir/tools/StructureDefinition/ig-parameter": [
      "ImplementationGuide.definition"
    ],
    "http://hl7.org/fhir/tools/StructureDefinition/resource-information": [
      "ImplementationGuide.definition.resource"
    ],
    "http://hlth.gov.bc.ca/fhir/client/StructureDefinition/bc-address-validation-status-extension": [
      "Address",
      "Bundle.entry.resource.address",
      "Patient.address"
    ],
    "http://hlth.gov.bc.ca/fhir/client/StructureDefinition/bc-birth-date-business-dates-extension": [
      "Bundle.entry.resource",
      "Patient"
    ],
    "http://hlth.gov.bc.ca/fhir/client/StructureDefinition/bc-death-date-business-dates-extension": [
      "Bundle.entry.resource",
      "Patient"
    ],
    "http://hlth.gov.bc.ca/fhir/client/StructureDefinition/bc-death-date-extension": [
      "Bundle.entry.resource",
      "Patient"
    ],
    "http://hlth.gov.bc.ca/fhir/client/StructureDefinition/bc-death-date-flag-business-dates-extension": [
      "Bundle.entry.resource",
      "Patient"
    ],
    "http://hlth.gov.bc.ca/fhir/client/StructureDefinition/bc-gender-business-dates-extension": [
      "Bundle.entry.resource",
      "Patient"
    ],
    "http://hlth.gov.bc.ca/fhir/client/StructureDefinition/bc-merge-status-extension": [
      "Parameters.parameter.resource.link",
      "Patient.link"
    ],
    "http://hlth.gov.bc.ca/fhir/client/StructureDefinition/bc-patient-business-dates-extension": [
      "Bundle.entry.resource",
      "Parameters.parameter.resource",
      "Patient"
    ]
  }
}