<?xml version="1.0" encoding="UTF-8"?>

<ValueSet xmlns="http://hl7.org/fhir">
  <id value="bc-administrative-gender-value-set"/>
  <text>
    <status value="extensions"/><div xmlns="http://www.w3.org/1999/xhtml"><p>This value set includes codes based on the following rules:</p><ul><li>Import all the codes that are contained in <a href="http://hl7.org/fhir/R4/valueset-administrative-gender.html">http://hl7.org/fhir/ValueSet/administrative-gender</a></li></ul><p>This value set excludes codes based on the following rules:</p><ul><li>Exclude these codes as defined in <a href="http://hl7.org/fhir/R4/codesystem-administrative-gender.html"><code>http://hl7.org/fhir/administrative-gender</code></a><table class="none"><tr><td style="white-space:nowrap"><b>Code</b></td><td><b>Display</b></td><td><b>Definition</b></td></tr><tr><td><a href="http://hl7.org/fhir/R4/codesystem-administrative-gender.html#administrative-gender-other">other</a></td><td>Other</td><td>Other.</td></tr></table></li></ul></div>
  </text>
  <url value="http://moh.fhir/bc-clientregistry/ValueSet/bc-administrative-gender-value-set"/>
  <version value="0.1.0"/>
  <name value="BCAdministrativeGender"/>
  <title value="BC Administrative Gender Use value set."/>
  <status value="active"/>
  <date value="2021-11-10T17:08:38+00:00"/>
  <description value="BC Administrative Gender value set, sliced to meet BC constraints."/>
  <compose>
    <include>
      <valueSet value="http://hl7.org/fhir/ValueSet/administrative-gender"/>
    </include>
    <exclude>
      <system value="http://hl7.org/fhir/administrative-gender"/>
      <concept>
        <code value="other"/>
      </concept>
    </exclude>
  </compose>
</ValueSet>