<?xml version="1.0" encoding="UTF-8"?>

<ValueSet xmlns="http://hl7.org/fhir">
  <id value="bc-client-registry-patient-change-notification-events-value-set"/>
  <text>
    <status value="generated"/><div xmlns="http://www.w3.org/1999/xhtml"><ul><li>Include all codes defined in <a href="CodeSystem-bc-client-registry-patient-change-notification-events.html"><code>https://terminology.hlth.gov.bc.ca/ClientRegistry/CodeSystem/bc-client-registry-patient-change-notification-events</code></a></li></ul></div>
  </text>
  <url value="https://terminology.hlth.gov.bc.ca/ClientRegistry/ValueSet/bc-client-registry-patient-change-notification-events"/>
  <version value="1.0.0"/>
  <name value="PatientChangeNotificationEventsValueSet"/>
  <title value="BC Client Registry Patient Change Notification Events Value Set"/>
  <status value="active"/>
  <experimental value="false"/>
  <date value="2024-04-16T21:07:01+00:00"/>
  <publisher value="BC Ministry of Health"/>
  <contact>
    <name value="BC Ministry of Health"/>
    <telecom>
      <system value="url"/>
      <value value="https://www2.gov.bc.ca/gov/content/governments/organizational-structure/ministries-organizations/ministries/health"/>
    </telecom>
  </contact>
  <description value="Codes used to indicate that type of patient changes that a subscriber is interested in receiving."/>
  <jurisdiction>
    <coding>
      <system value="urn:iso:std:iso:3166"/>
      <code value="CA"/>
      <display value="Canada"/>
    </coding>
  </jurisdiction>
  <compose>
    <include>
      <system value="https://terminology.hlth.gov.bc.ca/ClientRegistry/CodeSystem/bc-client-registry-patient-change-notification-events"/>
    </include>
  </compose>
</ValueSet>