URL,Version,Status,OIDs,Name,Title,Descriptino,Uses,Used,Sources
https://terminology.hlth.gov.bc.ca/ClientRegistry/ValueSet/bc-address-validation-value-set,1.0.0,draft,,AddressValidationVS,BC Address Validation Value Set,"BC Address Validation value set used to describe the validation status of an address",,"Internal"
https://terminology.hlth.gov.bc.ca/ClientRegistry/ValueSet/bc-client-registry-patient-change-notification-events,1.0.0,draft,,PatientChangeNotificationEventsValueSet,BC Client Registry Patient Change Notification Events Value Set,"Codes used to indicate that type of patient changes that a subscriber is interested in receiving.",,"Internal"
https://terminology.hlth.gov.bc.ca/ClientRegistry/ValueSet/bc-client-registry-update-patient-operation-value-set,1.0.0,draft,,UpdatePatientOperationVS,BC Update Patient Operation Value Set,"A Value Set of allowed update operations.",,"Internal"
https://terminology.hlth.gov.bc.ca/ClientRegistry/ValueSet/bc-contact-point-system-value-set,1.0.0,draft,,ContactPointSystemVS,BC Contact Point System Value Set,"BC Contact Point System value set, sliced to meet BC constraints.",,
https://terminology.hlth.gov.bc.ca/ClientRegistry/ValueSet/bc-contact-point-use-value-set,1.0.0,draft,,ContactPointUseVS,BC Contact Point Use Value Set,"BC Contact Point Use value set, sliced to meet BC constraints.",,
https://terminology.hlth.gov.bc.ca/ClientRegistry/ValueSet/bc-identifier-status-value-set,1.0.0,draft,,IdentifierStatusVS,BC Identifier Status Value Set,"BC Identifier Status value set used to describe the status of an identifier.",,"Internal"
https://terminology.hlth.gov.bc.ca/ClientRegistry/ValueSet/bc-merge-status-value-set,1.0.0,draft,,MergeStatusVS,BC Merge Status Value Set,"BC Merge Status value set used to describe the merge status of a Patient.",,"Internal"
https://terminology.hlth.gov.bc.ca/ClientRegistry/ValueSet/bc-name-use-value-set,1.0.0,draft,,NameUseVS,BC Name Use value set.,"BC Name Use value set, sliced to meet BC constraints.",,
