<?xml version="1.0" encoding="UTF-8"?>

<CodeSystem xmlns="http://hl7.org/fhir">
  <id value="bc-operation-outcome-details-code-system"/>
  <text>
    <status value="generated"/><div xmlns="http://www.w3.org/1999/xhtml"><p class="res-header-id"><b>Generated Narrative: CodeSystem bc-operation-outcome-details-code-system</b></p><a name="bc-operation-outcome-details-code-system"> </a><a name="hcbc-operation-outcome-details-code-system"> </a><a name="bc-operation-outcome-details-code-system-en-US"> </a><p>This case-sensitive code system <code>https://terminology.hlth.gov.bc.ca/ClientRegistry/CodeSystem/bc-operation-outcome-details-code-system</code> defines the following codes:</p><table class="codes"><tr><td style="white-space:nowrap"><b>Code</b></td></tr></table></div>
  </text>
  <url value="https://terminology.hlth.gov.bc.ca/ClientRegistry/CodeSystem/bc-operation-outcome-details-code-system"/>
  <version value="1.0.0"/>
  <name value="OperationOutcomeDetailsCS"/>
  <title value="BC Client Registry Operation Outcome details code system"/>
  <status value="active"/>
  <experimental value="false"/>
  <date value="2025-05-12T18:40:48+00:00"/>
  <publisher value="BC Ministry of Health"/>
  <contact>
    <name value="BC Ministry of Health"/>
    <telecom>
      <system value="url"/>
      <value value="https://www2.gov.bc.ca/gov/content/governments/organizational-structure/ministries-organizations/ministries/health"/>
    </telecom>
  </contact>
  <description value="BC Client Registry Operation Outcome details code system"/>
  <jurisdiction>
    <coding>
      <system value="urn:iso:std:iso:3166"/>
      <code value="CA"/>
      <display value="Canada"/>
    </coding>
  </jurisdiction>
  <caseSensitive value="true"/>
  <content value="complete"/>
</CodeSystem>