{
  "resourceType" : "OperationDefinition",
  "id" : "bc-patient-history",
  "text" : {
    "status" : "generated",
    "div" : "<div xmlns=\"http://www.w3.org/1999/xhtml\"><p class=\"res-header-id\"><b>Generated Narrative: OperationDefinition bc-patient-history</b></p><a name=\"bc-patient-history\"> </a><a name=\"hcbc-patient-history\"> </a><a name=\"bc-patient-history-en-US\"> </a><p>URL: [base]/Patient/[id]/$HistoryPatient</p><p>Output parameters Profile:<a href=\"http://hl7.org/fhir/R4/bundle.html\">Bundle</a></p><h3>Parameters</h3><table class=\"grid\"><tr><td><b>Use</b></td><td><b>Name</b></td><td><b>Scope</b></td><td><b>Cardinality</b></td><td><b>Type</b></td><td><b>Binding</b></td><td><b>Documentation</b></td></tr><tr><td>OUT</td><td>return</td><td/><td>1..1</td><td><a href=\"http://hl7.org/fhir/R4/bundle.html\">Bundle</a></td><td/><td><div><p>The history operation response Bundle.</p>\n</div></td></tr></table></div>"
  },
  "url" : "http://hlth.gov.bc.ca/fhir/client/OperationDefinition/bc-patient-history",
  "version" : "1.0.0",
  "name" : "HistoryPatient",
  "title" : "HistoryPatient",
  "status" : "draft",
  "kind" : "operation",
  "date" : "2024-10-11T21:12:40+00:00",
  "publisher" : "BC Ministry of Health",
  "contact" : [{
    "name" : "BC Ministry of Health",
    "telecom" : [{
      "system" : "url",
      "value" : "https://www2.gov.bc.ca/gov/content/governments/organizational-structure/ministries-organizations/ministries/health"
    }]
  }],
  "description" : "This operation is used to return the historical attributes of a patient.",
  "jurisdiction" : [{
    "coding" : [{
      "system" : "urn:iso:std:iso:3166",
      "code" : "CA",
      "display" : "Canada"
    }]
  }],
  "code" : "HistoryPatient",
  "resource" : ["Patient"],
  "system" : false,
  "type" : false,
  "instance" : true,
  "outputProfile" : "http://hl7.org/fhir/StructureDefinition/Bundle",
  "parameter" : [{
    "name" : "return",
    "use" : "out",
    "min" : 1,
    "max" : "1",
    "documentation" : "The history operation response Bundle.",
    "type" : "Bundle"
  }]
}