{
  "codeSystems" : [
    {
      "url" : "http://hl7.org/fhir/ValueSet/administrative-gender",
      "version" : "4.0.1",
      "status" : "active",
      "name" : "AdministrativeGender",
      "title" : "AdministrativeGender",
      "description" : "The gender of a person used for administrative purposes.",
      "systems" : ["http://hl7.org/fhir/administrative-gender"],
      "oids" : ["2.16.840.1.113883.4.642.3.1"],
      "sources" : ["2.16.840.1.113883.4.642.3.1"],
      "uses" : {
      },
      "StructureDefinition-bc-gender-history-extension.html" : "BC Gender History"
    },
    {
      "url" : "http://hl7.org/fhir/ValueSet/contact-point-system",
      "version" : "4.0.1",
      "status" : "active",
      "name" : "ContactPointSystem",
      "title" : "ContactPointSystem",
      "description" : "Telecommunications form for contact point.",
      "systems" : ["http://hl7.org/fhir/contact-point-system"],
      "oids" : ["2.16.840.1.113883.4.642.3.71"],
      "sources" : ["2.16.840.1.113883.4.642.3.71"],
      "uses" : {
      },
      "ValueSet-bc-contact-point-system-value-set.html" : "BC Contact Point System Value Set"
    },
    {
      "url" : "http://hl7.org/fhir/ValueSet/contact-point-use",
      "version" : "4.0.1",
      "status" : "active",
      "name" : "ContactPointUse",
      "title" : "ContactPointUse",
      "description" : "Use of contact point.",
      "systems" : ["http://hl7.org/fhir/contact-point-use"],
      "oids" : ["2.16.840.1.113883.4.642.3.73"],
      "sources" : ["2.16.840.1.113883.4.642.3.73"],
      "uses" : {
      },
      "ValueSet-bc-contact-point-use-value-set.html" : "BC Contact Point Use Value Set"
    },
    {
      "url" : "http://hl7.org/fhir/ValueSet/name-use",
      "version" : "4.0.1",
      "status" : "active",
      "name" : "NameUse",
      "title" : "NameUse",
      "description" : "The use of a human name.",
      "systems" : ["http://hl7.org/fhir/name-use"],
      "oids" : ["2.16.840.1.113883.4.642.3.65"],
      "sources" : ["2.16.840.1.113883.4.642.3.65"],
      "uses" : {
      },
      "ValueSet-bc-name-use-value-set.html" : "BC Name Use value set."
    },
    {
      "url" : "https://terminology.hlth.gov.bc.ca/ClientRegistry/ValueSet/bc-address-validation-value-set",
      "version" : "1.0.0",
      "status" : "active",
      "name" : "AddressValidationVS",
      "title" : "BC Address Validation Value Set",
      "description" : "BC Address Validation value set used to describe the validation status of an address",
      "systems" : [
        "https://terminology.hlth.gov.bc.ca/ClientRegistry/CodeSystem/bc-client-registry-address-validation-code-system"
      ],
      "uses" : {
      },
      "StructureDefinition-bc-validation-status-extension.html" : "BC Address Validation Status Code"
    },
    {
      "url" : "https://terminology.hlth.gov.bc.ca/ClientRegistry/ValueSet/bc-contact-point-system-value-set",
      "version" : "1.0.0",
      "status" : "active",
      "name" : "ContactPointSystemVS",
      "title" : "BC Contact Point System Value Set",
      "description" : "BC Contact Point System value set, sliced to meet BC constraints.",
      "systems" : ["http://hl7.org/fhir/contact-point-system"],
      "uses" : {
      },
      "StructureDefinition-bc-merge-patient.html" : "PatientMerge",
      "StructureDefinition-bc-patient.html" : "ClientRegistryPatient"
    },
    {
      "url" : "https://terminology.hlth.gov.bc.ca/ClientRegistry/ValueSet/bc-contact-point-use-value-set",
      "version" : "1.0.0",
      "status" : "active",
      "name" : "ContactPointUseVS",
      "title" : "BC Contact Point Use Value Set",
      "description" : "BC Contact Point Use value set, sliced to meet BC constraints.",
      "systems" : ["http://hl7.org/fhir/contact-point-use"],
      "uses" : {
      },
      "StructureDefinition-bc-merge-patient.html" : "PatientMerge",
      "StructureDefinition-bc-patient.html" : "ClientRegistryPatient"
    },
    {
      "url" : "https://terminology.hlth.gov.bc.ca/ClientRegistry/ValueSet/bc-identifier-status-value-set",
      "version" : "1.0.0",
      "status" : "active",
      "name" : "IdentifierStatusVS",
      "title" : "BC Identifier Status Value Set",
      "description" : "BC Identifier Status value set used to describe the status of an identifier.",
      "systems" : [
        "https://terminology.hlth.gov.bc.ca/ClientRegistry/CodeSystem/bc-identifier-status-code-system"
      ],
      "uses" : {
      },
      "StructureDefinition-bc-identifier-status-extension.html" : "BC Identifier Status"
    },
    {
      "url" : "https://terminology.hlth.gov.bc.ca/ClientRegistry/ValueSet/bc-merge-status-value-set",
      "version" : "1.0.0",
      "status" : "active",
      "name" : "MergeStatusVS",
      "title" : "BC Merge Status Value Set",
      "description" : "BC Merge Status value set used to describe the merge status of a Patient.",
      "systems" : [
        "https://terminology.hlth.gov.bc.ca/ClientRegistry/CodeSystem/bc-client-registry-merge-status-code-system"
      ],
      "uses" : {
      },
      "StructureDefinition-bc-merge-status-extension.html" : "BC Merge Status Code"
    },
    {
      "url" : "https://terminology.hlth.gov.bc.ca/ClientRegistry/ValueSet/bc-name-use-value-set",
      "version" : "1.0.0",
      "status" : "active",
      "name" : "NameUseVS",
      "title" : "BC Name Use value set.",
      "description" : "BC Name Use value set, sliced to meet BC constraints.",
      "systems" : ["http://hl7.org/fhir/name-use"],
      "uses" : {
      },
      "StructureDefinition-bc-patient-by-example.html" : "PatientByExample",
      "StructureDefinition-bc-merge-patient.html" : "PatientMerge",
      "StructureDefinition-bc-patient.html" : "ClientRegistryPatient"
    }
  ]
}
