{
  "codeSystems" : [
    {
      "url" : "https://terminology.hlth.gov.bc.ca/ClientRegistry/ValueSet/bc-address-validation-value-set",
      "version" : "1.0.0",
      "status" : "active",
      "name" : "AddressValidationVS",
      "title" : "BC Address Validation Value Set",
      "description" : "BC Address Validation value set used to describe the validation status of an address",
      "systems" : [
        "https://terminology.hlth.gov.bc.ca/ClientRegistry/CodeSystem/bc-client-registry-address-validation-code-system"
      ]
    },
    {
      "url" : "https://terminology.hlth.gov.bc.ca/ClientRegistry/ValueSet/bc-client-registry-patient-change-notification-events",
      "version" : "1.0.0",
      "status" : "active",
      "name" : "PatientChangeNotificationEventsValueSet",
      "title" : "BC Client Registry Patient Change Notification Events Value Set",
      "description" : "Codes used to indicate that type of patient changes that a subscriber is interested in receiving.",
      "systems" : [
        "https://terminology.hlth.gov.bc.ca/ClientRegistry/CodeSystem/bc-client-registry-patient-change-notification-events"
      ]
    },
    {
      "url" : "https://terminology.hlth.gov.bc.ca/ClientRegistry/ValueSet/bc-contact-point-system-value-set",
      "version" : "1.0.0",
      "status" : "active",
      "name" : "ContactPointSystemVS",
      "title" : "BC Contact Point System Value Set",
      "description" : "BC Contact Point System value set, sliced to meet BC constraints.",
      "systems" : ["http://hl7.org/fhir/contact-point-system"]
    },
    {
      "url" : "https://terminology.hlth.gov.bc.ca/ClientRegistry/ValueSet/bc-contact-point-use-value-set",
      "version" : "1.0.0",
      "status" : "active",
      "name" : "ContactPointUseVS",
      "title" : "BC Contact Point Use Value Set",
      "description" : "BC Contact Point Use value set, sliced to meet BC constraints.",
      "systems" : ["http://hl7.org/fhir/contact-point-use"]
    },
    {
      "url" : "https://terminology.hlth.gov.bc.ca/ClientRegistry/ValueSet/bc-identifier-status-value-set",
      "version" : "1.0.0",
      "status" : "active",
      "name" : "IdentifierStatusVS",
      "title" : "BC Identifier Status Value Set",
      "description" : "BC Identifier Status value set used to describe the status of an identifier.",
      "systems" : [
        "https://terminology.hlth.gov.bc.ca/ClientRegistry/CodeSystem/bc-identifier-status-code-system"
      ]
    },
    {
      "url" : "https://terminology.hlth.gov.bc.ca/ClientRegistry/ValueSet/bc-merge-status-value-set",
      "version" : "1.0.0",
      "status" : "active",
      "name" : "MergeStatusVS",
      "title" : "BC Merge Status Value Set",
      "description" : "BC Merge Status value set used to describe the merge status of a Patient.",
      "systems" : [
        "https://terminology.hlth.gov.bc.ca/ClientRegistry/CodeSystem/bc-client-registry-merge-status-code-system"
      ]
    },
    {
      "url" : "https://terminology.hlth.gov.bc.ca/ClientRegistry/ValueSet/bc-name-use-value-set",
      "version" : "1.0.0",
      "status" : "active",
      "name" : "NameUseVS",
      "title" : "BC Name Use value set.",
      "description" : "BC Name Use value set, sliced to meet BC constraints.",
      "systems" : ["http://hl7.org/fhir/name-use"]
    }
  ]
}
