{"resourceType":"CapabilityStatement","id":"bc-hcim-capability-statement-server","text":{"status":"generated","div":"<div xmlns=\"http://www.w3.org/1999/xhtml\"><p>This capability statement describes the use cases that are supported by the BC FHIR implementation of the Client Registry when it is acting as a server.</p><ul><li>Find Candidates - used when a user would like to find a Patient, but without an identifier, typically with name, address or edge cases like mother's PHN.</li><li>Get Demographics - used when a user would like to find a Patient and has an identifier that Client Registry recognizes.</li><li>Get Demographics with Eligibility- used when a user would like to find a Patient and has an identifier that Client Registry recognizes. The Client Registry, in addition to returning a Patient, also returns the Health Insurance of BC eligibility status. The Client Registry makes a webservice call to Health Insurance of BC on behalf of the requester to determine the eligibility status.</li><li>Revise Patient - used when a user is communicating a change or request for a new PHN to the Client Registry.</li><li>Partial Revise Patient - used when a user is communicating a change to the Client Registry and isn't capable of sending in the full Patient resource. E.g. all Patient attributes are not locally persisted.</li><li>Merge Patient - used when a user is communicating that an individual has multiple Patient records and which record should survive and which record(s) should be marked as non-surviving.</li><li>Add Patient - used for newborns and 'force create' interactions</li></ul><p>There are several versions of some of the above services. The Client Registry has created FHIR Operations for each of the above and their variations.</p><ul><li>$FindCandidates</li><li>$GetDemographics</li><li>$GetDemographics.withEligibility</li><li>$AddPatient</li><li>$AddPatient.Async</li><li>$RevisePatient</li><li>$RevisePatient.Async</li><li>$PartialRevisePatient</li><li>$PartialRevisePatient.Async</li><li>$MergePatient</li><li>$MergePatient.Async</li></ul><p>RESTful interactions of any type, beyond the Operations listed above, are not supported. Client Registry user SHALL use only the above FHIR Operations.</p><h3>General Rules IN</h3><p>There are several rules that apply to all interactions with the Client Registry:</p><ul><li>When adding a newborn or using 'force create' Client Registry users SHALL use AddPatient the FHIR Operation. This is different from V3, where the user can use Revise to create or update a record in there scenarios.</li><li>The Client Registry FHIR implementation only supports JSON format and the clients SHALL use JSON for all interactions. The MIME-type of application/fhir+json is the only one supported by the Client Registry.</li><li>All interactions with Patient resources SHALL use the BCPatient profile. E.g. /Patient/$RevisePatient. The exception is the FindCandidates Operation which uses the BCPatientByExample instead of BCPatient.</li><li>The Parameters profile for searches SHALL be BCMetadataParameters.</li><li>The Parameters profile for Add, Revise and Merge SHALL be BCBusinessDataParameters.</li><li>Only the 'resource type' FHIR Operation is supported by the Client Registry, e.g. /Patient/$[Operation Name]; not system /$[Operation Name] and not resource instance /Patient/[id]/$[Operation Name]. Requesting users SHALL use only the resource type of FHIR Operation.</li><li>All of the Profiles include elements that are marked as Must Support. For the purposes of this guide, Must Support is intended to represent those fields that will be exchanged between client applications and the Client Registry server. Client applications who are receiving information SHALL be able to receive all fields marked as Must Support without raising an exception. When sending information to the Client Registry server, client applications SHOULD be able to send any fields marked as Must Support.</li><li>The FHIR asynchronous pattern is not followed by this FHIR implementation. The existing pattern the Client Registry uses today will be mimicked. I.e.<ul><li>User sends request</li><li>Client Registry responds with HTTP 202 Accepted</li><li>Client Registry sends request to user's end point</li><li>User system responds with 202 Accepted</li></ul>Users SHALL follow the above asynchronous pattern when invoking an asynchronous version of a Operation.</li></ul><h3>General Rules OUT</h3><p>Each Operation returns a Bundle. The Bundles may be of type searchset or collection. The two searches, GetDemographics and FindCandidates both return searchset bundles. The Add, Revise and Merge return collection Bundle resources. Each Bundle will have a Parameters entry (profile BCMetadataParameters) that has the response metadata, including echoing back the request unique id, and zero or more Patient entries that either meet the search criteria or are the result of a Revise or Merge Operation. In addition each Bundle has an OperationOutcome resource with warnings and errors relevant to the FHIR Operation request. And finally, the searchset Bundle will also have the search criteria echoed back in an additional Parameters resource.</p><p>In summary the response Bundles for every Operation will be structured as follows:</p><ul><li>Entry of BCMetadataParameters</li><li>Zero or more entries of Patient</li><li>Entry with OperationOutcome</li><li>If a search, the request Parameters are echoed back in a Parameters resource</li></ul><h3>Error Handling</h3><p>The Client Registry users SHALL monitor the HTTP response codes returned in a response. If the code is not 2xx the user will find the errors in the OperationOutcome resource in the response Bundle.</p><h3>Search</h3><h4>Find Candidates</h4><p>The FindCandidates FHIR Operation search SHALL use the following name-value parameters pairs, mandatory or optional according to the cardinality rules below. This search may return zero or more Patients using the BCPatient profile. Wildcards are not permitted.</p><table class=\"grid\"><tr><td><b>Use</b></td><td><b>Name</b></td><td><b>Cardinality</b></td><td><b>Type</b></td><td><b>Binding</b></td><td><b>Documentation</b></td></tr><tr><td>IN</td><td>messageId</td><td>1..1</td><td><a href=\"http://hl7.org/fhir/R4/datatypes.html#string\">string</a> (<a href=\"http://hl7.org/fhir/R4/search.html#string\">string</a>)</td><td/><td><div><p>Unique message ID.</p></div></td></tr><tr><td>IN</td><td>messageDateTime</td><td>1..1</td><td><a href=\"http://hl7.org/fhir/R4/datatypes.html#dateTime\">dateTime</a></td><td/><td><div><p>Message date and time.</p></div></td></tr><tr><td>IN</td><td>sender</td><td>1..1</td><td><a href=\"http://hl7.org/fhir/R4/datatypes.html#Identifier\">Identifier</a></td><td/><td><div><p>Requesting organization</p></div></td></tr><tr><td>IN</td><td>enterer</td><td>0..1</td><td><a href=\"http://hl7.org/fhir/R4/datatypes.html#Identifier\">Identifier</a></td><td/><td><div><p>UserId of sender</p></div></td></tr><tr><td>IN</td><td>patient</td><td>0..1</td><td><a href=\"http://hl7.org/fhir/R4/datatypes.html#Patient\">Patient</a></td><td/><td><div><p>Patient, an example for searching.</p></div></td></tr><tr><td>IN</td><td>mothersPHN</td><td>0..1</td><td><a href=\"http://hl7.org/fhir/R4/datatypes.html#Identifier\">Identifier</a></td><td/><td><div><p>Patient mother's PHN.</p></div></td></tr><tr><td>IN</td><td>identifiersOnly</td><td>0..1</td><td><a href=\"http://hl7.org/fhir/R4/datatypes.html#boolean\">boolean</a></td><td/><td><div><p>Instruct the Client Registry to return Patient Identifiers only when true. If not present, defaults to false.</p></div></td></tr></table><h4>Get Demographics</h4><p>The GetDemographics FHIR Operation SHALL use the following name-value parameters pairs, mandatory or optional according to the cardinality rules below. This search may return zero or one Patient using the BCPatient profile.</p><table class=\"grid\"><tr><td><b>Use</b></td><td><b>Name</b></td><td><b>Cardinality</b></td><td><b>Type</b></td><td><b>Binding</b></td><td><b>Documentation</b></td></tr><tr><td>IN</td><td>messageId</td><td>1..1</td><td><a href=\"http://hl7.org/fhir/R4/datatypes.html#string\">string</a></td><td/><td><div><p>Unique message ID.</p></div></td></tr><tr><td>IN</td><td>messageDateTime</td><td>1..1</td><td><a href=\"http://hl7.org/fhir/R4/datatypes.html#dateTime\">dateTime</a></td><td/><td><div><p>Message date and time.</p></div></td></tr><tr><td>IN</td><td>sender</td><td>1..1</td><td><a href=\"http://hl7.org/fhir/R4/datatypes.html#Identifier\">Identifier</a></td><td/><td><div><p>Requesting organization</p></div></td></tr><tr><td>IN</td><td>identifier</td><td>1..1</td><td><a href=\"http://hl7.org/fhir/R4/datatypes.html#Identifier\">Identifier</a></td><td/><td><div><p>Patient identifier.</p></div></td></tr><tr><td>IN</td><td>withHistory</td><td>0..1</td><td><a href=\"http://hl7.org/fhir/R4/datatypes.html#boolean\">boolean</a></td><td/><td><div><p>Boolean flag to return Patient's history. If missing, defaults to false.</p></div></td></tr><tr><td>IN</td><td>enterer</td><td>0..1</td><td><a href=\"http://hl7.org/fhir/R4/datatypes.html#Identifier\">Identifier</a></td><td/><td><div><p>UserId of sender</p></div></td></tr></table><h4>Get Demographics with Eligibility</h4><p>The GetDemographics.withEligibility FHIR Operation SHALL use the following name-value parameters pairs, mandatory or optional according to the cardinality rules below. This search may return zero or one Patient using the BCPatient profile.</p><table class=\"grid\"><tr><td><b>Use</b></td><td><b>Name</b></td><td><b>Cardinality</b></td><td><b>Type</b></td><td><b>Binding</b></td><td><b>Documentation</b></td></tr><tr><td>IN</td><td>messageId</td><td>1..1</td><td><a href=\"http://hl7.org/fhir/R4/datatypes.html#string\">string</a></td><td/><td><div><p>Unique message ID</p></div></td></tr><tr><td>IN</td><td>messageDateTime</td><td>1..1</td><td><a href=\"http://hl7.org/fhir/R4/datatypes.html#dateTime\">dateTime</a></td><td/><td><div><p>Message date and time</p></div></td></tr><tr><td>IN</td><td>sender</td><td>1..1</td><td><a href=\"http://hl7.org/fhir/R4/datatypes.html#Identifier\">Identifier</a></td><td/><td><div><p>Requesting organization</p></div></td></tr><tr><td>IN</td><td>enterer</td><td>0..1</td><td><a href=\"http://hl7.org/fhir/R4/datatypes.html#Identifier\">Identifier</a></td><td/><td><div><p>UserId of sender</p></div></td></tr><tr><td>IN</td><td>identifer</td><td>1..1</td><td><a href=\"http://hl7.org/fhir/R4/datatypes.html#Identifier\">Identifier</a></td><td/><td><div><p>Patient identifier</p></div></td></tr><tr><td>IN</td><td>eligibilityRequest</td><td>1..1</td><td><a href=\"http://hl7.org/fhir/R4/datatypes.html#CoverageEligibilityRequest\">CoverageEligibilityRequest</a></td><td/><td><div><p>An eligibility request</p></div></td></tr></table><h3>Add and Revise Patient</h3><p>The AddPatient and RevisePatient FHIR Operations SHALL use the following name-value parameters pairs, mandatory or optional according to the cardinality rules below.</p><table class=\"grid\"><tr><td><b>Use</b></td><td><b>Name</b></td><td><b>Cardinality</b></td><td><b>Type</b></td><td><b>Binding</b></td><td><b>Documentation</b></td></tr><tr><td>IN</td><td>messageId</td><td>1..1</td><td><a href=\"http://hl7.org/fhir/R4/datatypes.html#string\">string</a></td><td/><td><div><p>Unique message ID.</p></div></td></tr><tr><td>IN</td><td>messageDate</td><td>1..1</td><td><a href=\"http://hl7.org/fhir/R4/datatypes.html#string\">string</a></td><td/><td><div><p>Message date and time.</p></div></td></tr><tr><td>IN</td><td>sender</td><td>1..1</td><td><a href=\"http://hl7.org/fhir/R4/datatypes.html#Identifier\">Identifier</a></td><td/><td><div><p>Requesting organization</p></div></td></tr><tr><td>IN</td><td>enterer</td><td>0..1</td><td><a href=\"http://hl7.org/fhir/R4/datatypes.html#Identifier\">Identifier</a></td><td/><td><div><p>UserId of sender</p></div></td></tr><tr><td>IN</td><td>patient</td><td>1..1</td><td><a href=\"http://hl7.org/fhir/R4/patient.html\">Patient</a></td><td/><td><div><p>The Patient.</p></div></td></tr></table><h3>Partial Revise Patient</h3><p>The PartialRevisePatient FHIR Operation SHALL use the following name-value parameters pairs, mandatory or optional according to the cardinality rules below.</p><table class=\"grid\"><tr><td><b>Use</b></td><td><b>Name</b></td><td><b>Cardinality</b></td><td><b>Type</b></td><td><b>Binding</b></td><td><b>Documentation</b></td></tr><tr><td>IN</td><td>messageId</td><td>1..1</td><td><a href=\"http://hl7.org/fhir/R4/datatypes.html#string\">string</a></td><td/><td><div><p>Unique message ID.</p></div></td></tr><tr><td>IN</td><td>messageDate</td><td>1..1</td><td><a href=\"http://hl7.org/fhir/R4/datatypes.html#string\">string</a></td><td/><td><div><p>Message date and time.</p></div></td></tr><tr><td>IN</td><td>sender</td><td>1..1</td><td><a href=\"http://hl7.org/fhir/R4/datatypes.html#Identifier\">Identifier</a></td><td/><td><div><p>Requesting organization</p></div></td></tr><tr><td>IN</td><td>enterer</td><td>0..1</td><td><a href=\"http://hl7.org/fhir/R4/datatypes.html#Identifier\">Identifier</a></td><td/><td><div><p>UserId of sender</p></div></td></tr><tr><td>IN</td><td>patchOperation</td><td>1..1</td><td><a href=\"http://hl7.org/fhir/R4/parameters.html\">Parameters</a></td><td/><td><div><p>The path operation parameters.</p></div></td></tr></table><h3>Merge Patient</h3><p>The Merge Patient FHIR Operation SHALL use the following name-value parameters pairs, mandatory or optional according to the cardinality rules below. The non-surviving Patient(s) SHALL be listed in the link attribute of Patient.</p><table class=\"grid\"><tr><td><b>Use</b></td><td><b>Name</b></td><td><b>Cardinality</b></td><td><b>Type</b></td><td><b>Binding</b></td><td><b>Documentation</b></td></tr><tr><td>IN</td><td>messageId</td><td>1..1</td><td><a href=\"http://hl7.org/fhir/R4/datatypes.html#string\">string</a></td><td/><td><div><p>Unique message ID.</p></div></td></tr><tr><td>IN</td><td>messageDate</td><td>1..1</td><td><a href=\"http://hl7.org/fhir/R4/datatypes.html#string\">string</a></td><td/><td><div><p>Message date and time.</p></div></td></tr><tr><td>IN</td><td>sender</td><td>1..1</td><td><a href=\"http://hl7.org/fhir/R4/datatypes.html#Identifier\">Identifier</a></td><td/><td><div><p>Requesting organization</p></div></td></tr><tr><td>IN</td><td>patient</td><td>1..1</td><td><a href=\"http://hl7.org/fhir/R4/patient.html\">Patient</a></td><td/>`<td><div><p>The Patient.</p></div></td></tr><tr><td>IN</td><td>enterer</td><td>0..1</td><td><a href=\"http://hl7.org/fhir/R4/datatypes.html#Identifier\">Identifier</a></td><td/><td><div><p>UserId of sender</p></div></td></tr></table></div>"},"url":"http://hlth.gov.bc.ca/fhir/client/CapabilityStatement/bc-hcim-capability-statement-server","version":"0.1.0","name":"BCHCIMCapabilityStatement","title":"BC HCIM Capability Statement","status":"draft","date":"2021-11-18","publisher":"BC Ministry of Health","contact":[{"name":"BC Ministry of Health","telecom":[{"system":"url","value":"https://www2.gov.bc.ca/gov/content/governments/organizational-structure/ministries-organizations/ministries/health"}]}],"description":"This capability statement describes the use cases that are supported by the BC FHIR implementation of the Client Registry when it is acting as a server.","jurisdiction":[{"coding":[{"system":"urn:iso:std:iso:3166","code":"CA","display":"Canada"}]}],"kind":"capability","software":{"name":"BC HCIM FHIR Implementation"},"fhirVersion":"4.0.1","format":["json"],"rest":[{"mode":"server","resource":[{"type":"Parameters","operation":[{"name":"FindCandidates","definition":"http://hl7.org/fhir/ca-bc/client/OperationDefinition/bc-patient-find-candidates"},{"name":"GetDemographics","definition":"http://hl7.org/fhir/ca-bc/client/OperationDefinition/bc-patient-get-demographics"},{"name":"GetDemographics.withEligibility","definition":"http://hl7.org/fhir/ca-bc/client/OperationDefinition/bc-patient-get-demographics-withEligibility"},{"name":"RevisePatient","definition":"http://hl7.org/fhir/ca-bc/client/OperationDefinition/bc-patient-revise"},{"name":"PartialRevisePatient","definition":"http://hl7.org/fhir/ca-bc/client/OperationDefinition/bc-patient-partial-revise"},{"name":"AddPatient","definition":"http://hl7.org/fhir/ca-bc/client/OperationDefinition/bc-patient-add"},{"name":"MergePatient","definition":"http://hl7.org/fhir/ca-bc/client/OperationDefinition/bc-patient-merge"},{"name":"AddPatient.Async","definition":"http://hl7.org/fhir/ca-bc/client/OperationDefinition/bc-patient-add","documentation":"\nAlthough this is an independent Operation the definition is the same as the [AddPatient](OperationDefinition-bc-patient-add.html)"},{"name":"MergePatient.Async","definition":"http://hl7.org/fhir/ca-bc/client/OperationDefinition/bc-patient-merge","documentation":"\nAlthough this is an independent Operation the definition is the same as the [MergePatient](OperationDefinition-bc-patient-merge.html)"},{"name":"PartialRevisePatient.Async","definition":"http://hl7.org/fhir/ca-bc/client/OperationDefinition/bc-patient-partial-revise","documentation":"\nAlthough this is an independent Operation the definition is the same as the [PartialRevisePatient](OperationDefinition-bc-patient-partial-revise.html)"}]}]}]}