{"resourceType":"CodeSystem","id":"bc-client-registry-merge-status-code-system","text":{"status":"generated","div":"<div xmlns=\"http://www.w3.org/1999/xhtml\"><p>This code system http://hlth.gov.bc.ca/fhir/client/CodeSystem/bc-client-registry-merge-status-code-system defines the following codes:</p><table class=\"codes\"><tr><td style=\"white-space:nowrap\"><b>Code</b></td><td><b>Display</b></td><td><b>Definition</b></td></tr><tr><td style=\"white-space:nowrap\">obsolete<a name=\"bc-client-registry-merge-status-code-system-obsolete\"> </a></td><td>obsolete</td><td>The merge obsoletes this Patient.</td></tr><tr><td style=\"white-space:nowrap\">cancelled<a name=\"bc-client-registry-merge-status-code-system-cancelled\"> </a></td><td>cancelled</td><td>The merge cancels this Patient.</td></tr></table></div>"},"url":"http://hlth.gov.bc.ca/fhir/client/CodeSystem/bc-client-registry-merge-status-code-system","version":"0.1.0","name":"MergeStatusCS","title":"BC Client Registry merge status.","status":"active","date":"2022-07-26T20:38:10+00:00","publisher":"BC Ministry of Health","contact":[{"name":"BC Ministry of Health","telecom":[{"system":"url","value":"https://www2.gov.bc.ca/gov/content/governments/organizational-structure/ministries-organizations/ministries/health"}]}],"description":"Codes used to describe the merge status.","jurisdiction":[{"coding":[{"system":"urn:iso:std:iso:3166","code":"CA","display":"Canada"}]}],"caseSensitive":true,"content":"complete","count":2,"concept":[{"code":"obsolete","display":"obsolete","definition":"The merge obsoletes this Patient."},{"code":"cancelled","display":"cancelled","definition":"The merge cancels this Patient."}]}