{"resourceType":"CodeSystem","id":"bc-client-registry-update-patient-operation-code-system","text":{"status":"generated","div":"<div xmlns=\"http://www.w3.org/1999/xhtml\"><p>This case-sensitive code system <code>https://terminology.hlth.gov.bc.ca/ClientRegistry/CodeSystem/bc-client-registry-update-patient-operation-code-system</code> defines the following codes:</p><table class=\"codes\"><tr><td style=\"white-space:nowrap\"><b>Code</b></td><td><b>Definition</b></td></tr><tr><td style=\"white-space:nowrap\">add<a name=\"bc-client-registry-update-patient-operation-code-system-add\"> </a></td><td>This operation adds an attribute.</td></tr><tr><td style=\"white-space:nowrap\">delete<a name=\"bc-client-registry-update-patient-operation-code-system-delete\"> </a></td><td>This operation deletes an existing attribute.</td></tr><tr><td style=\"white-space:nowrap\">replace<a name=\"bc-client-registry-update-patient-operation-code-system-replace\"> </a></td><td>This operation replaces an existing attribute.</td></tr></table></div>"},"url":"https://terminology.hlth.gov.bc.ca/ClientRegistry/CodeSystem/bc-client-registry-update-patient-operation-code-system","version":"1.0.0","name":"UpdatePatientOperationCS","title":"BC Code System Of Allowed Update Operations","status":"draft","date":"2024-01-29T15:29:51+00:00","publisher":"BC Ministry of Health","contact":[{"name":"BC Ministry of Health","telecom":[{"system":"url","value":"https://www2.gov.bc.ca/gov/content/governments/organizational-structure/ministries-organizations/ministries/health"}]}],"description":"BC Code System of allowed update patient operations.","jurisdiction":[{"coding":[{"system":"urn:iso:std:iso:3166","code":"CA","display":"Canada"}]}],"caseSensitive":true,"content":"complete","count":3,"concept":[{"code":"add","display":"add","definition":"This operation adds an attribute."},{"code":"delete","display":"delete","definition":"This operation deletes an existing attribute."},{"code":"replace","display":"replace","definition":"This operation replaces an existing attribute."}]}