{"resourceType":"ImplementationGuide","id":"fhir.ca-bc.client","text":{"status":"extensions","div":"<div xmlns=\"http://www.w3.org/1999/xhtml\"><h2>BCHealthClientIdentityManagement</h2><p>The official URL for this implementation guide is: </p><pre>http://hlth.gov.bc.ca/fhir/client/ImplementationGuide/fhir.ca-bc.client</pre><div><p>FHIR Implementation Guide for BC MOH Client Registry</p>\n</div></div>"},"url":"http://hlth.gov.bc.ca/fhir/client/ImplementationGuide/fhir.ca-bc.client","version":"0.1.0","name":"BCHealthClientIdentityManagement","title":"BC Client Registry FHIR Implementation Guide","status":"draft","date":"2021-11-29T18:48:09+00:00","publisher":"BC Ministry of Health","contact":[{"name":"BC Ministry of Health","telecom":[{"system":"url","value":"https://www2.gov.bc.ca/gov/content/governments/organizational-structure/ministries-organizations/ministries/health"}]}],"description":"FHIR Implementation Guide for BC MOH Client Registry","jurisdiction":[{"coding":[{"system":"urn:iso:std:iso:3166","code":"CA","display":"Canada"}]}],"packageId":"fhir.ca-bc.client","license":"CC0-1.0","fhirVersion":["4.0.1"],"definition":{"extension":[{"extension":[{"url":"code","valueString":"copyrightyear"},{"url":"value","valueString":"2021+"}],"url":"http://hl7.org/fhir/tools/StructureDefinition/ig-parameter"},{"extension":[{"url":"code","valueString":"releaselabel"},{"url":"value","valueString":"Build CI"}],"url":"http://hl7.org/fhir/tools/StructureDefinition/ig-parameter"},{"extension":[{"url":"code","valueString":"path-liquid"},{"url":"value","valueString":"template/liquid"}],"url":"http://hl7.org/fhir/tools/StructureDefinition/ig-parameter"},{"extension":[{"url":"code","valueString":"path-liquid"},{"url":"value","valueString":"input/liquid"}],"url":"http://hl7.org/fhir/tools/StructureDefinition/ig-parameter"},{"extension":[{"url":"code","valueString":"path-qa"},{"url":"value","valueString":"temp/qa"}],"url":"http://hl7.org/fhir/tools/StructureDefinition/ig-parameter"},{"extension":[{"url":"code","valueString":"path-temp"},{"url":"value","valueString":"temp/pages"}],"url":"http://hl7.org/fhir/tools/StructureDefinition/ig-parameter"},{"extension":[{"url":"code","valueString":"path-output"},{"url":"value","valueString":"output"}],"url":"http://hl7.org/fhir/tools/StructureDefinition/ig-parameter"},{"extension":[{"url":"code","valueString":"path-suppressed-warnings"},{"url":"value","valueString":"input/ignoreWarnings.txt"}],"url":"http://hl7.org/fhir/tools/StructureDefinition/ig-parameter"},{"extension":[{"url":"code","valueString":"path-history"},{"url":"value","valueString":"http://hlth.gov.bc.ca/fhir/client/history.html"}],"url":"http://hl7.org/fhir/tools/StructureDefinition/ig-parameter"},{"extension":[{"url":"code","valueString":"template-html"},{"url":"value","valueString":"template-page.html"}],"url":"http://hl7.org/fhir/tools/StructureDefinition/ig-parameter"},{"extension":[{"url":"code","valueString":"template-md"},{"url":"value","valueString":"template-page-md.html"}],"url":"http://hl7.org/fhir/tools/StructureDefinition/ig-parameter"},{"extension":[{"url":"code","valueString":"apply-contact"},{"url":"value","valueString":"true"}],"url":"http://hl7.org/fhir/tools/StructureDefinition/ig-parameter"},{"extension":[{"url":"code","valueString":"apply-context"},{"url":"value","valueString":"true"}],"url":"http://hl7.org/fhir/tools/StructureDefinition/ig-parameter"},{"extension":[{"url":"code","valueString":"apply-copyright"},{"url":"value","valueString":"true"}],"url":"http://hl7.org/fhir/tools/StructureDefinition/ig-parameter"},{"extension":[{"url":"code","valueString":"apply-jurisdiction"},{"url":"value","valueString":"true"}],"url":"http://hl7.org/fhir/tools/StructureDefinition/ig-parameter"},{"extension":[{"url":"code","valueString":"apply-license"},{"url":"value","valueString":"true"}],"url":"http://hl7.org/fhir/tools/StructureDefinition/ig-parameter"},{"extension":[{"url":"code","valueString":"apply-publisher"},{"url":"value","valueString":"true"}],"url":"http://hl7.org/fhir/tools/StructureDefinition/ig-parameter"},{"extension":[{"url":"code","valueString":"apply-version"},{"url":"value","valueString":"true"}],"url":"http://hl7.org/fhir/tools/StructureDefinition/ig-parameter"},{"extension":[{"url":"code","valueString":"active-tables"},{"url":"value","valueString":"true"}],"url":"http://hl7.org/fhir/tools/StructureDefinition/ig-parameter"}],"grouping":[{"id":"CapabilityStatement","name":"Capability Statement","description":"The Capability Statement for Client Registry"},{"id":"PatientProfile","name":"Patient Profile","description":"The BC Patient profile"},{"id":"SupportingProfiles","name":"Supporting Profiles","description":"Artifacts associated with resources that support Patient and Client Registry Operations"},{"id":"Operations","name":"Operation Definitions","description":"The defined Operations"},{"id":"RequestExamples","name":"Request Examples","description":"A set of operation request examples"},{"id":"ResponseExamples","name":"Response Examples","description":"A set of operation response examples"},{"id":"-str-profile","name":"Structures: Resource Profiles","description":"These define constraints on FHIR resources for systems conforming to this implementation guide"},{"id":"-str-extension","name":"Structures: Extension Definitions","description":"These define constraints on FHIR data types for systems conforming to this implementation guide"},{"id":"-term-valueset","name":"Terminology: Value Sets","description":"These define sets of codes used by systems conforming to this implementation guide"},{"id":"-term-codesystem","name":"Terminology: Code Systems","description":"These define new code systems used by systems conforming to this implementation guide"},{"id":"-ex-example","name":"Example: Example Instances","description":"These are example instances that show what data produced and consumed by systems conforming with this implementation guide might look like"}],"resource":[{"extension":[{"url":"http://hl7.org/fhir/StructureDefinition/implementationguide-page","valueUri":"StructureDefinition-bc-merge-response-bundle.html"}],"reference":{"reference":"StructureDefinition/bc-merge-response-bundle"},"name":"BCMergeResponseBundle","description":"A Bundle that is used in the Client Registry response to Merge Patient requests.","exampleBoolean":false,"groupingId":"SupportingProfiles"},{"extension":[{"url":"http://hl7.org/fhir/StructureDefinition/implementationguide-page","valueUri":"StructureDefinition-bc-metadata-parameters.html"}],"reference":{"reference":"StructureDefinition/bc-metadata-parameters"},"name":"BCMetadataParameters","description":"Parameters profile for BC meta data","exampleBoolean":false,"groupingId":"SupportingProfiles"},{"extension":[{"url":"http://hl7.org/fhir/StructureDefinition/implementationguide-page","valueUri":"StructureDefinition-bc-operation-outcome.html"}],"reference":{"reference":"StructureDefinition/bc-operation-outcome"},"name":"BCOperationOutcome","description":"OperationOutcome profile for BC.","exampleBoolean":false,"groupingId":"-str-profile"},{"extension":[{"url":"http://hl7.org/fhir/StructureDefinition/implementationguide-page","valueUri":"StructureDefinition-bc-patient.html"}],"reference":{"reference":"StructureDefinition/bc-patient"},"name":"BCPatient","description":"General constraints on the Patient resource for use in the BC Client Registry project.","exampleBoolean":false,"groupingId":"PatientProfile"},{"extension":[{"url":"http://hl7.org/fhir/StructureDefinition/implementationguide-page","valueUri":"StructureDefinition-bc-patient-business-parameters.html"}],"reference":{"reference":"StructureDefinition/bc-patient-business-parameters"},"name":"BCPatientBusinessParameters","description":"Parameters extended from BCMetadataParameters for a Patient resource","exampleBoolean":false,"groupingId":"SupportingProfiles"},{"extension":[{"url":"http://hl7.org/fhir/StructureDefinition/implementationguide-page","valueUri":"StructureDefinition-bc-revise-response-bundle.html"}],"reference":{"reference":"StructureDefinition/bc-revise-response-bundle"},"name":"BCReviseResponseBundle","description":"A Bundle that is used in the Client Registry response to Revise Patient requests.","exampleBoolean":false,"groupingId":"SupportingProfiles"},{"extension":[{"url":"http://hl7.org/fhir/StructureDefinition/implementationguide-page","valueUri":"StructureDefinition-bc-search-response-bundle.html"}],"reference":{"reference":"StructureDefinition/bc-search-response-bundle"},"name":"BCSearchResponseBundle","description":"A Bundle that is used in the Client Registry response to Find Candidates and Get Demographics queries.","exampleBoolean":false,"groupingId":"SupportingProfiles"},{"extension":[{"url":"http://hl7.org/fhir/StructureDefinition/implementationguide-page","valueUri":"StructureDefinition-bc-business-period-extension.html"}],"reference":{"reference":"StructureDefinition/bc-business-period-extension"},"name":"BC business dates","description":"The effective dates for the parent element.","exampleBoolean":false,"groupingId":"-str-extension"},{"extension":[{"url":"http://hl7.org/fhir/StructureDefinition/implementationguide-page","valueUri":"StructureDefinition-bc-death-date-extension.html"}],"reference":{"reference":"StructureDefinition/bc-death-date-extension"},"name":"BC Patient death date","description":"The Patients death date and time as recorded in the Client Registry.","exampleBoolean":false,"groupingId":"-str-extension"},{"extension":[{"url":"http://hl7.org/fhir/StructureDefinition/implementationguide-page","valueUri":"StructureDefinition-bc-death-date-flag-business-period-extension.html"}],"reference":{"reference":"StructureDefinition/bc-death-date-flag-business-period-extension"},"name":"BC Patient Death Date flag business date","description":"The effective dates for the Patient's Death Date flag.","exampleBoolean":false,"groupingId":"-str-extension"},{"extension":[{"url":"http://hl7.org/fhir/StructureDefinition/implementationguide-page","valueUri":"StructureDefinition-bc-merge-status-extension.html"}],"reference":{"reference":"StructureDefinition/bc-merge-status-extension"},"name":"BC Merge status code","description":"A code that represents the Merge status of the Patient.","exampleBoolean":false,"groupingId":"-str-extension"},{"extension":[{"url":"http://hl7.org/fhir/StructureDefinition/implementationguide-page","valueUri":"StructureDefinition-bc-validation-status-extension.html"}],"reference":{"reference":"StructureDefinition/bc-validation-status-extension"},"name":"BC Address validation status code","description":"A code that represents the validation status of the address","exampleBoolean":false,"groupingId":"-str-extension"},{"extension":[{"url":"http://hl7.org/fhir/StructureDefinition/implementationguide-page","valueUri":"ValueSet-bc-address-type-value-set.html"}],"reference":{"reference":"ValueSet/bc-address-type-value-set"},"name":"BC Address Type value set.","description":"BC Address Type value set, sliced to meet BC constraints.","exampleBoolean":false,"groupingId":"-term-valueset"},{"extension":[{"url":"http://hl7.org/fhir/StructureDefinition/implementationguide-page","valueUri":"ValueSet-bc-address-validation-value-set.html"}],"reference":{"reference":"ValueSet/bc-address-validation-value-set"},"name":"BC Address Validation value set","description":"BC Address Validation value set used to describe the validation status of an address","exampleBoolean":false,"groupingId":"-term-valueset"},{"extension":[{"url":"http://hl7.org/fhir/StructureDefinition/implementationguide-page","valueUri":"ValueSet-bc-contact-point-system-value-set.html"}],"reference":{"reference":"ValueSet/bc-contact-point-system-value-set"},"name":"BC Contact Point System value set.","description":"BC Contact Point System value set, sliced to meet BC constraints.","exampleBoolean":false,"groupingId":"-term-valueset"},{"extension":[{"url":"http://hl7.org/fhir/StructureDefinition/implementationguide-page","valueUri":"ValueSet-bc-contact-point-use-value-set.html"}],"reference":{"reference":"ValueSet/bc-contact-point-use-value-set"},"name":"BC Contact Point Use value set.","description":"BC Contact Point Use value set, sliced to meet BC constraints.","exampleBoolean":false,"groupingId":"-term-valueset"},{"extension":[{"url":"http://hl7.org/fhir/StructureDefinition/implementationguide-page","valueUri":"ValueSet-bc-merge-status-value-set.html"}],"reference":{"reference":"ValueSet/bc-merge-status-value-set"},"name":"BC Merge Status value set","description":"BC Merge Status value set used to describe the merge status of a Patient.","exampleBoolean":false,"groupingId":"-term-valueset"},{"extension":[{"url":"http://hl7.org/fhir/StructureDefinition/implementationguide-page","valueUri":"ValueSet-bc-name-use-value-set.html"}],"reference":{"reference":"ValueSet/bc-name-use-value-set"},"name":"BC Name Use value set.","description":"BC Name Use value set, sliced to meet BC constraints.","exampleBoolean":false,"groupingId":"-term-valueset"},{"extension":[{"url":"http://hl7.org/fhir/StructureDefinition/implementationguide-page","valueUri":"CodeSystem-bc-client-registry-address-validation-code-system.html"}],"reference":{"reference":"CodeSystem/bc-client-registry-address-validation-code-system"},"name":"BC Client Registry address validation status code","description":"Codes used to define the address validation status.","exampleBoolean":false,"groupingId":"-term-codesystem"},{"extension":[{"url":"http://hl7.org/fhir/StructureDefinition/implementationguide-page","valueUri":"CodeSystem-bc-client-registry-merge-status-code-system.html"}],"reference":{"reference":"CodeSystem/bc-client-registry-merge-status-code-system"},"name":"BC Client Registry merge status.","description":"Codes used to describe the merge status.","exampleBoolean":false,"groupingId":"-term-codesystem"},{"extension":[{"url":"http://hl7.org/fhir/StructureDefinition/implementationguide-page","valueUri":"CodeSystem-bc-operation-outcome-details-code-system.html"}],"reference":{"reference":"CodeSystem/bc-operation-outcome-details-code-system"},"name":"BC Client Registry Operation Outcome details code system","description":"BC Client Registry Operation Outcome details code system","exampleBoolean":false,"groupingId":"-term-codesystem"},{"extension":[{"url":"http://hl7.org/fhir/StructureDefinition/implementationguide-page","valueUri":"Parameters-FindCandidates.html"}],"reference":{"reference":"Parameters/FindCandidates"},"name":"FindCandidates","description":"Example of $FindCandidates operation","exampleCanonical":"http://hlth.gov.bc.ca/fhir/client/StructureDefinition/bc-metadata-parameters","groupingId":"RequestExamples"},{"extension":[{"url":"http://hl7.org/fhir/StructureDefinition/implementationguide-page","valueUri":"Parameters-FindCandidates-ResponseMetadata.html"}],"reference":{"reference":"Parameters/FindCandidates-ResponseMetadata"},"name":"FindCandidates-ResponseMetadata","description":"Example of $FindCandidates response Metadata parameters","exampleCanonical":"http://hlth.gov.bc.ca/fhir/client/StructureDefinition/bc-metadata-parameters","groupingId":"-ex-example"},{"extension":[{"url":"http://hl7.org/fhir/StructureDefinition/implementationguide-page","valueUri":"Parameters-FindCandidates-UsingMomsPHN.html"}],"reference":{"reference":"Parameters/FindCandidates-UsingMomsPHN"},"name":"FindCandidates-UsingMomsPHN","description":"Example of $FindCandidates operation with mother's PHN","exampleCanonical":"http://hlth.gov.bc.ca/fhir/client/StructureDefinition/bc-metadata-parameters","groupingId":"RequestExamples"},{"extension":[{"url":"http://hl7.org/fhir/StructureDefinition/implementationguide-page","valueUri":"Bundle-FindCandidatesResponse.html"}],"reference":{"reference":"Bundle/FindCandidatesResponse"},"name":"FindCandidatesResponse","description":"Example of FindCandidates response Bundle.  Patient0 has PHN, alternate, SRI and SSRI identifier examples.","exampleCanonical":"http://hlth.gov.bc.ca/fhir/client/StructureDefinition/bc-search-response-bundle","groupingId":"ResponseExamples"},{"extension":[{"url":"http://hl7.org/fhir/StructureDefinition/implementationguide-page","valueUri":"Bundle-FindCandidatesResponse-MomsPHN.html"}],"reference":{"reference":"Bundle/FindCandidatesResponse-MomsPHN"},"name":"FindCandidatesResponse-MomsPHN","description":"Example of FindCandidates with mother's PHN response Bundle.","exampleCanonical":"http://hlth.gov.bc.ca/fhir/client/StructureDefinition/bc-search-response-bundle","groupingId":"-ex-example"},{"extension":[{"url":"http://hl7.org/fhir/StructureDefinition/implementationguide-page","valueUri":"Parameters-GetDemographics.html"}],"reference":{"reference":"Parameters/GetDemographics"},"name":"GetDemographics","description":"Example of $GetDemographics operation","exampleCanonical":"http://hlth.gov.bc.ca/fhir/client/StructureDefinition/bc-metadata-parameters","groupingId":"RequestExamples"},{"extension":[{"url":"http://hl7.org/fhir/StructureDefinition/implementationguide-page","valueUri":"Parameters-GetDemographics-ResponseMetadata.html"}],"reference":{"reference":"Parameters/GetDemographics-ResponseMetadata"},"name":"GetDemographics-ResponseMetadata","description":"Example of $FindCandidates response Metadata parameters","exampleCanonical":"http://hlth.gov.bc.ca/fhir/client/StructureDefinition/bc-metadata-parameters","groupingId":"-ex-example"},{"extension":[{"url":"http://hl7.org/fhir/StructureDefinition/implementationguide-page","valueUri":"Parameters-GetDemographicsINParameters.html"}],"reference":{"reference":"Parameters/GetDemographicsINParameters"},"name":"GetDemographicsINParameters","description":"Example of $GetDemographics operation, IN parameters","exampleBoolean":true,"groupingId":"-ex-example"},{"extension":[{"url":"http://hl7.org/fhir/StructureDefinition/implementationguide-page","valueUri":"Bundle-GetDemographicsResponse.html"}],"reference":{"reference":"Bundle/GetDemographicsResponse"},"name":"GetDemographicsResponse","description":"Example of $GetDemographics operation response Bundle","exampleCanonical":"http://hlth.gov.bc.ca/fhir/client/StructureDefinition/bc-search-response-bundle","groupingId":"ResponseExamples"},{"extension":[{"url":"http://hl7.org/fhir/StructureDefinition/implementationguide-page","valueUri":"Parameters-MergePatient-TwoNonSurvivors.html"}],"reference":{"reference":"Parameters/MergePatient-TwoNonSurvivors"},"name":"MergePatient-TwoNonSurvivors","description":"Example of $MergePatient operation.","exampleCanonical":"http://hlth.gov.bc.ca/fhir/client/StructureDefinition/bc-patient-business-parameters","groupingId":"RequestExamples"},{"extension":[{"url":"http://hl7.org/fhir/StructureDefinition/implementationguide-page","valueUri":"Bundle-MergePatientResponse.html"}],"reference":{"reference":"Bundle/MergePatientResponse"},"name":"MergePatientResponse","description":"A sample RevisePatient and MergePatient Operation response.","exampleCanonical":"http://hlth.gov.bc.ca/fhir/client/StructureDefinition/bc-merge-response-bundle","groupingId":"ResponseExamples"},{"extension":[{"url":"http://hl7.org/fhir/StructureDefinition/implementationguide-page","valueUri":"Parameters-MergeResponseMetadata.html"}],"reference":{"reference":"Parameters/MergeResponseMetadata"},"name":"MergeResponseMetadata","description":"Example of Merge response Metadata parameters","exampleCanonical":"http://hlth.gov.bc.ca/fhir/client/StructureDefinition/bc-metadata-parameters","groupingId":"-ex-example"},{"extension":[{"url":"http://hl7.org/fhir/StructureDefinition/implementationguide-page","valueUri":"RelatedPerson-MotherRelated.html"}],"reference":{"reference":"RelatedPerson/MotherRelated"},"name":"MotherRelated","description":"Example of related person's PHN as Identifier","exampleBoolean":true,"groupingId":"-ex-example"},{"extension":[{"url":"http://hl7.org/fhir/StructureDefinition/implementationguide-page","valueUri":"RelatedPerson-MotherRelatedFCBabyBoy.html"}],"reference":{"reference":"RelatedPerson/MotherRelatedFCBabyBoy"},"name":"MotherRelatedFCBabyBoy","description":"Example of related person who is the mother","exampleBoolean":true,"groupingId":"-ex-example"},{"extension":[{"url":"http://hl7.org/fhir/StructureDefinition/implementationguide-page","valueUri":"RelatedPerson-MotherRelatedFCBabyGirl.html"}],"reference":{"reference":"RelatedPerson/MotherRelatedFCBabyGirl"},"name":"MotherRelatedFCBabyGirl","description":"Example of related person who is the mother","exampleBoolean":true,"groupingId":"-ex-example"},{"extension":[{"url":"http://hl7.org/fhir/StructureDefinition/implementationguide-page","valueUri":"Patient-Patient0Response.html"}],"reference":{"reference":"Patient/Patient0Response"},"name":"Patient0Response","description":"Example of Patient for query response Bundle with 4 different kinds of identifiers: SRI-PHN, SRI, SSRI and alternative.","exampleCanonical":"http://hlth.gov.bc.ca/fhir/client/StructureDefinition/bc-patient","groupingId":"-ex-example"},{"extension":[{"url":"http://hl7.org/fhir/StructureDefinition/implementationguide-page","valueUri":"Patient-Patient1Response.html"}],"reference":{"reference":"Patient/Patient1Response"},"name":"Patient1Response","description":"Example of Patient for query response Bundle","exampleCanonical":"http://hlth.gov.bc.ca/fhir/client/StructureDefinition/bc-patient","groupingId":"-ex-example"},{"extension":[{"url":"http://hl7.org/fhir/StructureDefinition/implementationguide-page","valueUri":"Patient-Patient2Response.html"}],"reference":{"reference":"Patient/Patient2Response"},"name":"Patient2Response","description":"Example of Patient for query response Bundle","exampleCanonical":"http://hlth.gov.bc.ca/fhir/client/StructureDefinition/bc-patient","groupingId":"-ex-example"},{"extension":[{"url":"http://hl7.org/fhir/StructureDefinition/implementationguide-page","valueUri":"Patient-PatientBabyBoy.html"}],"reference":{"reference":"Patient/PatientBabyBoy"},"name":"PatientBabyBoy","description":"Example of Patient newborn for query response Bundle","exampleCanonical":"http://hlth.gov.bc.ca/fhir/client/StructureDefinition/bc-patient","groupingId":"-ex-example"},{"extension":[{"url":"http://hl7.org/fhir/StructureDefinition/implementationguide-page","valueUri":"Patient-PatientBabyGirl.html"}],"reference":{"reference":"Patient/PatientBabyGirl"},"name":"PatientBabyGirl","description":"Example of Patient newborn for query response Bundle","exampleCanonical":"http://hlth.gov.bc.ca/fhir/client/StructureDefinition/bc-patient","groupingId":"-ex-example"},{"extension":[{"url":"http://hl7.org/fhir/StructureDefinition/implementationguide-page","valueUri":"Patient-PatientDemographicsResponse.html"}],"reference":{"reference":"Patient/PatientDemographicsResponse"},"name":"PatientDemographicsResponse","description":"Example of Patient for $GetDemographics operation response","exampleCanonical":"http://hlth.gov.bc.ca/fhir/client/StructureDefinition/bc-patient","groupingId":"-ex-example"},{"extension":[{"url":"http://hl7.org/fhir/StructureDefinition/implementationguide-page","valueUri":"Patient-PatientMP.html"}],"reference":{"reference":"Patient/PatientMP"},"name":"PatientMP","description":"Example of a merge patient Patient","exampleCanonical":"http://hlth.gov.bc.ca/fhir/client/StructureDefinition/bc-patient","groupingId":"-ex-example"},{"extension":[{"url":"http://hl7.org/fhir/StructureDefinition/implementationguide-page","valueUri":"Patient-PatientMother.html"}],"reference":{"reference":"Patient/PatientMother"},"name":"PatientMother","description":"Example of Patient for query response Bundle","exampleCanonical":"http://hlth.gov.bc.ca/fhir/client/StructureDefinition/bc-patient","groupingId":"-ex-example"},{"extension":[{"url":"http://hl7.org/fhir/StructureDefinition/implementationguide-page","valueUri":"Patient-PatientRP.html"}],"reference":{"reference":"Patient/PatientRP"},"name":"PatientRP","description":"Patient example for a RevisePatient operation","exampleCanonical":"http://hlth.gov.bc.ca/fhir/client/StructureDefinition/bc-patient","groupingId":"-ex-example"},{"extension":[{"url":"http://hl7.org/fhir/StructureDefinition/implementationguide-page","valueUri":"Patient-PatientRP-NewPatient.html"}],"reference":{"reference":"Patient/PatientRP-NewPatient"},"name":"PatientRP-NewPatient","description":"The Patient is completely new to the Client Registry, no identifiers.","exampleCanonical":"http://hlth.gov.bc.ca/fhir/client/StructureDefinition/bc-patient","groupingId":"-ex-example"},{"extension":[{"url":"http://hl7.org/fhir/StructureDefinition/implementationguide-page","valueUri":"Patient-PatientRP-Newborn.html"}],"reference":{"reference":"Patient/PatientRP-Newborn"},"name":"PatientRP-Newborn","description":"The Patient is completely new to the Client Registry, no identifiers.","exampleCanonical":"http://hlth.gov.bc.ca/fhir/client/StructureDefinition/bc-patient","groupingId":"-ex-example"},{"extension":[{"url":"http://hl7.org/fhir/StructureDefinition/implementationguide-page","valueUri":"Patient-PatientRPMPResponse.html"}],"reference":{"reference":"Patient/PatientRPMPResponse"},"name":"PatientRPMPResponse","description":"Example of Merge or Revise response Bundle with 4 different kinds of identifiers: SRI-PHN, SRI, SSRI and alternative.","exampleCanonical":"http://hlth.gov.bc.ca/fhir/client/StructureDefinition/bc-patient","groupingId":"-ex-example"},{"extension":[{"url":"http://hl7.org/fhir/StructureDefinition/implementationguide-page","valueUri":"OperationOutcome-RPMPOperationOutcome.html"}],"reference":{"reference":"OperationOutcome/RPMPOperationOutcome"},"name":"RPMPOperationOutcome","description":"Example OperationOutcome for a Client Registry Revise or Merge","exampleCanonical":"http://hlth.gov.bc.ca/fhir/client/StructureDefinition/bc-operation-outcome","groupingId":"-ex-example"},{"extension":[{"url":"http://hl7.org/fhir/StructureDefinition/implementationguide-page","valueUri":"Parameters-RevisePatient-NewPatient.html"}],"reference":{"reference":"Parameters/RevisePatient-NewPatient"},"name":"RevisePatient-NewPatient","description":"Example of $RevisePatient operation where the Patient is new to the Client Registry.","exampleCanonical":"http://hlth.gov.bc.ca/fhir/client/StructureDefinition/bc-patient-business-parameters","groupingId":"RequestExamples"},{"extension":[{"url":"http://hl7.org/fhir/StructureDefinition/implementationguide-page","valueUri":"Parameters-RevisePatient-Newborn.html"}],"reference":{"reference":"Parameters/RevisePatient-Newborn"},"name":"RevisePatient-Newborn","description":"Example of $RevisePatient.Newborn operation where the Patient is a newborn.  Awwwwww so cute.","exampleCanonical":"http://hlth.gov.bc.ca/fhir/client/StructureDefinition/bc-patient-business-parameters","groupingId":"RequestExamples"},{"extension":[{"url":"http://hl7.org/fhir/StructureDefinition/implementationguide-page","valueUri":"Parameters-RevisePatient-UpdateExisting.html"}],"reference":{"reference":"Parameters/RevisePatient-UpdateExisting"},"name":"RevisePatient-UpdateExisting","description":"Example of $RevisePatient operation that updates an existing Patient","exampleCanonical":"http://hlth.gov.bc.ca/fhir/client/StructureDefinition/bc-patient-business-parameters","groupingId":"RequestExamples"},{"extension":[{"url":"http://hl7.org/fhir/StructureDefinition/implementationguide-page","valueUri":"Bundle-RevisePatientResponse.html"}],"reference":{"reference":"Bundle/RevisePatientResponse"},"name":"RevisePatientResponse","description":"A sample RevisePatient and MergePatient Operation response.","exampleCanonical":"http://hlth.gov.bc.ca/fhir/client/StructureDefinition/bc-revise-response-bundle","groupingId":"ResponseExamples"},{"extension":[{"url":"http://hl7.org/fhir/StructureDefinition/implementationguide-page","valueUri":"Parameters-ReviseResponseMetadata.html"}],"reference":{"reference":"Parameters/ReviseResponseMetadata"},"name":"ReviseResponseMetadata","description":"Example of Revise response Metadata parameters","exampleCanonical":"http://hlth.gov.bc.ca/fhir/client/StructureDefinition/bc-metadata-parameters","groupingId":"-ex-example"},{"extension":[{"url":"http://hl7.org/fhir/StructureDefinition/implementationguide-page","valueUri":"OperationOutcome-SearchOperationOutcome.html"}],"reference":{"reference":"OperationOutcome/SearchOperationOutcome"},"name":"SearchOperationOutcome","description":"Example OperationOutcome for a Client Registry Search","exampleCanonical":"http://hlth.gov.bc.ca/fhir/client/StructureDefinition/bc-operation-outcome","groupingId":"-ex-example"},{"extension":[{"url":"http://hl7.org/fhir/StructureDefinition/implementationguide-page","valueUri":"CapabilityStatement-bc-hcim-capability-statement-client.html"}],"reference":{"reference":"CapabilityStatement/bc-hcim-capability-statement-client"},"name":"BCHCIMCapabilityStatementClient","description":"This capability statement describes the use cases that are supported by the BC FHIR implementation of the Client Registry when it is acting as a client. I.e. sending notifications.","exampleBoolean":true,"groupingId":"CapabilityStatement"},{"extension":[{"url":"http://hl7.org/fhir/StructureDefinition/implementationguide-page","valueUri":"CapabilityStatement-bc-hcim-capability-statement-server.html"}],"reference":{"reference":"CapabilityStatement/bc-hcim-capability-statement-server"},"name":"BCHCIMCapabilityStatementServer","description":"This capability statement describes the use cases that are supported by the BC FHIR implementation of the Client Registry whe it is acting as a server.\n\n* Find Candidates - used when a user would like to find a Patient, but without an identifier, typically with name, address or edge cases like mother's PHN.\n* Get Demographics - used when a user would like to find a Patient and has an identifier that Client Registry recognizes\n* Revise Patient - used when a user is communicating a change to the Client Registry \n* Merge Patient - used when a user is communicating that an individual has multiple Patient records and which record should survive and which record(s) should be marked as non-surviving","exampleBoolean":true,"groupingId":"CapabilityStatement"},{"extension":[{"url":"http://hl7.org/fhir/StructureDefinition/implementationguide-page","valueUri":"OperationDefinition-bc-patient-find-candidates.html"}],"reference":{"reference":"OperationDefinition/bc-patient-find-candidates"},"name":"FindCandidatesQuery","description":"This operation is used to query for a patient.  The response can contain 0 or more Patients.","exampleBoolean":false,"groupingId":"Operations"},{"extension":[{"url":"http://hl7.org/fhir/StructureDefinition/implementationguide-page","valueUri":"OperationDefinition-bc-patient-get-demographics.html"}],"reference":{"reference":"OperationDefinition/bc-patient-get-demographics"},"name":"GetDemographicsQuery","description":"This operation is used to query for a patient.  The response can contain 0 or 1 Patient.","exampleBoolean":false,"groupingId":"Operations"},{"extension":[{"url":"http://hl7.org/fhir/StructureDefinition/implementationguide-page","valueUri":"OperationDefinition-bc-patient-merge.html"}],"reference":{"reference":"OperationDefinition/bc-patient-merge"},"name":"MergePatient","description":"This operation is used to merge patients.","exampleBoolean":false,"groupingId":"Operations"},{"extension":[{"url":"http://hl7.org/fhir/StructureDefinition/implementationguide-page","valueUri":"OperationDefinition-bc-patient-revise.html"}],"reference":{"reference":"OperationDefinition/bc-patient-revise"},"name":"RevisePatient","description":"This operation is used to revise a patient's demographics.","exampleBoolean":false,"groupingId":"Operations"}],"page":{"nameUrl":"toc.html","title":"Table of Contents","generation":"html","page":[{"nameUrl":"index.html","title":"Introduction","generation":"markdown"},{"nameUrl":"overview.html","title":"HCIM Overview","generation":"markdown"},{"nameUrl":"v3Transition.html","title":"Transition from V3 Provider to FHIR","generation":"markdown"},{"nameUrl":"design.html","title":"FHIR Design","generation":"markdown"},{"nameUrl":"connectedPartner.html","title":"Connected Partners","generation":"markdown"},{"nameUrl":"terminology.html","title":"Glossary","generation":"markdown"},{"nameUrl":"credits.html","title":"Credits","generation":"markdown"},{"nameUrl":"search.html","title":"Search Patient","generation":"markdown"},{"nameUrl":"reviseAndMerge.html","title":"Revise and Merge Patient","generation":"markdown"},{"nameUrl":"distributions.html","title":"Patient Change Notification","generation":"markdown"},{"nameUrl":"futurePlans.html","title":"Future Plans","generation":"markdown"},{"nameUrl":"identifiers.html","title":"Identifiers","generation":"markdown"},{"nameUrl":"capabilityStatement.html","title":"Capability Statement","generation":"markdown"},{"nameUrl":"artifacts.html","title":"Artifacts Summary","generation":"html","page":[{"nameUrl":"CapabilityStatement-bc-hcim-capability-statement-client.html","title":"BCHCIMCapabilityStatementClient","generation":"generated"},{"nameUrl":"CapabilityStatement-bc-hcim-capability-statement-server.html","title":"BCHCIMCapabilityStatementServer","generation":"generated"},{"nameUrl":"StructureDefinition-bc-patient.html","title":"BCPatient","generation":"generated"},{"nameUrl":"StructureDefinition-bc-merge-response-bundle.html","title":"BCMergeResponseBundle","generation":"generated"},{"nameUrl":"StructureDefinition-bc-metadata-parameters.html","title":"BCMetadataParameters","generation":"generated"},{"nameUrl":"StructureDefinition-bc-patient-business-parameters.html","title":"BCPatientBusinessParameters","generation":"generated"},{"nameUrl":"StructureDefinition-bc-revise-response-bundle.html","title":"BCReviseResponseBundle","generation":"generated"},{"nameUrl":"StructureDefinition-bc-search-response-bundle.html","title":"BCSearchResponseBundle","generation":"generated"},{"nameUrl":"OperationDefinition-bc-patient-find-candidates.html","title":"FindCandidatesQuery","generation":"generated"},{"nameUrl":"OperationDefinition-bc-patient-get-demographics.html","title":"GetDemographicsQuery","generation":"generated"},{"nameUrl":"OperationDefinition-bc-patient-merge.html","title":"MergePatient","generation":"generated"},{"nameUrl":"OperationDefinition-bc-patient-revise.html","title":"RevisePatient","generation":"generated"},{"nameUrl":"Parameters-FindCandidates.html","title":"FindCandidates","generation":"generated"},{"nameUrl":"Parameters-FindCandidates-UsingMomsPHN.html","title":"FindCandidates-UsingMomsPHN","generation":"generated"},{"nameUrl":"Parameters-GetDemographics.html","title":"GetDemographics","generation":"generated"},{"nameUrl":"Parameters-MergePatient-TwoNonSurvivors.html","title":"MergePatient-TwoNonSurvivors","generation":"generated"},{"nameUrl":"Parameters-RevisePatient-NewPatient.html","title":"RevisePatient-NewPatient","generation":"generated"},{"nameUrl":"Parameters-RevisePatient-Newborn.html","title":"RevisePatient-Newborn","generation":"generated"},{"nameUrl":"Parameters-RevisePatient-UpdateExisting.html","title":"RevisePatient-UpdateExisting","generation":"generated"},{"nameUrl":"Bundle-FindCandidatesResponse.html","title":"FindCandidatesResponse","generation":"generated"},{"nameUrl":"Bundle-GetDemographicsResponse.html","title":"GetDemographicsResponse","generation":"generated"},{"nameUrl":"Bundle-MergePatientResponse.html","title":"MergePatientResponse","generation":"generated"},{"nameUrl":"Bundle-RevisePatientResponse.html","title":"RevisePatientResponse","generation":"generated"},{"nameUrl":"StructureDefinition-bc-operation-outcome.html","title":"BCOperationOutcome","generation":"generated"},{"nameUrl":"StructureDefinition-bc-business-period-extension.html","title":"BC business dates","generation":"generated"},{"nameUrl":"StructureDefinition-bc-death-date-extension.html","title":"BC Patient death date","generation":"generated"},{"nameUrl":"StructureDefinition-bc-death-date-flag-business-period-extension.html","title":"BC Patient Death Date flag business date","generation":"generated"},{"nameUrl":"StructureDefinition-bc-merge-status-extension.html","title":"BC Merge status code","generation":"generated"},{"nameUrl":"StructureDefinition-bc-validation-status-extension.html","title":"BC Address validation status code","generation":"generated"},{"nameUrl":"ValueSet-bc-address-type-value-set.html","title":"BC Address Type value set.","generation":"generated"},{"nameUrl":"ValueSet-bc-address-validation-value-set.html","title":"BC Address Validation value set","generation":"generated"},{"nameUrl":"ValueSet-bc-contact-point-system-value-set.html","title":"BC Contact Point System value set.","generation":"generated"},{"nameUrl":"ValueSet-bc-contact-point-use-value-set.html","title":"BC Contact Point Use value set.","generation":"generated"},{"nameUrl":"ValueSet-bc-merge-status-value-set.html","title":"BC Merge Status value set","generation":"generated"},{"nameUrl":"ValueSet-bc-name-use-value-set.html","title":"BC Name Use value set.","generation":"generated"},{"nameUrl":"CodeSystem-bc-client-registry-address-validation-code-system.html","title":"BC Client Registry address validation status code","generation":"generated"},{"nameUrl":"CodeSystem-bc-client-registry-merge-status-code-system.html","title":"BC Client Registry merge status.","generation":"generated"},{"nameUrl":"CodeSystem-bc-operation-outcome-details-code-system.html","title":"BC Client Registry Operation Outcome details code system","generation":"generated"},{"nameUrl":"Parameters-FindCandidates-ResponseMetadata.html","title":"FindCandidates-ResponseMetadata","generation":"generated"},{"nameUrl":"Bundle-FindCandidatesResponse-MomsPHN.html","title":"FindCandidatesResponse-MomsPHN","generation":"generated"},{"nameUrl":"Parameters-GetDemographics-ResponseMetadata.html","title":"GetDemographics-ResponseMetadata","generation":"generated"},{"nameUrl":"Parameters-GetDemographicsINParameters.html","title":"GetDemographicsINParameters","generation":"generated"},{"nameUrl":"Parameters-MergeResponseMetadata.html","title":"MergeResponseMetadata","generation":"generated"},{"nameUrl":"RelatedPerson-MotherRelated.html","title":"MotherRelated","generation":"generated"},{"nameUrl":"RelatedPerson-MotherRelatedFCBabyBoy.html","title":"MotherRelatedFCBabyBoy","generation":"generated"},{"nameUrl":"RelatedPerson-MotherRelatedFCBabyGirl.html","title":"MotherRelatedFCBabyGirl","generation":"generated"},{"nameUrl":"Patient-Patient0Response.html","title":"Patient0Response","generation":"generated"},{"nameUrl":"Patient-Patient1Response.html","title":"Patient1Response","generation":"generated"},{"nameUrl":"Patient-Patient2Response.html","title":"Patient2Response","generation":"generated"},{"nameUrl":"Patient-PatientBabyBoy.html","title":"PatientBabyBoy","generation":"generated"},{"nameUrl":"Patient-PatientBabyGirl.html","title":"PatientBabyGirl","generation":"generated"},{"nameUrl":"Patient-PatientDemographicsResponse.html","title":"PatientDemographicsResponse","generation":"generated"},{"nameUrl":"Patient-PatientMP.html","title":"PatientMP","generation":"generated"},{"nameUrl":"Patient-PatientMother.html","title":"PatientMother","generation":"generated"},{"nameUrl":"Patient-PatientRP.html","title":"PatientRP","generation":"generated"},{"nameUrl":"Patient-PatientRP-NewPatient.html","title":"PatientRP-NewPatient","generation":"generated"},{"nameUrl":"Patient-PatientRP-Newborn.html","title":"PatientRP-Newborn","generation":"generated"},{"nameUrl":"Patient-PatientRPMPResponse.html","title":"PatientRPMPResponse","generation":"generated"},{"nameUrl":"OperationOutcome-RPMPOperationOutcome.html","title":"RPMPOperationOutcome","generation":"generated"},{"nameUrl":"Parameters-ReviseResponseMetadata.html","title":"ReviseResponseMetadata","generation":"generated"},{"nameUrl":"OperationOutcome-SearchOperationOutcome.html","title":"SearchOperationOutcome","generation":"generated"}]}]},"parameter":[{"code":"path-resource","value":"input/capabilities"},{"code":"path-resource","value":"input/examples"},{"code":"path-resource","value":"input/extensions"},{"code":"path-resource","value":"input/models"},{"code":"path-resource","value":"input/operations"},{"code":"path-resource","value":"input/profiles"},{"code":"path-resource","value":"input/resources"},{"code":"path-resource","value":"input/vocabulary"},{"code":"path-resource","value":"input/maps"},{"code":"path-resource","value":"input/testing"},{"code":"path-resource","value":"input/history"},{"code":"path-resource","value":"fsh-generated/resources"},{"code":"path-pages","value":"template/config"},{"code":"path-pages","value":"input/images"},{"code":"path-tx-cache","value":"input-cache/txcache"}]}}