{"resourceType":"ImplementationGuide","id":"fhir.ca-bc.client","text":{"status":"extensions","div":"<div xmlns=\"http://www.w3.org/1999/xhtml\"><h2>BCHealthClientIdentityManagement</h2><p>The official URL for this implementation guide is: </p><pre>http://hlth.gov.bc.ca/fhir/client/ImplementationGuide/fhir.ca-bc.client</pre><div><p>FHIR Implementation Guide for BC MOH Client Registry</p>\n</div></div>"},"url":"http://hlth.gov.bc.ca/fhir/client/ImplementationGuide/fhir.ca-bc.client","version":"1.0.0","name":"BCHealthClientIdentityManagement","title":"BC Client Registry FHIR Implementation Guide","status":"draft","date":"2022-11-30T20:29:42+00:00","publisher":"BC Ministry of Health","contact":[{"name":"BC Ministry of Health","telecom":[{"system":"url","value":"https://www2.gov.bc.ca/gov/content/governments/organizational-structure/ministries-organizations/ministries/health"}]}],"description":"FHIR Implementation Guide for BC MOH Client Registry","jurisdiction":[{"coding":[{"system":"urn:iso:std:iso:3166","code":"CA","display":"Canada"}]}],"packageId":"fhir.ca-bc.client","license":"CC0-1.0","fhirVersion":["4.0.1"],"dependsOn":[{"id":"hl7tx","extension":[{"url":"http://hl7.org/fhir/tools/StructureDefinition/implementationguide-dependency-comment","valueMarkdown":"Automatically added as a dependency - all IGs depend on HL7 Terminology"}],"uri":"http://terminology.hl7.org/ImplementationGuide/hl7.terminology","packageId":"hl7.terminology.r4","version":"5.0.0"},{"id":"hl7_fhir_ca_baseline","uri":"http://hl7.org/fhir/ca/baseline/ImplementationGuide/hl7.fhir.ca.baseline","packageId":"hl7.fhir.ca.baseline","version":"current"}],"definition":{"extension":[{"extension":[{"url":"code","valueString":"copyrightyear"},{"url":"value","valueString":"2022+"}],"url":"http://hl7.org/fhir/tools/StructureDefinition/ig-parameter"},{"extension":[{"url":"code","valueString":"releaselabel"},{"url":"value","valueString":"Build CI"}],"url":"http://hl7.org/fhir/tools/StructureDefinition/ig-parameter"},{"extension":[{"url":"code","valueString":"autoload-resources"},{"url":"value","valueString":"true"}],"url":"http://hl7.org/fhir/tools/StructureDefinition/ig-parameter"},{"extension":[{"url":"code","valueString":"path-liquid"},{"url":"value","valueString":"template/liquid"}],"url":"http://hl7.org/fhir/tools/StructureDefinition/ig-parameter"},{"extension":[{"url":"code","valueString":"path-liquid"},{"url":"value","valueString":"input/liquid"}],"url":"http://hl7.org/fhir/tools/StructureDefinition/ig-parameter"},{"extension":[{"url":"code","valueString":"path-qa"},{"url":"value","valueString":"temp/qa"}],"url":"http://hl7.org/fhir/tools/StructureDefinition/ig-parameter"},{"extension":[{"url":"code","valueString":"path-temp"},{"url":"value","valueString":"temp/pages"}],"url":"http://hl7.org/fhir/tools/StructureDefinition/ig-parameter"},{"extension":[{"url":"code","valueString":"path-output"},{"url":"value","valueString":"output"}],"url":"http://hl7.org/fhir/tools/StructureDefinition/ig-parameter"},{"extension":[{"url":"code","valueString":"path-suppressed-warnings"},{"url":"value","valueString":"input/ignoreWarnings.txt"}],"url":"http://hl7.org/fhir/tools/StructureDefinition/ig-parameter"},{"extension":[{"url":"code","valueString":"path-history"},{"url":"value","valueString":"http://hlth.gov.bc.ca/fhir/client/history.html"}],"url":"http://hl7.org/fhir/tools/StructureDefinition/ig-parameter"},{"extension":[{"url":"code","valueString":"template-html"},{"url":"value","valueString":"template-page.html"}],"url":"http://hl7.org/fhir/tools/StructureDefinition/ig-parameter"},{"extension":[{"url":"code","valueString":"template-md"},{"url":"value","valueString":"template-page-md.html"}],"url":"http://hl7.org/fhir/tools/StructureDefinition/ig-parameter"},{"extension":[{"url":"code","valueString":"apply-contact"},{"url":"value","valueString":"true"}],"url":"http://hl7.org/fhir/tools/StructureDefinition/ig-parameter"},{"extension":[{"url":"code","valueString":"apply-context"},{"url":"value","valueString":"true"}],"url":"http://hl7.org/fhir/tools/StructureDefinition/ig-parameter"},{"extension":[{"url":"code","valueString":"apply-copyright"},{"url":"value","valueString":"true"}],"url":"http://hl7.org/fhir/tools/StructureDefinition/ig-parameter"},{"extension":[{"url":"code","valueString":"apply-jurisdiction"},{"url":"value","valueString":"true"}],"url":"http://hl7.org/fhir/tools/StructureDefinition/ig-parameter"},{"extension":[{"url":"code","valueString":"apply-license"},{"url":"value","valueString":"true"}],"url":"http://hl7.org/fhir/tools/StructureDefinition/ig-parameter"},{"extension":[{"url":"code","valueString":"apply-publisher"},{"url":"value","valueString":"true"}],"url":"http://hl7.org/fhir/tools/StructureDefinition/ig-parameter"},{"extension":[{"url":"code","valueString":"apply-version"},{"url":"value","valueString":"true"}],"url":"http://hl7.org/fhir/tools/StructureDefinition/ig-parameter"},{"extension":[{"url":"code","valueString":"active-tables"},{"url":"value","valueString":"true"}],"url":"http://hl7.org/fhir/tools/StructureDefinition/ig-parameter"},{"extension":[{"url":"code","valueString":"fmm-definition"},{"url":"value","valueString":"http://hl7.org/fhir/versions.html#maturity"}],"url":"http://hl7.org/fhir/tools/StructureDefinition/ig-parameter"},{"extension":[{"url":"code","valueString":"propagate-status"},{"url":"value","valueString":"true"}],"url":"http://hl7.org/fhir/tools/StructureDefinition/ig-parameter"},{"extension":[{"url":"code","valueString":"excludelogbinaryformat"},{"url":"value","valueString":"true"}],"url":"http://hl7.org/fhir/tools/StructureDefinition/ig-parameter"},{"extension":[{"url":"code","valueString":"tabbed-snapshots"},{"url":"value","valueString":"true"}],"url":"http://hl7.org/fhir/tools/StructureDefinition/ig-parameter"},{"extension":[{"url":"code","valueString":"copyrightyear"},{"url":"value","valueString":"2022+"}],"url":"http://hl7.org/fhir/tools/StructureDefinition/ig-parameter"},{"extension":[{"url":"code","valueString":"releaselabel"},{"url":"value","valueString":"Build CI"}],"url":"http://hl7.org/fhir/tools/StructureDefinition/ig-parameter"},{"extension":[{"url":"code","valueString":"autoload-resources"},{"url":"value","valueString":"true"}],"url":"http://hl7.org/fhir/tools/StructureDefinition/ig-parameter"},{"extension":[{"url":"code","valueString":"path-liquid"},{"url":"value","valueString":"template/liquid"}],"url":"http://hl7.org/fhir/tools/StructureDefinition/ig-parameter"},{"extension":[{"url":"code","valueString":"path-liquid"},{"url":"value","valueString":"input/liquid"}],"url":"http://hl7.org/fhir/tools/StructureDefinition/ig-parameter"},{"extension":[{"url":"code","valueString":"path-qa"},{"url":"value","valueString":"temp/qa"}],"url":"http://hl7.org/fhir/tools/StructureDefinition/ig-parameter"},{"extension":[{"url":"code","valueString":"path-temp"},{"url":"value","valueString":"temp/pages"}],"url":"http://hl7.org/fhir/tools/StructureDefinition/ig-parameter"},{"extension":[{"url":"code","valueString":"path-output"},{"url":"value","valueString":"output"}],"url":"http://hl7.org/fhir/tools/StructureDefinition/ig-parameter"},{"extension":[{"url":"code","valueString":"path-suppressed-warnings"},{"url":"value","valueString":"input/ignoreWarnings.txt"}],"url":"http://hl7.org/fhir/tools/StructureDefinition/ig-parameter"},{"extension":[{"url":"code","valueString":"path-history"},{"url":"value","valueString":"http://hlth.gov.bc.ca/fhir/client/history.html"}],"url":"http://hl7.org/fhir/tools/StructureDefinition/ig-parameter"},{"extension":[{"url":"code","valueString":"template-html"},{"url":"value","valueString":"template-page.html"}],"url":"http://hl7.org/fhir/tools/StructureDefinition/ig-parameter"},{"extension":[{"url":"code","valueString":"template-md"},{"url":"value","valueString":"template-page-md.html"}],"url":"http://hl7.org/fhir/tools/StructureDefinition/ig-parameter"},{"extension":[{"url":"code","valueString":"apply-contact"},{"url":"value","valueString":"true"}],"url":"http://hl7.org/fhir/tools/StructureDefinition/ig-parameter"},{"extension":[{"url":"code","valueString":"apply-context"},{"url":"value","valueString":"true"}],"url":"http://hl7.org/fhir/tools/StructureDefinition/ig-parameter"},{"extension":[{"url":"code","valueString":"apply-copyright"},{"url":"value","valueString":"true"}],"url":"http://hl7.org/fhir/tools/StructureDefinition/ig-parameter"},{"extension":[{"url":"code","valueString":"apply-jurisdiction"},{"url":"value","valueString":"true"}],"url":"http://hl7.org/fhir/tools/StructureDefinition/ig-parameter"},{"extension":[{"url":"code","valueString":"apply-license"},{"url":"value","valueString":"true"}],"url":"http://hl7.org/fhir/tools/StructureDefinition/ig-parameter"},{"extension":[{"url":"code","valueString":"apply-publisher"},{"url":"value","valueString":"true"}],"url":"http://hl7.org/fhir/tools/StructureDefinition/ig-parameter"},{"extension":[{"url":"code","valueString":"apply-version"},{"url":"value","valueString":"true"}],"url":"http://hl7.org/fhir/tools/StructureDefinition/ig-parameter"},{"extension":[{"url":"code","valueString":"active-tables"},{"url":"value","valueString":"true"}],"url":"http://hl7.org/fhir/tools/StructureDefinition/ig-parameter"},{"extension":[{"url":"code","valueString":"fmm-definition"},{"url":"value","valueString":"http://hl7.org/fhir/versions.html#maturity"}],"url":"http://hl7.org/fhir/tools/StructureDefinition/ig-parameter"},{"extension":[{"url":"code","valueString":"propagate-status"},{"url":"value","valueString":"true"}],"url":"http://hl7.org/fhir/tools/StructureDefinition/ig-parameter"},{"extension":[{"url":"code","valueString":"excludelogbinaryformat"},{"url":"value","valueString":"true"}],"url":"http://hl7.org/fhir/tools/StructureDefinition/ig-parameter"},{"extension":[{"url":"code","valueString":"tabbed-snapshots"},{"url":"value","valueString":"true"}],"url":"http://hl7.org/fhir/tools/StructureDefinition/ig-parameter"},{"extension":[{"url":"code","valueString":"copyrightyear"},{"url":"value","valueString":"2022+"}],"url":"http://hl7.org/fhir/tools/StructureDefinition/ig-parameter"},{"extension":[{"url":"code","valueString":"releaselabel"},{"url":"value","valueString":"Build CI"}],"url":"http://hl7.org/fhir/tools/StructureDefinition/ig-parameter"},{"extension":[{"url":"code","valueString":"autoload-resources"},{"url":"value","valueString":"true"}],"url":"http://hl7.org/fhir/tools/StructureDefinition/ig-parameter"},{"extension":[{"url":"code","valueString":"path-liquid"},{"url":"value","valueString":"template/liquid"}],"url":"http://hl7.org/fhir/tools/StructureDefinition/ig-parameter"},{"extension":[{"url":"code","valueString":"path-liquid"},{"url":"value","valueString":"input/liquid"}],"url":"http://hl7.org/fhir/tools/StructureDefinition/ig-parameter"},{"extension":[{"url":"code","valueString":"path-qa"},{"url":"value","valueString":"temp/qa"}],"url":"http://hl7.org/fhir/tools/StructureDefinition/ig-parameter"},{"extension":[{"url":"code","valueString":"path-temp"},{"url":"value","valueString":"temp/pages"}],"url":"http://hl7.org/fhir/tools/StructureDefinition/ig-parameter"},{"extension":[{"url":"code","valueString":"path-output"},{"url":"value","valueString":"output"}],"url":"http://hl7.org/fhir/tools/StructureDefinition/ig-parameter"},{"extension":[{"url":"code","valueString":"path-suppressed-warnings"},{"url":"value","valueString":"input/ignoreWarnings.txt"}],"url":"http://hl7.org/fhir/tools/StructureDefinition/ig-parameter"},{"extension":[{"url":"code","valueString":"path-history"},{"url":"value","valueString":"http://hlth.gov.bc.ca/fhir/client/history.html"}],"url":"http://hl7.org/fhir/tools/StructureDefinition/ig-parameter"},{"extension":[{"url":"code","valueString":"template-html"},{"url":"value","valueString":"template-page.html"}],"url":"http://hl7.org/fhir/tools/StructureDefinition/ig-parameter"},{"extension":[{"url":"code","valueString":"template-md"},{"url":"value","valueString":"template-page-md.html"}],"url":"http://hl7.org/fhir/tools/StructureDefinition/ig-parameter"},{"extension":[{"url":"code","valueString":"apply-contact"},{"url":"value","valueString":"true"}],"url":"http://hl7.org/fhir/tools/StructureDefinition/ig-parameter"},{"extension":[{"url":"code","valueString":"apply-context"},{"url":"value","valueString":"true"}],"url":"http://hl7.org/fhir/tools/StructureDefinition/ig-parameter"},{"extension":[{"url":"code","valueString":"apply-copyright"},{"url":"value","valueString":"true"}],"url":"http://hl7.org/fhir/tools/StructureDefinition/ig-parameter"},{"extension":[{"url":"code","valueString":"apply-jurisdiction"},{"url":"value","valueString":"true"}],"url":"http://hl7.org/fhir/tools/StructureDefinition/ig-parameter"},{"extension":[{"url":"code","valueString":"apply-license"},{"url":"value","valueString":"true"}],"url":"http://hl7.org/fhir/tools/StructureDefinition/ig-parameter"},{"extension":[{"url":"code","valueString":"apply-publisher"},{"url":"value","valueString":"true"}],"url":"http://hl7.org/fhir/tools/StructureDefinition/ig-parameter"},{"extension":[{"url":"code","valueString":"apply-version"},{"url":"value","valueString":"true"}],"url":"http://hl7.org/fhir/tools/StructureDefinition/ig-parameter"},{"extension":[{"url":"code","valueString":"active-tables"},{"url":"value","valueString":"true"}],"url":"http://hl7.org/fhir/tools/StructureDefinition/ig-parameter"},{"extension":[{"url":"code","valueString":"fmm-definition"},{"url":"value","valueString":"http://hl7.org/fhir/versions.html#maturity"}],"url":"http://hl7.org/fhir/tools/StructureDefinition/ig-parameter"},{"extension":[{"url":"code","valueString":"propagate-status"},{"url":"value","valueString":"true"}],"url":"http://hl7.org/fhir/tools/StructureDefinition/ig-parameter"},{"extension":[{"url":"code","valueString":"excludelogbinaryformat"},{"url":"value","valueString":"true"}],"url":"http://hl7.org/fhir/tools/StructureDefinition/ig-parameter"},{"extension":[{"url":"code","valueString":"tabbed-snapshots"},{"url":"value","valueString":"true"}],"url":"http://hl7.org/fhir/tools/StructureDefinition/ig-parameter"}],"grouping":[{"id":"CapabilityStatement","name":"Capability Statement","description":"The Capability Statement for Client Registry"},{"id":"Operations","name":"Operation Definitions","description":"The defined Operations"},{"id":"PatientProfile","name":"Patient Profile","description":"The BC Patient profile"},{"id":"SupportingProfiles","name":"Supporting Profiles","description":"Artifacts associated with resources that support Patient and Client Registry Operations"},{"id":"RequestExamples","name":"Request Examples","description":"A set of operation request examples"},{"id":"ResponseExamples","name":"Response Examples","description":"A set of operation response examples"},{"id":"-str-extension","name":"Structures: Extension Definitions","description":"These define constraints on FHIR data types for systems conforming to this implementation guide."},{"id":"-term-valueset","name":"Terminology: Value Sets","description":"These define sets of codes used by systems conforming to this implementation guide."},{"id":"-term-codesystem","name":"Terminology: Code Systems","description":"These define new code systems used by systems conforming to this implementation guide."},{"id":"-ex-example","name":"Example: Example Instances","description":"These are example instances that show what data produced and consumed by systems conforming with this implementation guide might look like."}],"resource":[{"extension":[{"url":"http://hl7.org/fhir/StructureDefinition/implementationguide-page","valueUri":"StructureDefinition-bc-add-request-bundle.html"}],"reference":{"reference":"StructureDefinition/bc-add-request-bundle"},"name":"AddRequestBundle","description":"A Bundle that is used in the Client Registry for Add Patient requests.","exampleBoolean":false,"groupingId":"SupportingProfiles"},{"extension":[{"url":"http://hl7.org/fhir/StructureDefinition/implementationguide-page","valueUri":"StructureDefinition-bc-add-response-bundle.html"}],"reference":{"reference":"StructureDefinition/bc-add-response-bundle"},"name":"AddResponseBundle","description":"A Bundle that is used in the Client Registry response to Add Patient requests.","exampleBoolean":false,"groupingId":"SupportingProfiles"},{"extension":[{"url":"http://hl7.org/fhir/StructureDefinition/implementationguide-page","valueUri":"StructureDefinition-bc-async-ack-response-bundle.html"}],"reference":{"reference":"StructureDefinition/bc-async-ack-response-bundle"},"name":"AsyncAckBundle","description":"A Bundle that is used for the ACK response to an aynchronous operation request.","exampleBoolean":false,"groupingId":"SupportingProfiles"},{"extension":[{"url":"http://hl7.org/fhir/StructureDefinition/implementationguide-page","valueUri":"StructureDefinition-bc-patient.html"}],"reference":{"reference":"StructureDefinition/bc-patient"},"name":"ClientRegistryPatient","description":"General constraints on the Patient resource for use in the BC Client Registry project.","exampleBoolean":false,"groupingId":"PatientProfile"},{"extension":[{"url":"http://hl7.org/fhir/StructureDefinition/implementationguide-page","valueUri":"StructureDefinition-bc-find-candidates-request-bundle.html"}],"reference":{"reference":"StructureDefinition/bc-find-candidates-request-bundle"},"name":"FindCandidatesRequestBundle","description":"A Bundle that is used in the Find Candidates Operation request.","exampleBoolean":false,"groupingId":"SupportingProfiles"},{"extension":[{"url":"http://hl7.org/fhir/StructureDefinition/implementationguide-page","valueUri":"StructureDefinition-bc-get-demographics-request-bundle.html"}],"reference":{"reference":"StructureDefinition/bc-get-demographics-request-bundle"},"name":"GetDemographicsRequestBundle","description":"A Bundle that is used in the Get Demographics Operation request.","exampleBoolean":false,"groupingId":"SupportingProfiles"},{"extension":[{"url":"http://hl7.org/fhir/StructureDefinition/implementationguide-page","valueUri":"StructureDefinition-bc-merge-request-bundle.html"}],"reference":{"reference":"StructureDefinition/bc-merge-request-bundle"},"name":"MergeRequestBundle","description":"A Bundle that is used in the Client Registry for Add Patient requests.","exampleBoolean":false,"groupingId":"SupportingProfiles"},{"extension":[{"url":"http://hl7.org/fhir/StructureDefinition/implementationguide-page","valueUri":"StructureDefinition-bc-merge-response-bundle.html"}],"reference":{"reference":"StructureDefinition/bc-merge-response-bundle"},"name":"MergeResponseBundle","description":"A Bundle that is used in the Client Registry response to Merge Patient requests.","exampleBoolean":false,"groupingId":"SupportingProfiles"},{"extension":[{"url":"http://hl7.org/fhir/StructureDefinition/implementationguide-page","valueUri":"StructureDefinition-bc-metadata-parameter-async-response.html"}],"reference":{"reference":"StructureDefinition/bc-metadata-parameter-async-response"},"name":"MetadataParametersAsync","description":"Parameters profile for BC meta data - outbound messages.","exampleBoolean":false,"groupingId":"SupportingProfiles"},{"extension":[{"url":"http://hl7.org/fhir/StructureDefinition/implementationguide-page","valueUri":"StructureDefinition-bc-metadata-parameters-in.html"}],"reference":{"reference":"StructureDefinition/bc-metadata-parameters-in"},"name":"MetadataParametersIn","description":"Parameters profile for BC meta data - incoming messages.","exampleBoolean":false,"groupingId":"SupportingProfiles"},{"extension":[{"url":"http://hl7.org/fhir/StructureDefinition/implementationguide-page","valueUri":"StructureDefinition-bc-metadata-parameters-out.html"}],"reference":{"reference":"StructureDefinition/bc-metadata-parameters-out"},"name":"MetadataParametersOut","description":"Parameters profile for BC meta data - outbound messages.","exampleBoolean":false,"groupingId":"SupportingProfiles"},{"extension":[{"url":"http://hl7.org/fhir/StructureDefinition/implementationguide-page","valueUri":"StructureDefinition-bc-update-patient.html"}],"reference":{"reference":"StructureDefinition/bc-update-patient"},"name":"PartialPatientUpdate","description":"Patient profile used to update a Patient.","exampleBoolean":false,"groupingId":"PatientProfile"},{"extension":[{"url":"http://hl7.org/fhir/StructureDefinition/implementationguide-page","valueUri":"StructureDefinition-bc-update-request-bundle.html"}],"reference":{"reference":"StructureDefinition/bc-update-request-bundle"},"name":"PartialUpdateRequestBundle","description":"A Bundle that is used in the Client Registry for Patient update requests.","exampleBoolean":false,"groupingId":"SupportingProfiles"},{"extension":[{"url":"http://hl7.org/fhir/StructureDefinition/implementationguide-page","valueUri":"StructureDefinition-bc-patient-by-example.html"}],"reference":{"reference":"StructureDefinition/bc-patient-by-example"},"name":"PatientByExample","description":"General constraints on the Patient resource for use in the BC Client Registry project for queries.","exampleBoolean":false,"groupingId":"PatientProfile"},{"extension":[{"url":"http://hl7.org/fhir/StructureDefinition/implementationguide-page","valueUri":"StructureDefinition-bc-merge-patient.html"}],"reference":{"reference":"StructureDefinition/bc-merge-patient"},"name":"PatientMerge","description":"General constraints on the Patient resource for use in the BC Client Registry project Merge Operation.","exampleBoolean":false,"groupingId":"PatientProfile"},{"extension":[{"url":"http://hl7.org/fhir/StructureDefinition/implementationguide-page","valueUri":"StructureDefinition-bc-revise-request-bundle.html"}],"reference":{"reference":"StructureDefinition/bc-revise-request-bundle"},"name":"ReviseRequestBundle","description":"A Bundle that is used in the Client Registry for Revise Patient requests.  This is also used by Patient Notitifications.","exampleBoolean":false,"groupingId":"SupportingProfiles"},{"extension":[{"url":"http://hl7.org/fhir/StructureDefinition/implementationguide-page","valueUri":"StructureDefinition-bc-revise-response-bundle.html"}],"reference":{"reference":"StructureDefinition/bc-revise-response-bundle"},"name":"ReviseResponseBundle","description":"A Bundle that is used in the Client Registry response to Revise Patient requests.","exampleBoolean":false,"groupingId":"SupportingProfiles"},{"extension":[{"url":"http://hl7.org/fhir/StructureDefinition/implementationguide-page","valueUri":"StructureDefinition-bc-search-response-bundle.html"}],"reference":{"reference":"StructureDefinition/bc-search-response-bundle"},"name":"SearchResponseBundle","description":"A Bundle that is used in the Client Registry response to Find Candidates and Get Demographics queries.","exampleBoolean":false,"groupingId":"SupportingProfiles"},{"extension":[{"url":"http://hl7.org/fhir/StructureDefinition/implementationguide-page","valueUri":"StructureDefinition-bc-search-withEligibility-response-bundle.html"}],"reference":{"reference":"StructureDefinition/bc-search-withEligibility-response-bundle"},"name":"SearchWithEligibilityResponseBundle","description":"A Bundle that is used in the Client Registry response to Get Demographics with Eligibility queries.","exampleBoolean":false,"groupingId":"SupportingProfiles"},{"extension":[{"url":"http://hl7.org/fhir/StructureDefinition/implementationguide-page","valueUri":"StructureDefinition-bc-birthdate-history-extension.html"}],"reference":{"reference":"StructureDefinition/bc-birthdate-history-extension"},"name":"BC Birth Date History","description":"This extension allows the Client Registry to include historical birth dates in a single Patient resource.","exampleBoolean":false,"groupingId":"-str-extension"},{"extension":[{"url":"http://hl7.org/fhir/StructureDefinition/implementationguide-page","valueUri":"StructureDefinition-bc-business-period-extension.html"}],"reference":{"reference":"StructureDefinition/bc-business-period-extension"},"name":"BC Business Dates","description":"The effective dates for the parent element.","exampleBoolean":false,"groupingId":"-str-extension"},{"extension":[{"url":"http://hl7.org/fhir/StructureDefinition/implementationguide-page","valueUri":"StructureDefinition-bc-death-date-history-extension.html"}],"reference":{"reference":"StructureDefinition/bc-death-date-history-extension"},"name":"BC Death Date History","description":"This extension allows the Client Registry to include historical death dates and flags in a single Patient resource.","exampleBoolean":false,"groupingId":"-str-extension"},{"extension":[{"url":"http://hl7.org/fhir/StructureDefinition/implementationguide-page","valueUri":"StructureDefinition-bc-death-verified-flag-extension.html"}],"reference":{"reference":"StructureDefinition/bc-death-verified-flag-extension"},"name":"BC Death Verified Flag","description":"The Patients death is verified and as recorded in the Client Registry as a flag.  This also includes death verified flag history as required.","exampleBoolean":false,"groupingId":"-str-extension"},{"extension":[{"url":"http://hl7.org/fhir/StructureDefinition/implementationguide-page","valueUri":"StructureDefinition-bc-death-verified-flag-history-extension.html"}],"reference":{"reference":"StructureDefinition/bc-death-verified-flag-history-extension"},"name":"BC Death Verified Flag History","description":"This extension allows the Client Registry to include historical death flags in a single Patient resource.","exampleBoolean":false,"groupingId":"-str-extension"},{"extension":[{"url":"http://hl7.org/fhir/StructureDefinition/implementationguide-page","valueUri":"StructureDefinition-bc-gender-history-extension.html"}],"reference":{"reference":"StructureDefinition/bc-gender-history-extension"},"name":"BC Gender History","description":"This extension allows the Client Registry to include historical gender codes in a single Patient resource.","exampleBoolean":false,"groupingId":"-str-extension"},{"extension":[{"url":"http://hl7.org/fhir/StructureDefinition/implementationguide-page","valueUri":"StructureDefinition-bc-gender-identity-extension.html"}],"reference":{"reference":"StructureDefinition/bc-gender-identity-extension"},"name":"BC Gender Identity with business dates.","description":"Gender Identity with business dates.","exampleBoolean":false,"groupingId":"-str-extension"},{"extension":[{"url":"http://hl7.org/fhir/StructureDefinition/implementationguide-page","valueUri":"StructureDefinition-bc-identifier-status-extension.html"}],"reference":{"reference":"StructureDefinition/bc-identifier-status-extension"},"name":"BC Identifier Status","description":"Identifier status.","exampleBoolean":false,"groupingId":"-str-extension"},{"extension":[{"url":"http://hl7.org/fhir/StructureDefinition/implementationguide-page","valueUri":"StructureDefinition-bc-merge-status-extension.html"}],"reference":{"reference":"StructureDefinition/bc-merge-status-extension"},"name":"BC Merge Status Code","description":"A code that represents the Merge status of the Patient.","exampleBoolean":false,"groupingId":"-str-extension"},{"extension":[{"url":"http://hl7.org/fhir/StructureDefinition/implementationguide-page","valueUri":"StructureDefinition-bc-multiplebirth-history-extension.html"}],"reference":{"reference":"StructureDefinition/bc-multiplebirth-history-extension"},"name":"BC Multiple Birth History","description":"This extension allows the Client Registry to include historical multiple birth values in a single Patient resource.","exampleBoolean":false,"groupingId":"-str-extension"},{"extension":[{"url":"http://hl7.org/fhir/StructureDefinition/implementationguide-page","valueUri":"StructureDefinition-bc-sourceId-extension.html"}],"reference":{"reference":"StructureDefinition/bc-sourceId-extension"},"name":"BC SourceID and UserID","description":"Identifiers for the source and user that modified the specific element that this extension is on.","exampleBoolean":false,"groupingId":"-str-extension"},{"extension":[{"url":"http://hl7.org/fhir/StructureDefinition/implementationguide-page","valueUri":"StructureDefinition-bc-update-patient-operation-extension.html"}],"reference":{"reference":"StructureDefinition/bc-update-patient-operation-extension"},"name":"A code the describes how a particular Patient attribute is to be changed","description":"A code the describes how a particular Patient attribute is to be changed.","exampleBoolean":false,"groupingId":"-str-extension"},{"extension":[{"url":"http://hl7.org/fhir/StructureDefinition/implementationguide-page","valueUri":"StructureDefinition-bc-validation-status-extension.html"}],"reference":{"reference":"StructureDefinition/bc-validation-status-extension"},"name":"BC Address Validation Status Code","description":"A code that represents the validation status of the address","exampleBoolean":false,"groupingId":"-str-extension"},{"extension":[{"url":"http://hl7.org/fhir/StructureDefinition/implementationguide-page","valueUri":"ValueSet-bc-address-validation-value-set.html"}],"reference":{"reference":"ValueSet/bc-address-validation-value-set"},"name":"BC Address Validation Value Set","description":"BC Address Validation value set used to describe the validation status of an address","exampleBoolean":false,"groupingId":"-term-valueset"},{"extension":[{"url":"http://hl7.org/fhir/StructureDefinition/implementationguide-page","valueUri":"ValueSet-bc-contact-point-system-value-set.html"}],"reference":{"reference":"ValueSet/bc-contact-point-system-value-set"},"name":"BC Contact Point System Value Set","description":"BC Contact Point System value set, sliced to meet BC constraints.","exampleBoolean":false,"groupingId":"-term-valueset"},{"extension":[{"url":"http://hl7.org/fhir/StructureDefinition/implementationguide-page","valueUri":"ValueSet-bc-contact-point-use-value-set.html"}],"reference":{"reference":"ValueSet/bc-contact-point-use-value-set"},"name":"BC Contact Point Use Value Set","description":"BC Contact Point Use value set, sliced to meet BC constraints.","exampleBoolean":false,"groupingId":"-term-valueset"},{"extension":[{"url":"http://hl7.org/fhir/StructureDefinition/implementationguide-page","valueUri":"ValueSet-bc-identifier-status-value-set.html"}],"reference":{"reference":"ValueSet/bc-identifier-status-value-set"},"name":"BC Identifier Status Value Set","description":"BC Identifier Status value set used to describe the status of an identifier.","exampleBoolean":false,"groupingId":"-term-valueset"},{"extension":[{"url":"http://hl7.org/fhir/StructureDefinition/implementationguide-page","valueUri":"ValueSet-bc-merge-status-value-set.html"}],"reference":{"reference":"ValueSet/bc-merge-status-value-set"},"name":"BC Merge Status Value Set","description":"BC Merge Status value set used to describe the merge status of a Patient.","exampleBoolean":false,"groupingId":"-term-valueset"},{"extension":[{"url":"http://hl7.org/fhir/StructureDefinition/implementationguide-page","valueUri":"ValueSet-bc-name-use-value-set.html"}],"reference":{"reference":"ValueSet/bc-name-use-value-set"},"name":"BC Name Use value set.","description":"BC Name Use value set, sliced to meet BC constraints.","exampleBoolean":false,"groupingId":"-term-valueset"},{"extension":[{"url":"http://hl7.org/fhir/StructureDefinition/implementationguide-page","valueUri":"ValueSet-bc-client-registry-update-patient-operation-value-set.html"}],"reference":{"reference":"ValueSet/bc-client-registry-update-patient-operation-value-set"},"name":"BC Update Patient Operation Value Set","description":"A Value Set of allowed update operations.","exampleBoolean":false,"groupingId":"-term-valueset"},{"extension":[{"url":"http://hl7.org/fhir/StructureDefinition/implementationguide-page","valueUri":"CodeSystem-bc-client-registry-address-validation-code-system.html"}],"reference":{"reference":"CodeSystem/bc-client-registry-address-validation-code-system"},"name":"BC Client Registry Address Validation Status Code","description":"Codes used to define the address validation status.","exampleBoolean":false,"groupingId":"-term-codesystem"},{"extension":[{"url":"http://hl7.org/fhir/StructureDefinition/implementationguide-page","valueUri":"CodeSystem-bc-identifier-status-code-system.html"}],"reference":{"reference":"CodeSystem/bc-identifier-status-code-system"},"name":"BC Client registry identifier status code system","description":"BC Client registry identifier status code system.","exampleBoolean":false,"groupingId":"-term-codesystem"},{"extension":[{"url":"http://hl7.org/fhir/StructureDefinition/implementationguide-page","valueUri":"CodeSystem-bc-client-registry-merge-status-code-system.html"}],"reference":{"reference":"CodeSystem/bc-client-registry-merge-status-code-system"},"name":"BC Client Registry merge status.","description":"Codes used to describe the merge status.","exampleBoolean":false,"groupingId":"-term-codesystem"},{"extension":[{"url":"http://hl7.org/fhir/StructureDefinition/implementationguide-page","valueUri":"CodeSystem-bc-operation-outcome-details-code-system.html"}],"reference":{"reference":"CodeSystem/bc-operation-outcome-details-code-system"},"name":"BC Client Registry Operation Outcome details code system","description":"BC Client Registry Operation Outcome details code system","exampleBoolean":false,"groupingId":"-term-codesystem"},{"extension":[{"url":"http://hl7.org/fhir/StructureDefinition/implementationguide-page","valueUri":"CodeSystem-bc-client-registry-update-patient-operation-code-system.html"}],"reference":{"reference":"CodeSystem/bc-client-registry-update-patient-operation-code-system"},"name":"BC Code System Of Allowed Update Operations","description":"BC Code System of allowed update patient operations.","exampleBoolean":false,"groupingId":"-term-codesystem"},{"extension":[{"url":"http://hl7.org/fhir/StructureDefinition/implementationguide-page","valueUri":"Bundle-Bundle-AddPatient-Newborn-Request-Example.html"}],"reference":{"reference":"Bundle/Bundle-AddPatient-Newborn-Request-Example"},"name":"Bundle-AddPatient-Newborn-Request-Example","description":"Example of $AddPatient operation for a newborn.","exampleCanonical":"http://hlth.gov.bc.ca/fhir/client/StructureDefinition/bc-add-request-bundle","groupingId":"RequestExamples"},{"extension":[{"url":"http://hl7.org/fhir/StructureDefinition/implementationguide-page","valueUri":"Bundle-Bundle-AddPatient-Request-Example.html"}],"reference":{"reference":"Bundle/Bundle-AddPatient-Request-Example"},"name":"Bundle-AddPatient-Request-Example","description":"Example of $AddPatient operation.","exampleCanonical":"http://hlth.gov.bc.ca/fhir/client/StructureDefinition/bc-add-request-bundle","groupingId":"RequestExamples"},{"extension":[{"url":"http://hl7.org/fhir/StructureDefinition/implementationguide-page","valueUri":"Bundle-Bundle-AddPatient-Response-Example.html"}],"reference":{"reference":"Bundle/Bundle-AddPatient-Response-Example"},"name":"Bundle-AddPatient-Response-Example","description":"A sample AddPatient Operation response.","exampleCanonical":"http://hlth.gov.bc.ca/fhir/client/StructureDefinition/bc-add-response-bundle","groupingId":"ResponseExamples"},{"extension":[{"url":"http://hl7.org/fhir/StructureDefinition/implementationguide-page","valueUri":"Bundle-Bundle-FindCandidates-Response-Example.html"}],"reference":{"reference":"Bundle/Bundle-FindCandidates-Response-Example"},"name":"Bundle-FindCandidates-Response-Example","description":"Example of FindCandidates response Bundle.  Patient0 has PHN, alternate, SRI and SSRI identifier examples.","exampleCanonical":"http://hlth.gov.bc.ca/fhir/client/StructureDefinition/bc-search-response-bundle","groupingId":"ResponseExamples"},{"extension":[{"url":"http://hl7.org/fhir/StructureDefinition/implementationguide-page","valueUri":"Bundle-Bundle-FindCandidates-Response-MomsPHN-Example.html"}],"reference":{"reference":"Bundle/Bundle-FindCandidates-Response-MomsPHN-Example"},"name":"Bundle-FindCandidates-Response-MomsPHN-Example","description":"Example of FindCandidates with mother's PHN response Bundle.","exampleCanonical":"http://hlth.gov.bc.ca/fhir/client/StructureDefinition/bc-search-response-bundle","groupingId":"ResponseExamples"},{"extension":[{"url":"http://hl7.org/fhir/StructureDefinition/implementationguide-page","valueUri":"Bundle-Bundle-FindCandidates-UsingMomsPHN-Request-Example.html"}],"reference":{"reference":"Bundle/Bundle-FindCandidates-UsingMomsPHN-Request-Example"},"name":"Bundle-FindCandidates-UsingMomsPHN-Request-Example","description":"Example of $FindCandidates operation with Mother's PHN.","exampleCanonical":"http://hlth.gov.bc.ca/fhir/client/StructureDefinition/bc-find-candidates-request-bundle","groupingId":"RequestExamples"},{"extension":[{"url":"http://hl7.org/fhir/StructureDefinition/implementationguide-page","valueUri":"Bundle-Bundle-FindCandidatesByExample-Request-Example.html"}],"reference":{"reference":"Bundle/Bundle-FindCandidatesByExample-Request-Example"},"name":"Bundle-FindCandidatesByExample-Request-Example","description":"Example of $FindCandidates operation","exampleCanonical":"http://hlth.gov.bc.ca/fhir/client/StructureDefinition/bc-find-candidates-request-bundle","groupingId":"RequestExamples"},{"extension":[{"url":"http://hl7.org/fhir/StructureDefinition/implementationguide-page","valueUri":"Bundle-Bundle-GetDemographics-Request-Example.html"}],"reference":{"reference":"Bundle/Bundle-GetDemographics-Request-Example"},"name":"Bundle-GetDemographics-Request-Example","description":"Example of $GetDemographics operation","exampleCanonical":"http://hlth.gov.bc.ca/fhir/client/StructureDefinition/bc-get-demographics-request-bundle","groupingId":"RequestExamples"},{"extension":[{"url":"http://hl7.org/fhir/StructureDefinition/implementationguide-page","valueUri":"Bundle-Bundle-GetDemographics-Response-Example.html"}],"reference":{"reference":"Bundle/Bundle-GetDemographics-Response-Example"},"name":"Bundle-GetDemographics-Response-Example","description":"Example of $GetDemographics operation response Bundle","exampleCanonical":"http://hlth.gov.bc.ca/fhir/client/StructureDefinition/bc-search-response-bundle","groupingId":"ResponseExamples"},{"extension":[{"url":"http://hl7.org/fhir/StructureDefinition/implementationguide-page","valueUri":"Bundle-Bundle-GetDemographicsWithEligibility-Response-Example.html"}],"reference":{"reference":"Bundle/Bundle-GetDemographicsWithEligibility-Response-Example"},"name":"Bundle-GetDemographicsWithEligibility-Response-Example","description":"Example of $GetDemographics.withEligibility operation response Bundle","exampleCanonical":"http://hlth.gov.bc.ca/fhir/client/StructureDefinition/bc-search-response-bundle","groupingId":"ResponseExamples"},{"extension":[{"url":"http://hl7.org/fhir/StructureDefinition/implementationguide-page","valueUri":"Bundle-Bundle-MergePatient-Request-Example.html"}],"reference":{"reference":"Bundle/Bundle-MergePatient-Request-Example"},"name":"Bundle-MergePatient-Request-Example","description":"Example of $MergePatient operation.","exampleCanonical":"http://hlth.gov.bc.ca/fhir/client/StructureDefinition/bc-merge-request-bundle","groupingId":"RequestExamples"},{"extension":[{"url":"http://hl7.org/fhir/StructureDefinition/implementationguide-page","valueUri":"Bundle-Bundle-MergePatient-Response-Example.html"}],"reference":{"reference":"Bundle/Bundle-MergePatient-Response-Example"},"name":"Bundle-MergePatient-Response-Example","description":"A sample MergePatient Operation response.","exampleCanonical":"http://hlth.gov.bc.ca/fhir/client/StructureDefinition/bc-merge-response-bundle","groupingId":"ResponseExamples"},{"extension":[{"url":"http://hl7.org/fhir/StructureDefinition/implementationguide-page","valueUri":"Bundle-Bundle-RevisePatient-Request-Example.html"}],"reference":{"reference":"Bundle/Bundle-RevisePatient-Request-Example"},"name":"Bundle-RevisePatient-Request-Example","description":"Example of $RevisePatient operation.","exampleCanonical":"http://hlth.gov.bc.ca/fhir/client/StructureDefinition/bc-revise-request-bundle","groupingId":"RequestExamples"},{"extension":[{"url":"http://hl7.org/fhir/StructureDefinition/implementationguide-page","valueUri":"Bundle-Bundle-RevisePatient-Response-Example.html"}],"reference":{"reference":"Bundle/Bundle-RevisePatient-Response-Example"},"name":"Bundle-RevisePatient-Response-Example","description":"A sample RevisePatient Operation response.","exampleCanonical":"http://hlth.gov.bc.ca/fhir/client/StructureDefinition/bc-revise-response-bundle","groupingId":"ResponseExamples"},{"extension":[{"url":"http://hl7.org/fhir/StructureDefinition/implementationguide-page","valueUri":"Bundle-Bundle-UpdatePatient-Request-Example.html"}],"reference":{"reference":"Bundle/Bundle-UpdatePatient-Request-Example"},"name":"Bundle-UpdatePatient-Request-Example","description":"A sample UpdatePatient request.","exampleCanonical":"http://hlth.gov.bc.ca/fhir/client/StructureDefinition/bc-update-request-bundle","groupingId":"-ex-example"},{"extension":[{"url":"http://hl7.org/fhir/StructureDefinition/implementationguide-page","valueUri":"Bundle-Bundle-UpdatePatient-Response-Example.html"}],"reference":{"reference":"Bundle/Bundle-UpdatePatient-Response-Example"},"name":"Bundle-UpdatePatient-Response-Example","description":"A sample UpdatePatient Operation response.","exampleCanonical":"http://hlth.gov.bc.ca/fhir/client/StructureDefinition/bc-revise-response-bundle","groupingId":"ResponseExamples"},{"extension":[{"url":"http://hl7.org/fhir/StructureDefinition/implementationguide-page","valueUri":"Coverage-Coverage-Active-Example.html"}],"reference":{"reference":"Coverage/Coverage-Active-Example"},"name":"Coverage-Active-Example","description":"Example of Get Eligibility response, the patient is eligible.","exampleBoolean":true,"groupingId":"-ex-example"},{"extension":[{"url":"http://hl7.org/fhir/StructureDefinition/implementationguide-page","valueUri":"Coverage-Coverage-InActive-Example.html"}],"reference":{"reference":"Coverage/Coverage-InActive-Example"},"name":"Coverage-InActive-Example","description":"Example of Get Eligibility response, the patient is not eligible.","exampleBoolean":true,"groupingId":"-ex-example"},{"extension":[{"url":"http://hl7.org/fhir/StructureDefinition/implementationguide-page","valueUri":"RelatedPerson-MothersPHN-RelatedPerson-ForFC.html"}],"reference":{"reference":"RelatedPerson/MothersPHN-RelatedPerson-ForFC"},"name":"MothersPHN-RelatedPerson-ForFC","description":"RelatedPerson, representing Mother, for Find Candidate Operation by mother's PHN","exampleBoolean":true,"groupingId":"-ex-example"},{"extension":[{"url":"http://hl7.org/fhir/StructureDefinition/implementationguide-page","valueUri":"OperationOutcome-OperationOutcome-Example.html"}],"reference":{"reference":"OperationOutcome/OperationOutcome-Example"},"name":"OperationOutcome-Example","description":"Example OperationOutcome for a Client Registry Add, Revise or Merge.","exampleBoolean":true,"groupingId":"-ex-example"},{"extension":[{"url":"http://hl7.org/fhir/StructureDefinition/implementationguide-page","valueUri":"OperationOutcome-OperationOutcome-Example-RP.html"}],"reference":{"reference":"OperationOutcome/OperationOutcome-Example-RP"},"name":"OperationOutcome-Example-RP","description":"Example OperationOutcome for a Client Registry Revise Patient.","exampleBoolean":true,"groupingId":"-ex-example"},{"extension":[{"url":"http://hl7.org/fhir/StructureDefinition/implementationguide-page","valueUri":"OperationOutcome-OperationOutcome-Search-Example.html"}],"reference":{"reference":"OperationOutcome/OperationOutcome-Search-Example"},"name":"OperationOutcome-Search-Example","description":"Example OperationOutcome for a Client Registry Search","exampleBoolean":true,"groupingId":"-ex-example"},{"extension":[{"url":"http://hl7.org/fhir/StructureDefinition/implementationguide-page","valueUri":"Parameters-Parameters-AddPatient-Example.html"}],"reference":{"reference":"Parameters/Parameters-AddPatient-Example"},"name":"Parameters-AddPatient-Example","description":"Example of $AddPatient parameters.","exampleCanonical":"http://hlth.gov.bc.ca/fhir/client/StructureDefinition/bc-metadata-parameters-in","groupingId":"-ex-example"},{"extension":[{"url":"http://hl7.org/fhir/StructureDefinition/implementationguide-page","valueUri":"Parameters-Parameters-AddPatient-Newborn-Example.html"}],"reference":{"reference":"Parameters/Parameters-AddPatient-Newborn-Example"},"name":"Parameters-AddPatient-Newborn-Example","description":"Example of $RevisePatient.Newborn operation where the Patient is a newborn.","exampleCanonical":"http://hlth.gov.bc.ca/fhir/client/StructureDefinition/bc-metadata-parameters-in","groupingId":"-ex-example"},{"extension":[{"url":"http://hl7.org/fhir/StructureDefinition/implementationguide-page","valueUri":"Parameters-Parameters-AddPatient-Response-Example.html"}],"reference":{"reference":"Parameters/Parameters-AddPatient-Response-Example"},"name":"Parameters-AddPatient-Response-Example","description":"Example of Add response Metadata parameters","exampleCanonical":"http://hlth.gov.bc.ca/fhir/client/StructureDefinition/bc-metadata-parameters-out","groupingId":"-ex-example"},{"extension":[{"url":"http://hl7.org/fhir/StructureDefinition/implementationguide-page","valueUri":"Parameters-Parameters-FindCandidates-Example.html"}],"reference":{"reference":"Parameters/Parameters-FindCandidates-Example"},"name":"Parameters-FindCandidates-Example","description":"Example of $FindCandidates search parameters.","exampleCanonical":"http://hlth.gov.bc.ca/fhir/client/StructureDefinition/bc-metadata-parameters-in","groupingId":"-ex-example"},{"extension":[{"url":"http://hl7.org/fhir/StructureDefinition/implementationguide-page","valueUri":"Parameters-Parameters-FindCandidates-Response-Example.html"}],"reference":{"reference":"Parameters/Parameters-FindCandidates-Response-Example"},"name":"Parameters-FindCandidates-Response-Example","description":"Example of $FindCandidates response Metadata parameters","exampleCanonical":"http://hlth.gov.bc.ca/fhir/client/StructureDefinition/bc-metadata-parameters-out","groupingId":"-ex-example"},{"extension":[{"url":"http://hl7.org/fhir/StructureDefinition/implementationguide-page","valueUri":"Parameters-Parameters-GetDemographics-Example.html"}],"reference":{"reference":"Parameters/Parameters-GetDemographics-Example"},"name":"Parameters-GetDemographics-Example","description":"Example of $GetDemographics operation","exampleCanonical":"http://hlth.gov.bc.ca/fhir/client/StructureDefinition/bc-metadata-parameters-in","groupingId":"-ex-example"},{"extension":[{"url":"http://hl7.org/fhir/StructureDefinition/implementationguide-page","valueUri":"Parameters-Parameters-GetDemographics-IN-Example.html"}],"reference":{"reference":"Parameters/Parameters-GetDemographics-IN-Example"},"name":"Parameters-GetDemographics-IN-Example","description":"Example of $GetDemographics operation, IN parameters","exampleBoolean":true,"groupingId":"-ex-example"},{"extension":[{"url":"http://hl7.org/fhir/StructureDefinition/implementationguide-page","valueUri":"Parameters-Parameters-GetDemographics-Response-Example.html"}],"reference":{"reference":"Parameters/Parameters-GetDemographics-Response-Example"},"name":"Parameters-GetDemographics-Response-Example","description":"Example of $GetDemographics response Metadata parameters","exampleCanonical":"http://hlth.gov.bc.ca/fhir/client/StructureDefinition/bc-metadata-parameters-out","groupingId":"-ex-example"},{"extension":[{"url":"http://hl7.org/fhir/StructureDefinition/implementationguide-page","valueUri":"Parameters-Parameters-GetDemographicsWithEligibility-Example.html"}],"reference":{"reference":"Parameters/Parameters-GetDemographicsWithEligibility-Example"},"name":"Parameters-GetDemographicsWithEligibility-Example","description":"Example of $GetDemographics.withEligibility operation","exampleCanonical":"http://hlth.gov.bc.ca/fhir/client/StructureDefinition/bc-metadata-parameters-in","groupingId":"-ex-example"},{"extension":[{"url":"http://hl7.org/fhir/StructureDefinition/implementationguide-page","valueUri":"Parameters-Parameters-GetDemographicsWithEligibility-Response-Example.html"}],"reference":{"reference":"Parameters/Parameters-GetDemographicsWithEligibility-Response-Example"},"name":"Parameters-GetDemographicsWithEligibility-Response-Example","description":"Example of $GetDemographics.withEligibility response Metadata parameters","exampleCanonical":"http://hlth.gov.bc.ca/fhir/client/StructureDefinition/bc-metadata-parameters-out","groupingId":"-ex-example"},{"extension":[{"url":"http://hl7.org/fhir/StructureDefinition/implementationguide-page","valueUri":"Parameters-Parameters-MergePatient-Response-Example.html"}],"reference":{"reference":"Parameters/Parameters-MergePatient-Response-Example"},"name":"Parameters-MergePatient-Response-Example","description":"Example of Merge response Metadata parameters","exampleCanonical":"http://hlth.gov.bc.ca/fhir/client/StructureDefinition/bc-metadata-parameters-out","groupingId":"-ex-example"},{"extension":[{"url":"http://hl7.org/fhir/StructureDefinition/implementationguide-page","valueUri":"Parameters-Parameters-MergePatient-TwoNonSurvivors-Example.html"}],"reference":{"reference":"Parameters/Parameters-MergePatient-TwoNonSurvivors-Example"},"name":"Parameters-MergePatient-TwoNonSurvivors-Example","description":"Example of $MergePatient operation.","exampleCanonical":"http://hlth.gov.bc.ca/fhir/client/StructureDefinition/bc-metadata-parameters-in","groupingId":"-ex-example"},{"extension":[{"url":"http://hl7.org/fhir/StructureDefinition/implementationguide-page","valueUri":"Parameters-Parameters-RevisePatient-Example.html"}],"reference":{"reference":"Parameters/Parameters-RevisePatient-Example"},"name":"Parameters-RevisePatient-Example","description":"Example of $RevisePatient operation that updates an existing Patient","exampleCanonical":"http://hlth.gov.bc.ca/fhir/client/StructureDefinition/bc-metadata-parameters-in","groupingId":"-ex-example"},{"extension":[{"url":"http://hl7.org/fhir/StructureDefinition/implementationguide-page","valueUri":"Parameters-Parameters-RevisePatient-Response-Example.html"}],"reference":{"reference":"Parameters/Parameters-RevisePatient-Response-Example"},"name":"Parameters-RevisePatient-Response-Example","description":"Example of Revise response Metadata parameters","exampleCanonical":"http://hlth.gov.bc.ca/fhir/client/StructureDefinition/bc-metadata-parameters-out","groupingId":"-ex-example"},{"extension":[{"url":"http://hl7.org/fhir/StructureDefinition/implementationguide-page","valueUri":"Parameters-Parameters-UpdatePatient-Request-Example.html"}],"reference":{"reference":"Parameters/Parameters-UpdatePatient-Request-Example"},"name":"Parameters-UpdatePatient-Request-Example","description":"Example of Update response Metadata parameters","exampleCanonical":"http://hlth.gov.bc.ca/fhir/client/StructureDefinition/bc-metadata-parameters-in","groupingId":"-ex-example"},{"extension":[{"url":"http://hl7.org/fhir/StructureDefinition/implementationguide-page","valueUri":"Parameters-Parameters-UpdatePatient-Response-Example.html"}],"reference":{"reference":"Parameters/Parameters-UpdatePatient-Response-Example"},"name":"Parameters-UpdatePatient-Response-Example","description":"Example of Update response Metadata parameters","exampleCanonical":"http://hlth.gov.bc.ca/fhir/client/StructureDefinition/bc-metadata-parameters-out","groupingId":"-ex-example"},{"extension":[{"url":"http://hl7.org/fhir/StructureDefinition/implementationguide-page","valueUri":"Patient-Patient-0-Example.html"}],"reference":{"reference":"Patient/Patient-0-Example"},"name":"Patient-0-Example","description":"Example of Patient for query response Bundle with 4 different kinds of identifiers: SRI-PHN, SRI, SSRI and alternative.","exampleCanonical":"http://hlth.gov.bc.ca/fhir/client/StructureDefinition/bc-patient","groupingId":"-ex-example"},{"extension":[{"url":"http://hl7.org/fhir/StructureDefinition/implementationguide-page","valueUri":"Patient-Patient-1-Example.html"}],"reference":{"reference":"Patient/Patient-1-Example"},"name":"Patient-1-Example","description":"Example of Patient for query response Bundle","exampleCanonical":"http://hlth.gov.bc.ca/fhir/client/StructureDefinition/bc-patient","groupingId":"-ex-example"},{"extension":[{"url":"http://hl7.org/fhir/StructureDefinition/implementationguide-page","valueUri":"Patient-Patient-2-Example.html"}],"reference":{"reference":"Patient/Patient-2-Example"},"name":"Patient-2-Example","description":"Example of Patient for query response Bundle","exampleCanonical":"http://hlth.gov.bc.ca/fhir/client/StructureDefinition/bc-patient","groupingId":"-ex-example"},{"extension":[{"url":"http://hl7.org/fhir/StructureDefinition/implementationguide-page","valueUri":"Patient-Patient-AddPatient-Example.html"}],"reference":{"reference":"Patient/Patient-AddPatient-Example"},"name":"Patient-AddPatient-Example","description":"The Patient is completely new to the Client Registry, no identifiers.","exampleCanonical":"http://hlth.gov.bc.ca/fhir/client/StructureDefinition/bc-patient","groupingId":"-ex-example"},{"extension":[{"url":"http://hl7.org/fhir/StructureDefinition/implementationguide-page","valueUri":"Patient-Patient-AddPatient-Newborn-Example.html"}],"reference":{"reference":"Patient/Patient-AddPatient-Newborn-Example"},"name":"Patient-AddPatient-Newborn-Example","description":"The Patient is completely new to the Client Registry, no identifiers.","exampleCanonical":"http://hlth.gov.bc.ca/fhir/client/StructureDefinition/bc-patient","groupingId":"-ex-example"},{"extension":[{"url":"http://hl7.org/fhir/StructureDefinition/implementationguide-page","valueUri":"Patient-Patient-AddReviseOrMergePatient-Response-Example.html"}],"reference":{"reference":"Patient/Patient-AddReviseOrMergePatient-Response-Example"},"name":"Patient-AddReviseOrMergePatient-Response-Example","description":"Example of Merge or Revise response Bundle with 4 different kinds of identifiers: SRI-PHN, SRI, SSRI and alternative.","exampleCanonical":"http://hlth.gov.bc.ca/fhir/client/StructureDefinition/bc-patient","groupingId":"-ex-example"},{"extension":[{"url":"http://hl7.org/fhir/StructureDefinition/implementationguide-page","valueUri":"Patient-Patient-BabyBoy-Example.html"}],"reference":{"reference":"Patient/Patient-BabyBoy-Example"},"name":"Patient-BabyBoy-Example","description":"Example of Patient newborn for query response Bundle","exampleCanonical":"http://hlth.gov.bc.ca/fhir/client/StructureDefinition/bc-patient","groupingId":"-ex-example"},{"extension":[{"url":"http://hl7.org/fhir/StructureDefinition/implementationguide-page","valueUri":"Patient-Patient-BabyGirl-Example.html"}],"reference":{"reference":"Patient/Patient-BabyGirl-Example"},"name":"Patient-BabyGirl-Example","description":"Example of Patient newborn for query response Bundle","exampleCanonical":"http://hlth.gov.bc.ca/fhir/client/StructureDefinition/bc-patient","groupingId":"-ex-example"},{"extension":[{"url":"http://hl7.org/fhir/StructureDefinition/implementationguide-page","valueUri":"Patient-Patient-By-Example-Example.html"}],"reference":{"reference":"Patient/Patient-By-Example-Example"},"name":"Patient-By-Example-Example","description":"An example of a Patient used for Find Candidates query.","exampleCanonical":"http://hlth.gov.bc.ca/fhir/client/StructureDefinition/bc-patient-by-example","groupingId":"-ex-example"},{"extension":[{"url":"http://hl7.org/fhir/StructureDefinition/implementationguide-page","valueUri":"Patient-Patient-By-Example-GD-Example.html"}],"reference":{"reference":"Patient/Patient-By-Example-GD-Example"},"name":"Patient-By-Example-GD-Example","description":"An example of a Patient used for Get Demographics query.","exampleCanonical":"http://hlth.gov.bc.ca/fhir/client/StructureDefinition/bc-patient-by-example","groupingId":"-ex-example"},{"extension":[{"url":"http://hl7.org/fhir/StructureDefinition/implementationguide-page","valueUri":"Patient-Patient-GetDemographics-Example.html"}],"reference":{"reference":"Patient/Patient-GetDemographics-Example"},"name":"Patient-GetDemographics-Example","description":"Example of Patient for $GetDemographics operation response","exampleCanonical":"http://hlth.gov.bc.ca/fhir/client/StructureDefinition/bc-patient","groupingId":"-ex-example"},{"extension":[{"url":"http://hl7.org/fhir/StructureDefinition/implementationguide-page","valueUri":"Patient-Patient-GetDemographics-withHistory-Example.html"}],"reference":{"reference":"Patient/Patient-GetDemographics-withHistory-Example"},"name":"Patient-GetDemographics-withHistory-Example","description":"Example of Patient for $GetDemographics operation response","exampleCanonical":"http://hlth.gov.bc.ca/fhir/client/StructureDefinition/bc-patient","groupingId":"-ex-example"},{"extension":[{"url":"http://hl7.org/fhir/StructureDefinition/implementationguide-page","valueUri":"Patient-Patient-Identifier-Examples.html"}],"reference":{"reference":"Patient/Patient-Identifier-Examples"},"name":"Patient-Identifier-Examples","description":"An example of a Patient with descriptive Identifier.","exampleBoolean":true,"groupingId":"-ex-example"},{"extension":[{"url":"http://hl7.org/fhir/StructureDefinition/implementationguide-page","valueUri":"Patient-Patient-MergePatient-Example.html"}],"reference":{"reference":"Patient/Patient-MergePatient-Example"},"name":"Patient-MergePatient-Example","description":"Example of a merge patient Patient","exampleCanonical":"http://hlth.gov.bc.ca/fhir/client/StructureDefinition/bc-merge-patient","groupingId":"-ex-example"},{"extension":[{"url":"http://hl7.org/fhir/StructureDefinition/implementationguide-page","valueUri":"Patient-Patient-Mother-Example.html"}],"reference":{"reference":"Patient/Patient-Mother-Example"},"name":"Patient-Mother-Example","description":"Example of Patient for query response Bundle","exampleCanonical":"http://hlth.gov.bc.ca/fhir/client/StructureDefinition/bc-patient","groupingId":"-ex-example"},{"extension":[{"url":"http://hl7.org/fhir/StructureDefinition/implementationguide-page","valueUri":"Patient-Patient-RevisePatient-Example.html"}],"reference":{"reference":"Patient/Patient-RevisePatient-Example"},"name":"Patient-RevisePatient-Example","description":"Patient example for a RevisePatient operation","exampleCanonical":"http://hlth.gov.bc.ca/fhir/client/StructureDefinition/bc-patient","groupingId":"-ex-example"},{"extension":[{"url":"http://hl7.org/fhir/StructureDefinition/implementationguide-page","valueUri":"Patient-Patient-UpdatePatient-Request-Example.html"}],"reference":{"reference":"Patient/Patient-UpdatePatient-Request-Example"},"name":"Patient-UpdatePatient-Request-Example","description":"Patient example for a UpdatePatient operation that changes the Address.","exampleCanonical":"http://hlth.gov.bc.ca/fhir/client/StructureDefinition/bc-update-patient","groupingId":"-ex-example"},{"extension":[{"url":"http://hl7.org/fhir/StructureDefinition/implementationguide-page","valueUri":"RelatedPerson-RelatedPerson-Mother-Example.html"}],"reference":{"reference":"RelatedPerson/RelatedPerson-Mother-Example"},"name":"RelatedPerson-Mother-Example","description":"Example of related person's PHN as Identifier","exampleBoolean":true,"groupingId":"-ex-example"},{"extension":[{"url":"http://hl7.org/fhir/StructureDefinition/implementationguide-page","valueUri":"RelatedPerson-RelatedPerson-MotherOfBabyBoy-Example.html"}],"reference":{"reference":"RelatedPerson/RelatedPerson-MotherOfBabyBoy-Example"},"name":"RelatedPerson-MotherOfBabyBoy-Example","description":"Example of related person who is the mother","exampleBoolean":true,"groupingId":"-ex-example"},{"extension":[{"url":"http://hl7.org/fhir/StructureDefinition/implementationguide-page","valueUri":"RelatedPerson-RelatedPerson-MotherOfBabyGirl-Example.html"}],"reference":{"reference":"RelatedPerson/RelatedPerson-MotherOfBabyGirl-Example"},"name":"RelatedPerson-MotherOfBabyGirl-Example","description":"Example of related person who is the mother","exampleBoolean":true,"groupingId":"-ex-example"},{"extension":[{"url":"http://hl7.org/fhir/StructureDefinition/implementationguide-page","valueUri":"CapabilityStatement-bc-hcim-capability-statement-client.html"}],"reference":{"reference":"CapabilityStatement/bc-hcim-capability-statement-client"},"name":"HCIMCapabilityStatementClient","description":"This capability statement describes the use cases that are supported by the BC FHIR implementation of the Client Registry when it is acting as a client. I.e. sending notifications.","exampleBoolean":true,"groupingId":"CapabilityStatement"},{"extension":[{"url":"http://hl7.org/fhir/StructureDefinition/implementationguide-page","valueUri":"CapabilityStatement-bc-hcim-capability-statement-server.html"}],"reference":{"reference":"CapabilityStatement/bc-hcim-capability-statement-server"},"name":"HCIMCapabilityStatementServer","description":"This capability statement describes the use cases that are supported by the BC FHIR implementation of the Client Registry when it is acting as a server.","exampleBoolean":true,"groupingId":"CapabilityStatement"},{"extension":[{"url":"http://hl7.org/fhir/StructureDefinition/implementationguide-page","valueUri":"OperationDefinition-bc-patient-add.html"}],"reference":{"reference":"OperationDefinition/bc-patient-add"},"name":"AddPatient","description":"This operation is used for newborns or to 'force create' a patient.","exampleBoolean":false,"groupingId":"Operations"},{"extension":[{"url":"http://hl7.org/fhir/StructureDefinition/implementationguide-page","valueUri":"OperationDefinition-bc-patient-find-candidates.html"}],"reference":{"reference":"OperationDefinition/bc-patient-find-candidates"},"name":"FindCandidates","description":"This operation is used to query for a patient.  The response can contain 0 or more Patients.","exampleBoolean":false,"groupingId":"Operations"},{"extension":[{"url":"http://hl7.org/fhir/StructureDefinition/implementationguide-page","valueUri":"OperationDefinition-bc-patient-get-demographics.html"}],"reference":{"reference":"OperationDefinition/bc-patient-get-demographics"},"name":"GetDemographics","description":"This operation is used to query for a patient.  The response can contain 0 or 1 Patient.","exampleBoolean":false,"groupingId":"Operations"},{"extension":[{"url":"http://hl7.org/fhir/StructureDefinition/implementationguide-page","valueUri":"OperationDefinition-bc-patient-get-demographics-withEligibility.html"}],"reference":{"reference":"OperationDefinition/bc-patient-get-demographics-withEligibility"},"name":"GetDemographics.withEligibility","description":"This operation is used to query for a patient.  The response can contain 0 or 1 Patient and the insurance eligibility.","exampleBoolean":false,"groupingId":"Operations"},{"extension":[{"url":"http://hl7.org/fhir/StructureDefinition/implementationguide-page","valueUri":"OperationDefinition-bc-patient-merge.html"}],"reference":{"reference":"OperationDefinition/bc-patient-merge"},"name":"MergePatient","description":"This operation is used to merge patients.","exampleBoolean":false,"groupingId":"Operations"},{"extension":[{"url":"http://hl7.org/fhir/StructureDefinition/implementationguide-page","valueUri":"OperationDefinition-bc-patient-notification.html"}],"reference":{"reference":"OperationDefinition/bc-patient-notification"},"name":"PatientNotification","description":"This operation is used notify a user that a patient's record has changed.","exampleBoolean":false,"groupingId":"Operations"},{"extension":[{"url":"http://hl7.org/fhir/StructureDefinition/implementationguide-page","valueUri":"OperationDefinition-bc-patient-revise.html"}],"reference":{"reference":"OperationDefinition/bc-patient-revise"},"name":"RevisePatient","description":"This operation is used to revise a patient's demographics.","exampleBoolean":false,"groupingId":"Operations"},{"extension":[{"url":"http://hl7.org/fhir/StructureDefinition/implementationguide-page","valueUri":"OperationDefinition-bc-patient-update.html"}],"reference":{"reference":"OperationDefinition/bc-patient-update"},"name":"PartialUpdatePatient","description":"This operation is used to update a patient's demographics, applied to only specific Patient attributes.","exampleBoolean":false,"groupingId":"Operations"}],"page":{"extension":[{"url":"http://hl7.org/fhir/tools/StructureDefinition/ig-page-name","valueUrl":"toc.html"}],"nameUrl":"toc.html","title":"Table of Contents","generation":"html","page":[{"extension":[{"url":"http://hl7.org/fhir/tools/StructureDefinition/ig-page-name","valueUrl":"index.html"}],"nameUrl":"index.html","title":"Introduction","generation":"markdown"},{"extension":[{"url":"http://hl7.org/fhir/tools/StructureDefinition/ig-page-name","valueUrl":"overview.html"}],"nameUrl":"overview.html","title":"HCIM Overview","generation":"markdown"},{"extension":[{"url":"http://hl7.org/fhir/tools/StructureDefinition/ig-page-name","valueUrl":"v3Transition.html"}],"nameUrl":"v3Transition.html","title":"Transition from V3 Provider to FHIR","generation":"markdown"},{"extension":[{"url":"http://hl7.org/fhir/tools/StructureDefinition/ig-page-name","valueUrl":"design.html"}],"nameUrl":"design.html","title":"FHIR Design","generation":"markdown"},{"extension":[{"url":"http://hl7.org/fhir/tools/StructureDefinition/ig-page-name","valueUrl":"connectedPartner.html"}],"nameUrl":"connectedPartner.html","title":"Connected Partners","generation":"markdown"},{"extension":[{"url":"http://hl7.org/fhir/tools/StructureDefinition/ig-page-name","valueUrl":"terminology.html"}],"nameUrl":"terminology.html","title":"Glossary","generation":"markdown"},{"extension":[{"url":"http://hl7.org/fhir/tools/StructureDefinition/ig-page-name","valueUrl":"credits.html"}],"nameUrl":"credits.html","title":"Credits","generation":"markdown"},{"extension":[{"url":"http://hl7.org/fhir/tools/StructureDefinition/ig-page-name","valueUrl":"search.html"}],"nameUrl":"search.html","title":"Search Patient","generation":"markdown"},{"extension":[{"url":"http://hl7.org/fhir/tools/StructureDefinition/ig-page-name","valueUrl":"reviseAndMerge.html"}],"nameUrl":"reviseAndMerge.html","title":"Add, Revise and Merge Patient","generation":"markdown"},{"extension":[{"url":"http://hl7.org/fhir/tools/StructureDefinition/ig-page-name","valueUrl":"distributions.html"}],"nameUrl":"distributions.html","title":"Patient Change Notification","generation":"markdown"},{"extension":[{"url":"http://hl7.org/fhir/tools/StructureDefinition/ig-page-name","valueUrl":"futurePlans.html"}],"nameUrl":"futurePlans.html","title":"Future Plans","generation":"markdown"},{"extension":[{"url":"http://hl7.org/fhir/tools/StructureDefinition/ig-page-name","valueUrl":"identifiers.html"}],"nameUrl":"identifiers.html","title":"Identifiers","generation":"markdown"},{"extension":[{"url":"http://hl7.org/fhir/tools/StructureDefinition/ig-page-name","valueUrl":"absentData.html"}],"nameUrl":"absentData.html","title":"Data Absent Reason","generation":"markdown"},{"extension":[{"url":"http://hl7.org/fhir/tools/StructureDefinition/ig-page-name","valueUrl":"capabilityStatement.html"}],"nameUrl":"capabilityStatement.html","title":"Capability Statement","generation":"markdown"},{"extension":[{"url":"http://hl7.org/fhir/tools/StructureDefinition/ig-page-name","valueUrl":"artifacts.html"}],"nameUrl":"artifacts.html","title":"Artifacts Summary","generation":"html","page":[{"extension":[{"url":"http://hl7.org/fhir/tools/StructureDefinition/ig-page-name","valueUrl":"CapabilityStatement-bc-hcim-capability-statement-client.html"}],"nameUrl":"CapabilityStatement-bc-hcim-capability-statement-client.html","title":"HCIMCapabilityStatementClient","generation":"generated"},{"extension":[{"url":"http://hl7.org/fhir/tools/StructureDefinition/ig-page-name","valueUrl":"CapabilityStatement-bc-hcim-capability-statement-server.html"}],"nameUrl":"CapabilityStatement-bc-hcim-capability-statement-server.html","title":"HCIMCapabilityStatementServer","generation":"generated"},{"extension":[{"url":"http://hl7.org/fhir/tools/StructureDefinition/ig-page-name","valueUrl":"OperationDefinition-bc-patient-add.html"}],"nameUrl":"OperationDefinition-bc-patient-add.html","title":"AddPatient","generation":"generated"},{"extension":[{"url":"http://hl7.org/fhir/tools/StructureDefinition/ig-page-name","valueUrl":"OperationDefinition-bc-patient-find-candidates.html"}],"nameUrl":"OperationDefinition-bc-patient-find-candidates.html","title":"FindCandidates","generation":"generated"},{"extension":[{"url":"http://hl7.org/fhir/tools/StructureDefinition/ig-page-name","valueUrl":"OperationDefinition-bc-patient-get-demographics.html"}],"nameUrl":"OperationDefinition-bc-patient-get-demographics.html","title":"GetDemographics","generation":"generated"},{"extension":[{"url":"http://hl7.org/fhir/tools/StructureDefinition/ig-page-name","valueUrl":"OperationDefinition-bc-patient-get-demographics-withEligibility.html"}],"nameUrl":"OperationDefinition-bc-patient-get-demographics-withEligibility.html","title":"GetDemographics.withEligibility","generation":"generated"},{"extension":[{"url":"http://hl7.org/fhir/tools/StructureDefinition/ig-page-name","valueUrl":"OperationDefinition-bc-patient-merge.html"}],"nameUrl":"OperationDefinition-bc-patient-merge.html","title":"MergePatient","generation":"generated"},{"extension":[{"url":"http://hl7.org/fhir/tools/StructureDefinition/ig-page-name","valueUrl":"OperationDefinition-bc-patient-notification.html"}],"nameUrl":"OperationDefinition-bc-patient-notification.html","title":"PatientNotification","generation":"generated"},{"extension":[{"url":"http://hl7.org/fhir/tools/StructureDefinition/ig-page-name","valueUrl":"OperationDefinition-bc-patient-revise.html"}],"nameUrl":"OperationDefinition-bc-patient-revise.html","title":"RevisePatient","generation":"generated"},{"extension":[{"url":"http://hl7.org/fhir/tools/StructureDefinition/ig-page-name","valueUrl":"OperationDefinition-bc-patient-update.html"}],"nameUrl":"OperationDefinition-bc-patient-update.html","title":"PartialUpdatePatient","generation":"generated"},{"extension":[{"url":"http://hl7.org/fhir/tools/StructureDefinition/ig-page-name","valueUrl":"StructureDefinition-bc-patient.html"}],"nameUrl":"StructureDefinition-bc-patient.html","title":"ClientRegistryPatient","generation":"generated"},{"extension":[{"url":"http://hl7.org/fhir/tools/StructureDefinition/ig-page-name","valueUrl":"StructureDefinition-bc-update-patient.html"}],"nameUrl":"StructureDefinition-bc-update-patient.html","title":"PartialPatientUpdate","generation":"generated"},{"extension":[{"url":"http://hl7.org/fhir/tools/StructureDefinition/ig-page-name","valueUrl":"StructureDefinition-bc-patient-by-example.html"}],"nameUrl":"StructureDefinition-bc-patient-by-example.html","title":"PatientByExample","generation":"generated"},{"extension":[{"url":"http://hl7.org/fhir/tools/StructureDefinition/ig-page-name","valueUrl":"StructureDefinition-bc-merge-patient.html"}],"nameUrl":"StructureDefinition-bc-merge-patient.html","title":"PatientMerge","generation":"generated"},{"extension":[{"url":"http://hl7.org/fhir/tools/StructureDefinition/ig-page-name","valueUrl":"StructureDefinition-bc-add-request-bundle.html"}],"nameUrl":"StructureDefinition-bc-add-request-bundle.html","title":"AddRequestBundle","generation":"generated"},{"extension":[{"url":"http://hl7.org/fhir/tools/StructureDefinition/ig-page-name","valueUrl":"StructureDefinition-bc-add-response-bundle.html"}],"nameUrl":"StructureDefinition-bc-add-response-bundle.html","title":"AddResponseBundle","generation":"generated"},{"extension":[{"url":"http://hl7.org/fhir/tools/StructureDefinition/ig-page-name","valueUrl":"StructureDefinition-bc-async-ack-response-bundle.html"}],"nameUrl":"StructureDefinition-bc-async-ack-response-bundle.html","title":"AsyncAckBundle","generation":"generated"},{"extension":[{"url":"http://hl7.org/fhir/tools/StructureDefinition/ig-page-name","valueUrl":"StructureDefinition-bc-find-candidates-request-bundle.html"}],"nameUrl":"StructureDefinition-bc-find-candidates-request-bundle.html","title":"FindCandidatesRequestBundle","generation":"generated"},{"extension":[{"url":"http://hl7.org/fhir/tools/StructureDefinition/ig-page-name","valueUrl":"StructureDefinition-bc-get-demographics-request-bundle.html"}],"nameUrl":"StructureDefinition-bc-get-demographics-request-bundle.html","title":"GetDemographicsRequestBundle","generation":"generated"},{"extension":[{"url":"http://hl7.org/fhir/tools/StructureDefinition/ig-page-name","valueUrl":"StructureDefinition-bc-merge-request-bundle.html"}],"nameUrl":"StructureDefinition-bc-merge-request-bundle.html","title":"MergeRequestBundle","generation":"generated"},{"extension":[{"url":"http://hl7.org/fhir/tools/StructureDefinition/ig-page-name","valueUrl":"StructureDefinition-bc-merge-response-bundle.html"}],"nameUrl":"StructureDefinition-bc-merge-response-bundle.html","title":"MergeResponseBundle","generation":"generated"},{"extension":[{"url":"http://hl7.org/fhir/tools/StructureDefinition/ig-page-name","valueUrl":"StructureDefinition-bc-metadata-parameter-async-response.html"}],"nameUrl":"StructureDefinition-bc-metadata-parameter-async-response.html","title":"MetadataParametersAsync","generation":"generated"},{"extension":[{"url":"http://hl7.org/fhir/tools/StructureDefinition/ig-page-name","valueUrl":"StructureDefinition-bc-metadata-parameters-in.html"}],"nameUrl":"StructureDefinition-bc-metadata-parameters-in.html","title":"MetadataParametersIn","generation":"generated"},{"extension":[{"url":"http://hl7.org/fhir/tools/StructureDefinition/ig-page-name","valueUrl":"StructureDefinition-bc-metadata-parameters-out.html"}],"nameUrl":"StructureDefinition-bc-metadata-parameters-out.html","title":"MetadataParametersOut","generation":"generated"},{"extension":[{"url":"http://hl7.org/fhir/tools/StructureDefinition/ig-page-name","valueUrl":"StructureDefinition-bc-update-request-bundle.html"}],"nameUrl":"StructureDefinition-bc-update-request-bundle.html","title":"PartialUpdateRequestBundle","generation":"generated"},{"extension":[{"url":"http://hl7.org/fhir/tools/StructureDefinition/ig-page-name","valueUrl":"StructureDefinition-bc-revise-request-bundle.html"}],"nameUrl":"StructureDefinition-bc-revise-request-bundle.html","title":"ReviseRequestBundle","generation":"generated"},{"extension":[{"url":"http://hl7.org/fhir/tools/StructureDefinition/ig-page-name","valueUrl":"StructureDefinition-bc-revise-response-bundle.html"}],"nameUrl":"StructureDefinition-bc-revise-response-bundle.html","title":"ReviseResponseBundle","generation":"generated"},{"extension":[{"url":"http://hl7.org/fhir/tools/StructureDefinition/ig-page-name","valueUrl":"StructureDefinition-bc-search-response-bundle.html"}],"nameUrl":"StructureDefinition-bc-search-response-bundle.html","title":"SearchResponseBundle","generation":"generated"},{"extension":[{"url":"http://hl7.org/fhir/tools/StructureDefinition/ig-page-name","valueUrl":"StructureDefinition-bc-search-withEligibility-response-bundle.html"}],"nameUrl":"StructureDefinition-bc-search-withEligibility-response-bundle.html","title":"SearchWithEligibilityResponseBundle","generation":"generated"},{"extension":[{"url":"http://hl7.org/fhir/tools/StructureDefinition/ig-page-name","valueUrl":"Bundle-Bundle-AddPatient-Newborn-Request-Example.html"}],"nameUrl":"Bundle-Bundle-AddPatient-Newborn-Request-Example.html","title":"Bundle-AddPatient-Newborn-Request-Example","generation":"generated"},{"extension":[{"url":"http://hl7.org/fhir/tools/StructureDefinition/ig-page-name","valueUrl":"Bundle-Bundle-AddPatient-Request-Example.html"}],"nameUrl":"Bundle-Bundle-AddPatient-Request-Example.html","title":"Bundle-AddPatient-Request-Example","generation":"generated"},{"extension":[{"url":"http://hl7.org/fhir/tools/StructureDefinition/ig-page-name","valueUrl":"Bundle-Bundle-FindCandidates-UsingMomsPHN-Request-Example.html"}],"nameUrl":"Bundle-Bundle-FindCandidates-UsingMomsPHN-Request-Example.html","title":"Bundle-FindCandidates-UsingMomsPHN-Request-Example","generation":"generated"},{"extension":[{"url":"http://hl7.org/fhir/tools/StructureDefinition/ig-page-name","valueUrl":"Bundle-Bundle-FindCandidatesByExample-Request-Example.html"}],"nameUrl":"Bundle-Bundle-FindCandidatesByExample-Request-Example.html","title":"Bundle-FindCandidatesByExample-Request-Example","generation":"generated"},{"extension":[{"url":"http://hl7.org/fhir/tools/StructureDefinition/ig-page-name","valueUrl":"Bundle-Bundle-GetDemographics-Request-Example.html"}],"nameUrl":"Bundle-Bundle-GetDemographics-Request-Example.html","title":"Bundle-GetDemographics-Request-Example","generation":"generated"},{"extension":[{"url":"http://hl7.org/fhir/tools/StructureDefinition/ig-page-name","valueUrl":"Bundle-Bundle-MergePatient-Request-Example.html"}],"nameUrl":"Bundle-Bundle-MergePatient-Request-Example.html","title":"Bundle-MergePatient-Request-Example","generation":"generated"},{"extension":[{"url":"http://hl7.org/fhir/tools/StructureDefinition/ig-page-name","valueUrl":"Bundle-Bundle-RevisePatient-Request-Example.html"}],"nameUrl":"Bundle-Bundle-RevisePatient-Request-Example.html","title":"Bundle-RevisePatient-Request-Example","generation":"generated"},{"extension":[{"url":"http://hl7.org/fhir/tools/StructureDefinition/ig-page-name","valueUrl":"Bundle-Bundle-AddPatient-Response-Example.html"}],"nameUrl":"Bundle-Bundle-AddPatient-Response-Example.html","title":"Bundle-AddPatient-Response-Example","generation":"generated"},{"extension":[{"url":"http://hl7.org/fhir/tools/StructureDefinition/ig-page-name","valueUrl":"Bundle-Bundle-FindCandidates-Response-Example.html"}],"nameUrl":"Bundle-Bundle-FindCandidates-Response-Example.html","title":"Bundle-FindCandidates-Response-Example","generation":"generated"},{"extension":[{"url":"http://hl7.org/fhir/tools/StructureDefinition/ig-page-name","valueUrl":"Bundle-Bundle-FindCandidates-Response-MomsPHN-Example.html"}],"nameUrl":"Bundle-Bundle-FindCandidates-Response-MomsPHN-Example.html","title":"Bundle-FindCandidates-Response-MomsPHN-Example","generation":"generated"},{"extension":[{"url":"http://hl7.org/fhir/tools/StructureDefinition/ig-page-name","valueUrl":"Bundle-Bundle-GetDemographics-Response-Example.html"}],"nameUrl":"Bundle-Bundle-GetDemographics-Response-Example.html","title":"Bundle-GetDemographics-Response-Example","generation":"generated"},{"extension":[{"url":"http://hl7.org/fhir/tools/StructureDefinition/ig-page-name","valueUrl":"Bundle-Bundle-GetDemographicsWithEligibility-Response-Example.html"}],"nameUrl":"Bundle-Bundle-GetDemographicsWithEligibility-Response-Example.html","title":"Bundle-GetDemographicsWithEligibility-Response-Example","generation":"generated"},{"extension":[{"url":"http://hl7.org/fhir/tools/StructureDefinition/ig-page-name","valueUrl":"Bundle-Bundle-MergePatient-Response-Example.html"}],"nameUrl":"Bundle-Bundle-MergePatient-Response-Example.html","title":"Bundle-MergePatient-Response-Example","generation":"generated"},{"extension":[{"url":"http://hl7.org/fhir/tools/StructureDefinition/ig-page-name","valueUrl":"Bundle-Bundle-RevisePatient-Response-Example.html"}],"nameUrl":"Bundle-Bundle-RevisePatient-Response-Example.html","title":"Bundle-RevisePatient-Response-Example","generation":"generated"},{"extension":[{"url":"http://hl7.org/fhir/tools/StructureDefinition/ig-page-name","valueUrl":"Bundle-Bundle-UpdatePatient-Response-Example.html"}],"nameUrl":"Bundle-Bundle-UpdatePatient-Response-Example.html","title":"Bundle-UpdatePatient-Response-Example","generation":"generated"},{"extension":[{"url":"http://hl7.org/fhir/tools/StructureDefinition/ig-page-name","valueUrl":"StructureDefinition-bc-birthdate-history-extension.html"}],"nameUrl":"StructureDefinition-bc-birthdate-history-extension.html","title":"BC Birth Date History","generation":"generated"},{"extension":[{"url":"http://hl7.org/fhir/tools/StructureDefinition/ig-page-name","valueUrl":"StructureDefinition-bc-business-period-extension.html"}],"nameUrl":"StructureDefinition-bc-business-period-extension.html","title":"BC Business Dates","generation":"generated"},{"extension":[{"url":"http://hl7.org/fhir/tools/StructureDefinition/ig-page-name","valueUrl":"StructureDefinition-bc-death-date-history-extension.html"}],"nameUrl":"StructureDefinition-bc-death-date-history-extension.html","title":"BC Death Date History","generation":"generated"},{"extension":[{"url":"http://hl7.org/fhir/tools/StructureDefinition/ig-page-name","valueUrl":"StructureDefinition-bc-death-verified-flag-extension.html"}],"nameUrl":"StructureDefinition-bc-death-verified-flag-extension.html","title":"BC Death Verified Flag","generation":"generated"},{"extension":[{"url":"http://hl7.org/fhir/tools/StructureDefinition/ig-page-name","valueUrl":"StructureDefinition-bc-death-verified-flag-history-extension.html"}],"nameUrl":"StructureDefinition-bc-death-verified-flag-history-extension.html","title":"BC Death Verified Flag History","generation":"generated"},{"extension":[{"url":"http://hl7.org/fhir/tools/StructureDefinition/ig-page-name","valueUrl":"StructureDefinition-bc-gender-history-extension.html"}],"nameUrl":"StructureDefinition-bc-gender-history-extension.html","title":"BC Gender History","generation":"generated"},{"extension":[{"url":"http://hl7.org/fhir/tools/StructureDefinition/ig-page-name","valueUrl":"StructureDefinition-bc-gender-identity-extension.html"}],"nameUrl":"StructureDefinition-bc-gender-identity-extension.html","title":"BC Gender Identity with business dates.","generation":"generated"},{"extension":[{"url":"http://hl7.org/fhir/tools/StructureDefinition/ig-page-name","valueUrl":"StructureDefinition-bc-identifier-status-extension.html"}],"nameUrl":"StructureDefinition-bc-identifier-status-extension.html","title":"BC Identifier Status","generation":"generated"},{"extension":[{"url":"http://hl7.org/fhir/tools/StructureDefinition/ig-page-name","valueUrl":"StructureDefinition-bc-merge-status-extension.html"}],"nameUrl":"StructureDefinition-bc-merge-status-extension.html","title":"BC Merge Status Code","generation":"generated"},{"extension":[{"url":"http://hl7.org/fhir/tools/StructureDefinition/ig-page-name","valueUrl":"StructureDefinition-bc-multiplebirth-history-extension.html"}],"nameUrl":"StructureDefinition-bc-multiplebirth-history-extension.html","title":"BC Multiple Birth History","generation":"generated"},{"extension":[{"url":"http://hl7.org/fhir/tools/StructureDefinition/ig-page-name","valueUrl":"StructureDefinition-bc-sourceId-extension.html"}],"nameUrl":"StructureDefinition-bc-sourceId-extension.html","title":"BC SourceID and UserID","generation":"generated"},{"extension":[{"url":"http://hl7.org/fhir/tools/StructureDefinition/ig-page-name","valueUrl":"StructureDefinition-bc-update-patient-operation-extension.html"}],"nameUrl":"StructureDefinition-bc-update-patient-operation-extension.html","title":"A code the describes how a particular Patient attribute is to be changed","generation":"generated"},{"extension":[{"url":"http://hl7.org/fhir/tools/StructureDefinition/ig-page-name","valueUrl":"StructureDefinition-bc-validation-status-extension.html"}],"nameUrl":"StructureDefinition-bc-validation-status-extension.html","title":"BC Address Validation Status Code","generation":"generated"},{"extension":[{"url":"http://hl7.org/fhir/tools/StructureDefinition/ig-page-name","valueUrl":"ValueSet-bc-address-validation-value-set.html"}],"nameUrl":"ValueSet-bc-address-validation-value-set.html","title":"BC Address Validation Value Set","generation":"generated"},{"extension":[{"url":"http://hl7.org/fhir/tools/StructureDefinition/ig-page-name","valueUrl":"ValueSet-bc-contact-point-system-value-set.html"}],"nameUrl":"ValueSet-bc-contact-point-system-value-set.html","title":"BC Contact Point System Value Set","generation":"generated"},{"extension":[{"url":"http://hl7.org/fhir/tools/StructureDefinition/ig-page-name","valueUrl":"ValueSet-bc-contact-point-use-value-set.html"}],"nameUrl":"ValueSet-bc-contact-point-use-value-set.html","title":"BC Contact Point Use Value Set","generation":"generated"},{"extension":[{"url":"http://hl7.org/fhir/tools/StructureDefinition/ig-page-name","valueUrl":"ValueSet-bc-identifier-status-value-set.html"}],"nameUrl":"ValueSet-bc-identifier-status-value-set.html","title":"BC Identifier Status Value Set","generation":"generated"},{"extension":[{"url":"http://hl7.org/fhir/tools/StructureDefinition/ig-page-name","valueUrl":"ValueSet-bc-merge-status-value-set.html"}],"nameUrl":"ValueSet-bc-merge-status-value-set.html","title":"BC Merge Status Value Set","generation":"generated"},{"extension":[{"url":"http://hl7.org/fhir/tools/StructureDefinition/ig-page-name","valueUrl":"ValueSet-bc-name-use-value-set.html"}],"nameUrl":"ValueSet-bc-name-use-value-set.html","title":"BC Name Use value set.","generation":"generated"},{"extension":[{"url":"http://hl7.org/fhir/tools/StructureDefinition/ig-page-name","valueUrl":"ValueSet-bc-client-registry-update-patient-operation-value-set.html"}],"nameUrl":"ValueSet-bc-client-registry-update-patient-operation-value-set.html","title":"BC Update Patient Operation Value Set","generation":"generated"},{"extension":[{"url":"http://hl7.org/fhir/tools/StructureDefinition/ig-page-name","valueUrl":"CodeSystem-bc-client-registry-address-validation-code-system.html"}],"nameUrl":"CodeSystem-bc-client-registry-address-validation-code-system.html","title":"BC Client Registry Address Validation Status Code","generation":"generated"},{"extension":[{"url":"http://hl7.org/fhir/tools/StructureDefinition/ig-page-name","valueUrl":"CodeSystem-bc-identifier-status-code-system.html"}],"nameUrl":"CodeSystem-bc-identifier-status-code-system.html","title":"BC Client registry identifier status code system","generation":"generated"},{"extension":[{"url":"http://hl7.org/fhir/tools/StructureDefinition/ig-page-name","valueUrl":"CodeSystem-bc-client-registry-merge-status-code-system.html"}],"nameUrl":"CodeSystem-bc-client-registry-merge-status-code-system.html","title":"BC Client Registry merge status.","generation":"generated"},{"extension":[{"url":"http://hl7.org/fhir/tools/StructureDefinition/ig-page-name","valueUrl":"CodeSystem-bc-operation-outcome-details-code-system.html"}],"nameUrl":"CodeSystem-bc-operation-outcome-details-code-system.html","title":"BC Client Registry Operation Outcome details code system","generation":"generated"},{"extension":[{"url":"http://hl7.org/fhir/tools/StructureDefinition/ig-page-name","valueUrl":"CodeSystem-bc-client-registry-update-patient-operation-code-system.html"}],"nameUrl":"CodeSystem-bc-client-registry-update-patient-operation-code-system.html","title":"BC Code System Of Allowed Update Operations","generation":"generated"},{"extension":[{"url":"http://hl7.org/fhir/tools/StructureDefinition/ig-page-name","valueUrl":"Bundle-Bundle-UpdatePatient-Request-Example.html"}],"nameUrl":"Bundle-Bundle-UpdatePatient-Request-Example.html","title":"Bundle-UpdatePatient-Request-Example","generation":"generated"},{"extension":[{"url":"http://hl7.org/fhir/tools/StructureDefinition/ig-page-name","valueUrl":"Coverage-Coverage-Active-Example.html"}],"nameUrl":"Coverage-Coverage-Active-Example.html","title":"Coverage-Active-Example","generation":"generated"},{"extension":[{"url":"http://hl7.org/fhir/tools/StructureDefinition/ig-page-name","valueUrl":"Coverage-Coverage-InActive-Example.html"}],"nameUrl":"Coverage-Coverage-InActive-Example.html","title":"Coverage-InActive-Example","generation":"generated"},{"extension":[{"url":"http://hl7.org/fhir/tools/StructureDefinition/ig-page-name","valueUrl":"RelatedPerson-MothersPHN-RelatedPerson-ForFC.html"}],"nameUrl":"RelatedPerson-MothersPHN-RelatedPerson-ForFC.html","title":"MothersPHN-RelatedPerson-ForFC","generation":"generated"},{"extension":[{"url":"http://hl7.org/fhir/tools/StructureDefinition/ig-page-name","valueUrl":"OperationOutcome-OperationOutcome-Example.html"}],"nameUrl":"OperationOutcome-OperationOutcome-Example.html","title":"OperationOutcome-Example","generation":"generated"},{"extension":[{"url":"http://hl7.org/fhir/tools/StructureDefinition/ig-page-name","valueUrl":"OperationOutcome-OperationOutcome-Example-RP.html"}],"nameUrl":"OperationOutcome-OperationOutcome-Example-RP.html","title":"OperationOutcome-Example-RP","generation":"generated"},{"extension":[{"url":"http://hl7.org/fhir/tools/StructureDefinition/ig-page-name","valueUrl":"OperationOutcome-OperationOutcome-Search-Example.html"}],"nameUrl":"OperationOutcome-OperationOutcome-Search-Example.html","title":"OperationOutcome-Search-Example","generation":"generated"},{"extension":[{"url":"http://hl7.org/fhir/tools/StructureDefinition/ig-page-name","valueUrl":"Parameters-Parameters-AddPatient-Example.html"}],"nameUrl":"Parameters-Parameters-AddPatient-Example.html","title":"Parameters-AddPatient-Example","generation":"generated"},{"extension":[{"url":"http://hl7.org/fhir/tools/StructureDefinition/ig-page-name","valueUrl":"Parameters-Parameters-AddPatient-Newborn-Example.html"}],"nameUrl":"Parameters-Parameters-AddPatient-Newborn-Example.html","title":"Parameters-AddPatient-Newborn-Example","generation":"generated"},{"extension":[{"url":"http://hl7.org/fhir/tools/StructureDefinition/ig-page-name","valueUrl":"Parameters-Parameters-AddPatient-Response-Example.html"}],"nameUrl":"Parameters-Parameters-AddPatient-Response-Example.html","title":"Parameters-AddPatient-Response-Example","generation":"generated"},{"extension":[{"url":"http://hl7.org/fhir/tools/StructureDefinition/ig-page-name","valueUrl":"Parameters-Parameters-FindCandidates-Example.html"}],"nameUrl":"Parameters-Parameters-FindCandidates-Example.html","title":"Parameters-FindCandidates-Example","generation":"generated"},{"extension":[{"url":"http://hl7.org/fhir/tools/StructureDefinition/ig-page-name","valueUrl":"Parameters-Parameters-FindCandidates-Response-Example.html"}],"nameUrl":"Parameters-Parameters-FindCandidates-Response-Example.html","title":"Parameters-FindCandidates-Response-Example","generation":"generated"},{"extension":[{"url":"http://hl7.org/fhir/tools/StructureDefinition/ig-page-name","valueUrl":"Parameters-Parameters-GetDemographics-Example.html"}],"nameUrl":"Parameters-Parameters-GetDemographics-Example.html","title":"Parameters-GetDemographics-Example","generation":"generated"},{"extension":[{"url":"http://hl7.org/fhir/tools/StructureDefinition/ig-page-name","valueUrl":"Parameters-Parameters-GetDemographics-IN-Example.html"}],"nameUrl":"Parameters-Parameters-GetDemographics-IN-Example.html","title":"Parameters-GetDemographics-IN-Example","generation":"generated"},{"extension":[{"url":"http://hl7.org/fhir/tools/StructureDefinition/ig-page-name","valueUrl":"Parameters-Parameters-GetDemographics-Response-Example.html"}],"nameUrl":"Parameters-Parameters-GetDemographics-Response-Example.html","title":"Parameters-GetDemographics-Response-Example","generation":"generated"},{"extension":[{"url":"http://hl7.org/fhir/tools/StructureDefinition/ig-page-name","valueUrl":"Parameters-Parameters-GetDemographicsWithEligibility-Example.html"}],"nameUrl":"Parameters-Parameters-GetDemographicsWithEligibility-Example.html","title":"Parameters-GetDemographicsWithEligibility-Example","generation":"generated"},{"extension":[{"url":"http://hl7.org/fhir/tools/StructureDefinition/ig-page-name","valueUrl":"Parameters-Parameters-GetDemographicsWithEligibility-Response-Example.html"}],"nameUrl":"Parameters-Parameters-GetDemographicsWithEligibility-Response-Example.html","title":"Parameters-GetDemographicsWithEligibility-Response-Example","generation":"generated"},{"extension":[{"url":"http://hl7.org/fhir/tools/StructureDefinition/ig-page-name","valueUrl":"Parameters-Parameters-MergePatient-Response-Example.html"}],"nameUrl":"Parameters-Parameters-MergePatient-Response-Example.html","title":"Parameters-MergePatient-Response-Example","generation":"generated"},{"extension":[{"url":"http://hl7.org/fhir/tools/StructureDefinition/ig-page-name","valueUrl":"Parameters-Parameters-MergePatient-TwoNonSurvivors-Example.html"}],"nameUrl":"Parameters-Parameters-MergePatient-TwoNonSurvivors-Example.html","title":"Parameters-MergePatient-TwoNonSurvivors-Example","generation":"generated"},{"extension":[{"url":"http://hl7.org/fhir/tools/StructureDefinition/ig-page-name","valueUrl":"Parameters-Parameters-RevisePatient-Example.html"}],"nameUrl":"Parameters-Parameters-RevisePatient-Example.html","title":"Parameters-RevisePatient-Example","generation":"generated"},{"extension":[{"url":"http://hl7.org/fhir/tools/StructureDefinition/ig-page-name","valueUrl":"Parameters-Parameters-RevisePatient-Response-Example.html"}],"nameUrl":"Parameters-Parameters-RevisePatient-Response-Example.html","title":"Parameters-RevisePatient-Response-Example","generation":"generated"},{"extension":[{"url":"http://hl7.org/fhir/tools/StructureDefinition/ig-page-name","valueUrl":"Parameters-Parameters-UpdatePatient-Request-Example.html"}],"nameUrl":"Parameters-Parameters-UpdatePatient-Request-Example.html","title":"Parameters-UpdatePatient-Request-Example","generation":"generated"},{"extension":[{"url":"http://hl7.org/fhir/tools/StructureDefinition/ig-page-name","valueUrl":"Parameters-Parameters-UpdatePatient-Response-Example.html"}],"nameUrl":"Parameters-Parameters-UpdatePatient-Response-Example.html","title":"Parameters-UpdatePatient-Response-Example","generation":"generated"},{"extension":[{"url":"http://hl7.org/fhir/tools/StructureDefinition/ig-page-name","valueUrl":"Patient-Patient-0-Example.html"}],"nameUrl":"Patient-Patient-0-Example.html","title":"Patient-0-Example","generation":"generated"},{"extension":[{"url":"http://hl7.org/fhir/tools/StructureDefinition/ig-page-name","valueUrl":"Patient-Patient-1-Example.html"}],"nameUrl":"Patient-Patient-1-Example.html","title":"Patient-1-Example","generation":"generated"},{"extension":[{"url":"http://hl7.org/fhir/tools/StructureDefinition/ig-page-name","valueUrl":"Patient-Patient-2-Example.html"}],"nameUrl":"Patient-Patient-2-Example.html","title":"Patient-2-Example","generation":"generated"},{"extension":[{"url":"http://hl7.org/fhir/tools/StructureDefinition/ig-page-name","valueUrl":"Patient-Patient-AddPatient-Example.html"}],"nameUrl":"Patient-Patient-AddPatient-Example.html","title":"Patient-AddPatient-Example","generation":"generated"},{"extension":[{"url":"http://hl7.org/fhir/tools/StructureDefinition/ig-page-name","valueUrl":"Patient-Patient-AddPatient-Newborn-Example.html"}],"nameUrl":"Patient-Patient-AddPatient-Newborn-Example.html","title":"Patient-AddPatient-Newborn-Example","generation":"generated"},{"extension":[{"url":"http://hl7.org/fhir/tools/StructureDefinition/ig-page-name","valueUrl":"Patient-Patient-AddReviseOrMergePatient-Response-Example.html"}],"nameUrl":"Patient-Patient-AddReviseOrMergePatient-Response-Example.html","title":"Patient-AddReviseOrMergePatient-Response-Example","generation":"generated"},{"extension":[{"url":"http://hl7.org/fhir/tools/StructureDefinition/ig-page-name","valueUrl":"Patient-Patient-BabyBoy-Example.html"}],"nameUrl":"Patient-Patient-BabyBoy-Example.html","title":"Patient-BabyBoy-Example","generation":"generated"},{"extension":[{"url":"http://hl7.org/fhir/tools/StructureDefinition/ig-page-name","valueUrl":"Patient-Patient-BabyGirl-Example.html"}],"nameUrl":"Patient-Patient-BabyGirl-Example.html","title":"Patient-BabyGirl-Example","generation":"generated"},{"extension":[{"url":"http://hl7.org/fhir/tools/StructureDefinition/ig-page-name","valueUrl":"Patient-Patient-By-Example-Example.html"}],"nameUrl":"Patient-Patient-By-Example-Example.html","title":"Patient-By-Example-Example","generation":"generated"},{"extension":[{"url":"http://hl7.org/fhir/tools/StructureDefinition/ig-page-name","valueUrl":"Patient-Patient-By-Example-GD-Example.html"}],"nameUrl":"Patient-Patient-By-Example-GD-Example.html","title":"Patient-By-Example-GD-Example","generation":"generated"},{"extension":[{"url":"http://hl7.org/fhir/tools/StructureDefinition/ig-page-name","valueUrl":"Patient-Patient-GetDemographics-Example.html"}],"nameUrl":"Patient-Patient-GetDemographics-Example.html","title":"Patient-GetDemographics-Example","generation":"generated"},{"extension":[{"url":"http://hl7.org/fhir/tools/StructureDefinition/ig-page-name","valueUrl":"Patient-Patient-GetDemographics-withHistory-Example.html"}],"nameUrl":"Patient-Patient-GetDemographics-withHistory-Example.html","title":"Patient-GetDemographics-withHistory-Example","generation":"generated"},{"extension":[{"url":"http://hl7.org/fhir/tools/StructureDefinition/ig-page-name","valueUrl":"Patient-Patient-Identifier-Examples.html"}],"nameUrl":"Patient-Patient-Identifier-Examples.html","title":"Patient-Identifier-Examples","generation":"generated"},{"extension":[{"url":"http://hl7.org/fhir/tools/StructureDefinition/ig-page-name","valueUrl":"Patient-Patient-MergePatient-Example.html"}],"nameUrl":"Patient-Patient-MergePatient-Example.html","title":"Patient-MergePatient-Example","generation":"generated"},{"extension":[{"url":"http://hl7.org/fhir/tools/StructureDefinition/ig-page-name","valueUrl":"Patient-Patient-Mother-Example.html"}],"nameUrl":"Patient-Patient-Mother-Example.html","title":"Patient-Mother-Example","generation":"generated"},{"extension":[{"url":"http://hl7.org/fhir/tools/StructureDefinition/ig-page-name","valueUrl":"Patient-Patient-RevisePatient-Example.html"}],"nameUrl":"Patient-Patient-RevisePatient-Example.html","title":"Patient-RevisePatient-Example","generation":"generated"},{"extension":[{"url":"http://hl7.org/fhir/tools/StructureDefinition/ig-page-name","valueUrl":"Patient-Patient-UpdatePatient-Request-Example.html"}],"nameUrl":"Patient-Patient-UpdatePatient-Request-Example.html","title":"Patient-UpdatePatient-Request-Example","generation":"generated"},{"extension":[{"url":"http://hl7.org/fhir/tools/StructureDefinition/ig-page-name","valueUrl":"RelatedPerson-RelatedPerson-Mother-Example.html"}],"nameUrl":"RelatedPerson-RelatedPerson-Mother-Example.html","title":"RelatedPerson-Mother-Example","generation":"generated"},{"extension":[{"url":"http://hl7.org/fhir/tools/StructureDefinition/ig-page-name","valueUrl":"RelatedPerson-RelatedPerson-MotherOfBabyBoy-Example.html"}],"nameUrl":"RelatedPerson-RelatedPerson-MotherOfBabyBoy-Example.html","title":"RelatedPerson-MotherOfBabyBoy-Example","generation":"generated"},{"extension":[{"url":"http://hl7.org/fhir/tools/StructureDefinition/ig-page-name","valueUrl":"RelatedPerson-RelatedPerson-MotherOfBabyGirl-Example.html"}],"nameUrl":"RelatedPerson-RelatedPerson-MotherOfBabyGirl-Example.html","title":"RelatedPerson-MotherOfBabyGirl-Example","generation":"generated"}]}]},"parameter":[{"code":"path-resource","value":"input/capabilities"},{"code":"path-resource","value":"input/examples"},{"code":"path-resource","value":"input/extensions"},{"code":"path-resource","value":"input/models"},{"code":"path-resource","value":"input/operations"},{"code":"path-resource","value":"input/profiles"},{"code":"path-resource","value":"input/resources"},{"code":"path-resource","value":"input/vocabulary"},{"code":"path-resource","value":"input/maps"},{"code":"path-resource","value":"input/testing"},{"code":"path-resource","value":"input/history"},{"code":"path-resource","value":"fsh-generated/resources"},{"code":"path-pages","value":"template/config"},{"code":"path-pages","value":"input/images"},{"code":"path-tx-cache","value":"input-cache/txcache"}]}}