{"resourceType":"OperationDefinition","id":"bc-patient-get-demographics-withEligibility","text":{"status":"extensions","div":"<div xmlns=\"http://www.w3.org/1999/xhtml\"><p>URL: [base]/Patient/$GetDemographics.withEligibility</p><p>Input parameters Profile: <a href=\"StructureDefinition-bc-get-demographics-request-bundle.html\">GetDemographicsRequestBundle</a></p><p>Output parameters Profile: <a href=\"StructureDefinition-bc-search-withEligibility-response-bundle.html\">SearchWithEligibilityResponseBundle</a></p><p>Parameters</p><table class=\"grid\"><tr><td><b>Use</b></td><td><b>Name</b></td><td><b>Cardinality</b></td><td><b>Type</b></td><td><b>Binding</b></td><td><b>Documentation</b></td></tr><tr><td>IN</td><td>GetDemographicsRequestBundle</td><td>1..1</td><td><a href=\"http://hl7.org/fhir/R4/bundle.html\">Bundle</a></td><td/><td><div><p>GetDemographics with Eligibility request Bundle.</p>\n</div></td></tr><tr><td>OUT</td><td>SearchResponseBundle</td><td>1..1</td><td><a href=\"http://hl7.org/fhir/R4/bundle.html\">Bundle</a></td><td/><td><div><p>GetDemograponics with Eligibility response Bundle.</p>\n</div></td></tr></table></div>"},"url":"http://hlth.gov.bc.ca/fhir/client/OperationDefinition/bc-patient-get-demographics-withEligibility","version":"1.0.0","name":"GetDemographicswithEligibility","title":"GetDemographics withEligibility","status":"draft","kind":"query","date":"2022-11-30T18:54:03+00:00","publisher":"BC Ministry of Health","contact":[{"name":"BC Ministry of Health","telecom":[{"system":"url","value":"https://www2.gov.bc.ca/gov/content/governments/organizational-structure/ministries-organizations/ministries/health"}]}],"jurisdiction":[{"coding":[{"system":"urn:iso:std:iso:3166","code":"CA","display":"Canada"}]}],"code":"GetDemographics.withEligibility","resource":["Patient"],"system":false,"type":true,"instance":false,"inputProfile":"http://hlth.gov.bc.ca/fhir/client/StructureDefinition/bc-get-demographics-request-bundle","outputProfile":"http://hlth.gov.bc.ca/fhir/client/StructureDefinition/bc-search-withEligibility-response-bundle","parameter":[{"name":"GetDemographicsRequestBundle","use":"in","min":1,"max":"1","documentation":"GetDemographics with Eligibility request Bundle.","type":"Bundle"},{"name":"SearchResponseBundle","use":"out","min":1,"max":"1","documentation":"GetDemograponics with Eligibility response Bundle.","type":"Bundle"}]}