{"resourceType":"OperationDefinition","id":"bc-patient-update","text":{"status":"extensions","div":"<div xmlns=\"http://www.w3.org/1999/xhtml\"><p>URL: [base]/Patient/$PartialUpdatePatient</p><p>Input parameters Profile: <a href=\"StructureDefinition-bc-update-request-bundle.html\">PartialUpdateRequestBundle</a></p><p>Output parameters Profile: <a href=\"StructureDefinition-bc-revise-response-bundle.html\">ReviseResponseBundle</a></p><p>Parameters</p><table class=\"grid\"><tr><td><b>Use</b></td><td><b>Name</b></td><td><b>Scope</b></td><td><b>Cardinality</b></td><td><b>Type</b></td><td><b>Binding</b></td><td><b>Documentation</b></td></tr><tr><td>IN</td><td>UpdatePatientRequestBundle</td><td/><td>1..1</td><td><a href=\"http://hl7.org/fhir/R4/bundle.html\">Bundle</a></td><td/><td><div><p>Update request Bundle.</p>\n</div></td></tr><tr><td>OUT</td><td>RevisePatientResponseBundle</td><td/><td>1..1</td><td><a href=\"http://hl7.org/fhir/R4/bundle.html\">Bundle</a></td><td/><td><div><p>Update response Bundle (which is the ReviseResponseBundle).</p>\n</div></td></tr></table></div>"},"url":"http://hlth.gov.bc.ca/fhir/client/OperationDefinition/bc-patient-update","version":"1.0.0","name":"PartialUpdatePatient","title":"Partial Update Patient","status":"draft","kind":"operation","date":"2023-07-28T15:45:10+00:00","publisher":"BC Ministry of Health","contact":[{"name":"BC Ministry of Health","telecom":[{"system":"url","value":"https://www2.gov.bc.ca/gov/content/governments/organizational-structure/ministries-organizations/ministries/health"}]}],"description":"This operation is used to update a patient's demographics, applied to only specific Patient attributes.","jurisdiction":[{"coding":[{"system":"urn:iso:std:iso:3166","code":"CA","display":"Canada"}]}],"code":"PartialUpdatePatient","resource":["Patient"],"system":false,"type":true,"instance":false,"inputProfile":"http://hlth.gov.bc.ca/fhir/client/StructureDefinition/bc-update-request-bundle","outputProfile":"http://hlth.gov.bc.ca/fhir/client/StructureDefinition/bc-revise-response-bundle","parameter":[{"name":"UpdatePatientRequestBundle","use":"in","min":1,"max":"1","documentation":"Update request Bundle.","type":"Bundle"},{"name":"RevisePatientResponseBundle","use":"out","min":1,"max":"1","documentation":"Update response Bundle (which is the ReviseResponseBundle).","type":"Bundle"}]}