{"resourceType":"OperationDefinition","id":"bc-patient-partial-revise","text":{"status":"extensions","div":"<div xmlns=\"http://www.w3.org/1999/xhtml\"><h2>PartialRevisePatient</h2><p>OPERATION: PartialRevisePatient</p><p>The official URL for this operation definition is: </p><pre>http://hl7.org/fhir/ca-bc/client/OperationDefinition/bc-patient-partial-revise</pre><p>URL: [base]/Patient/$PartialRevisePatient</p><p>URL: [base]/Patient/[id]/$PartialRevisePatient</p><p>Input parameters Profile: <a href=\"StructureDefinition-bc-metadata-parameters.html\">BCMetadataParameters</a></p><p>Parameters</p><table class=\"grid\"><tr><td><b>Use</b></td><td><b>Name</b></td><td><b>Cardinality</b></td><td><b>Type</b></td><td><b>Binding</b></td><td><b>Documentation</b></td></tr><tr><td>IN</td><td>messageId</td><td>1..1</td><td><a href=\"http://hl7.org/fhir/R4/datatypes.html#string\">string</a><br/>(<a href=\"http://hl7.org/fhir/R4/search.html#string\">string</a>)</td><td/><td><div><p>Unique message ID.</p>\n</div></td></tr><tr><td>IN</td><td>messageDate</td><td>1..1</td><td><a href=\"http://hl7.org/fhir/R4/datatypes.html#string\">string</a><br/>(<a href=\"http://hl7.org/fhir/R4/search.html#string\">string</a>)</td><td/><td><div><p>Message date and time.</p>\n</div></td></tr><tr><td>IN</td><td>PHN</td><td>1..1</td><td><a href=\"http://hl7.org/fhir/R4/datatypes.html#string\">string</a></td><td/><td><div><p>The Patient's PHN.</p>\n</div></td></tr><tr><td>IN</td><td>enterer</td><td>0..1</td><td><a href=\"http://hl7.org/fhir/R4/datatypes.html#Identifier\">Identifier</a></td><td/><td><div><p>UserId of sender.</p>\n</div></td></tr><tr><td>IN</td><td>sender</td><td>1..1</td><td><a href=\"http://hl7.org/fhir/R4/datatypes.html#Identifier\">Identifier</a></td><td/><td><div><p>Source of request</p>\n</div></td></tr><tr><td>IN</td><td>patchOperation</td><td>1..1</td><td><a href=\"http://hl7.org/fhir/R4/parameters.html\">Parameters</a></td><td/><td><div><p>Patch parameters</p>\n</div></td></tr></table></div>"},"url":"http://hl7.org/fhir/ca-bc/client/OperationDefinition/bc-patient-partial-revise","version":"0.1.0","name":"PartialRevisePatient","title":"Partial Revise Patient","status":"draft","kind":"operation","date":"2021-12-13T18:05:39+00:00","publisher":"BC Ministry of Health","contact":[{"name":"BC Ministry of Health","telecom":[{"system":"url","value":"https://www2.gov.bc.ca/gov/content/governments/organizational-structure/ministries-organizations/ministries/health"}]}],"jurisdiction":[{"coding":[{"system":"urn:iso:std:iso:3166","code":"CA","display":"Canada"}]}],"code":"PartialRevisePatient","resource":["Patient"],"system":false,"type":true,"instance":true,"inputProfile":"http://hlth.gov.bc.ca/fhir/client/StructureDefinition/bc-metadata-parameters","parameter":[{"name":"messageId","use":"in","min":1,"max":"1","documentation":"Unique message ID.","type":"string","searchType":"string"},{"name":"messageDate","use":"in","min":1,"max":"1","documentation":"Message date and time.","type":"string","searchType":"string"},{"name":"PHN","use":"in","min":1,"max":"1","documentation":"The Patient's PHN.","type":"string"},{"name":"enterer","use":"in","min":0,"max":"1","documentation":"UserId of sender.","type":"Identifier"},{"name":"sender","use":"in","min":1,"max":"1","documentation":"Source of request","type":"Identifier"},{"name":"patchOperation","use":"in","min":1,"max":"1","documentation":"Patch parameters","type":"Parameters"}]}