{"resourceType":"OperationDefinition","id":"bc-patient-revise","text":{"status":"extensions","div":"<div xmlns=\"http://www.w3.org/1999/xhtml\"><p>URL: [base]/Patient/$RevisePatient</p><p>Input parameters Profile: <a href=\"StructureDefinition-bc-revise-request-bundle.html\">ReviseRequestBundle</a></p><p>Output parameters Profile: <a href=\"StructureDefinition-bc-revise-response-bundle.html\">ReviseResponseBundle</a></p><p>Parameters</p><table class=\"grid\"><tr><td><b>Use</b></td><td><b>Name</b></td><td><b>Scope</b></td><td><b>Cardinality</b></td><td><b>Type</b></td><td><b>Binding</b></td><td><b>Documentation</b></td></tr><tr><td>IN</td><td>ReviseRequestBundle</td><td/><td>1..1</td><td><a href=\"http://hl7.org/fhir/R4/bundle.html\">Bundle</a></td><td/><td><div><p>The RevisePatient operation request Bundle.</p>\n</div></td></tr><tr><td>OUT</td><td>ReviseResponseBundle</td><td/><td>1..1</td><td><a href=\"http://hl7.org/fhir/R4/bundle.html\">Bundle</a></td><td/><td><div><p>The RevisePatient operation response Bundle.</p>\n</div></td></tr></table></div>"},"url":"http://hlth.gov.bc.ca/fhir/client/OperationDefinition/bc-patient-revise","version":"1.0.0","name":"RevisePatient","title":"Revise Patient","status":"draft","kind":"operation","date":"2024-05-03T17:46:35+00:00","publisher":"BC Ministry of Health","contact":[{"name":"BC Ministry of Health","telecom":[{"system":"url","value":"https://www2.gov.bc.ca/gov/content/governments/organizational-structure/ministries-organizations/ministries/health"}]}],"description":"This operation is used to revise a patient's demographics.","jurisdiction":[{"coding":[{"system":"urn:iso:std:iso:3166","code":"CA","display":"Canada"}]}],"code":"RevisePatient","resource":["Patient"],"system":false,"type":true,"instance":false,"inputProfile":"http://hlth.gov.bc.ca/fhir/client/StructureDefinition/bc-revise-request-bundle","outputProfile":"http://hlth.gov.bc.ca/fhir/client/StructureDefinition/bc-revise-response-bundle","parameter":[{"name":"ReviseRequestBundle","use":"in","min":1,"max":"1","documentation":"The RevisePatient operation request Bundle.","type":"Bundle"},{"name":"ReviseResponseBundle","use":"out","min":1,"max":"1","documentation":"The RevisePatient operation response Bundle.","type":"Bundle"}]}