{"resourceType":"OperationDefinition","id":"bc-patient-find-candidates","text":{"status":"extensions","div":"<div xmlns=\"http://www.w3.org/1999/xhtml\"><h2>FindCandidates</h2><p>QUERY: FindCandidates</p><p>The official URL for this operation definition is: </p><pre>http://hl7.org/fhir/ca-bc/client/OperationDefinition/bc-patient-find-candidates</pre><p>URL: [base]/Patient/$FindCandidates</p><p>URL: [base]/Patient/[id]/$FindCandidates</p><p>Input parameters Profile: <a href=\"StructureDefinition-bc-metadata-parameters.html\">BCMetadataParameters</a></p><p>Parameters</p><table class=\"grid\"><tr><td><b>Use</b></td><td><b>Name</b></td><td><b>Cardinality</b></td><td><b>Type</b></td><td><b>Binding</b></td><td><b>Documentation</b></td></tr><tr><td>IN</td><td>messageId</td><td>1..1</td><td><a href=\"http://hl7.org/fhir/R4/datatypes.html#string\">string</a><br/>(<a href=\"http://hl7.org/fhir/R4/search.html#string\">string</a>)</td><td/><td><div><p>Unique message ID.</p>\n</div></td></tr><tr><td>IN</td><td>messageDateTime</td><td>1..1</td><td><a href=\"http://hl7.org/fhir/R4/datatypes.html#dateTime\">dateTime</a></td><td/><td><div><p>Message date and time.</p>\n</div></td></tr><tr><td>IN</td><td>sender</td><td>1..1</td><td><a href=\"http://hl7.org/fhir/R4/datatypes.html#Identifier\">Identifier</a></td><td/><td><div><p>Message sender</p>\n</div></td></tr><tr><td>IN</td><td>address</td><td>0..1</td><td><a href=\"http://hl7.org/fhir/R4/datatypes.html#Address\">Address</a></td><td/><td><div><p>Patient address.</p>\n</div></td></tr><tr><td>IN</td><td>gender</td><td>0..1</td><td><a href=\"http://hl7.org/fhir/R4/datatypes.html#code\">code</a></td><td/><td><div><p>Patient gender.</p>\n</div></td></tr><tr><td>IN</td><td>birthDate</td><td>0..1</td><td><a href=\"http://hl7.org/fhir/R4/datatypes.html#date\">date</a></td><td/><td><div><p>Patient birth date.</p>\n</div></td></tr><tr><td>IN</td><td>deathDate</td><td>0..1</td><td><a href=\"http://hl7.org/fhir/R4/datatypes.html#date\">date</a></td><td/><td><div><p>Patient death date.</p>\n</div></td></tr><tr><td>IN</td><td>name</td><td>0..1</td><td><a href=\"http://hl7.org/fhir/R4/datatypes.html#HumanName\">HumanName</a></td><td/><td><div><p>Patient name.</p>\n</div></td></tr><tr><td>IN</td><td>telephone</td><td>0..1</td><td><a href=\"http://hl7.org/fhir/R4/datatypes.html#ContactPoint\">ContactPoint</a></td><td/><td><div><p>Patient telephone.</p>\n</div></td></tr><tr><td>IN</td><td>identifier</td><td>0..1</td><td><a href=\"http://hl7.org/fhir/R4/datatypes.html#Identifier\">Identifier</a></td><td/><td><div><p>Patient identifier.</p>\n</div></td></tr><tr><td>IN</td><td>mothersPHN</td><td>0..1</td><td><a href=\"http://hl7.org/fhir/R4/datatypes.html#string\">string</a></td><td/><td><div><p>Patient mother's PHN.</p>\n</div></td></tr><tr><td>IN</td><td>identifiersOnly</td><td>0..1</td><td><a href=\"http://hl7.org/fhir/R4/datatypes.html#boolean\">boolean</a></td><td/><td><div><p>Instruct the Client Registry to return Patient Identifiers only when true.  If not present, defaults to false.</p>\n</div></td></tr><tr><td>IN</td><td>enterer</td><td>0..1</td><td><a href=\"http://hl7.org/fhir/R4/datatypes.html#Identifier\">Identifier</a></td><td/><td><div><p>UserId of sender.</p>\n</div></td></tr></table></div>"},"url":"http://hl7.org/fhir/ca-bc/client/OperationDefinition/bc-patient-find-candidates","version":"0.1.0","name":"FindCandidates","title":"Find Candidates","status":"draft","kind":"query","date":"2021-11-26T18:59:02+00:00","publisher":"BC Ministry of Health","contact":[{"name":"BC Ministry of Health","telecom":[{"system":"url","value":"https://www2.gov.bc.ca/gov/content/governments/organizational-structure/ministries-organizations/ministries/health"}]}],"jurisdiction":[{"coding":[{"system":"urn:iso:std:iso:3166","code":"CA","display":"Canada"}]}],"code":"FindCandidates","resource":["Patient"],"system":false,"type":true,"instance":true,"inputProfile":"http://hlth.gov.bc.ca/fhir/client/StructureDefinition/bc-metadata-parameters","parameter":[{"name":"messageId","use":"in","min":1,"max":"1","documentation":"Unique message ID.","type":"string","searchType":"string"},{"name":"messageDateTime","use":"in","min":1,"max":"1","documentation":"Message date and time.","type":"dateTime"},{"name":"sender","use":"in","min":1,"max":"1","documentation":"Message sender","type":"Identifier"},{"name":"address","use":"in","min":0,"max":"1","documentation":"Patient address.","type":"Address"},{"name":"gender","use":"in","min":0,"max":"1","documentation":"Patient gender.","type":"code"},{"name":"birthDate","use":"in","min":0,"max":"1","documentation":"Patient birth date.","type":"date"},{"name":"deathDate","use":"in","min":0,"max":"1","documentation":"Patient death date.","type":"date"},{"name":"name","use":"in","min":0,"max":"1","documentation":"Patient name.","type":"HumanName"},{"name":"telephone","use":"in","min":0,"max":"1","documentation":"Patient telephone.","type":"ContactPoint"},{"name":"identifier","use":"in","min":0,"max":"1","documentation":"Patient identifier.","type":"Identifier"},{"name":"mothersPHN","use":"in","min":0,"max":"1","documentation":"Patient mother's PHN.","type":"string"},{"name":"identifiersOnly","use":"in","min":0,"max":"1","documentation":"Instruct the Client Registry to return Patient Identifiers only when true.  If not present, defaults to false.","type":"boolean"},{"name":"enterer","use":"in","min":0,"max":"1","documentation":"UserId of sender.","type":"Identifier"}]}