{"resourceType":"ValueSet","id":"bc-address-use-value-set","text":{"status":"extensions","div":"<div xmlns=\"http://www.w3.org/1999/xhtml\"><p>This value set includes codes based on the following rules:</p><ul><li>Import all the codes that are contained in <a href=\"http://hl7.org/fhir/R4/valueset-address-use.html\">http://hl7.org/fhir/ValueSet/address-use</a></li></ul><p>This value set excludes codes based on the following rules:</p><ul><li>Exclude these codes as defined in <a href=\"http://hl7.org/fhir/R4/codesystem-address-use.html\"><code>http://hl7.org/fhir/address-use</code></a><table class=\"none\"><tr><td style=\"white-space:nowrap\"><b>Code</b></td><td><b>Display</b></td><td><b>Definition</b></td></tr><tr><td><a href=\"http://hl7.org/fhir/R4/codesystem-address-use.html#address-use-work\">work</a></td><td>Work</td><td>An office address. First choice for business related contacts during business hours.</td></tr><tr><td><a href=\"http://hl7.org/fhir/R4/codesystem-address-use.html#address-use-temp\">temp</a></td><td>Temporary</td><td>A temporary address. The period can provide more detailed information.</td></tr><tr><td><a href=\"http://hl7.org/fhir/R4/codesystem-address-use.html#address-use-old\">old</a></td><td>Old / Incorrect</td><td>This address is no longer in use (or was never correct but retained for records).</td></tr><tr><td><a href=\"http://hl7.org/fhir/R4/codesystem-address-use.html#address-use-billing\">billing</a></td><td>Billing</td><td>An address to be used to send bills, invoices, receipts etc.</td></tr></table></li></ul></div>"},"url":"http://hl7.org/fhir/ca-bc/client/ValueSet/bc-address-use-value-set","version":"0.1.0","name":"BCAddressUse","title":"BC Address Use value set.","status":"active","date":"2021-11-17T18:19:53+00:00","publisher":"BC Ministry of Health","contact":[{"name":"BC Ministry of Health","telecom":[{"system":"url","value":"https://www2.gov.bc.ca/gov/content/governments/organizational-structure/ministries-organizations/ministries/health"}]}],"description":"BC Address Use value set, sliced to meet BC constraints.","compose":{"include":[{"valueSet":["http://hl7.org/fhir/ValueSet/address-use"]}],"exclude":[{"system":"http://hl7.org/fhir/address-use","concept":[{"code":"work"},{"code":"temp"},{"code":"old"},{"code":"billing"}]}]}}