{"resourceType":"ValueSet","id":"bc-client-registry-update-patient-operation-value-set","text":{"status":"generated","div":"<div xmlns=\"http://www.w3.org/1999/xhtml\"><ul><li>Include all codes defined in <a href=\"CodeSystem-bc-client-registry-update-patient-operation-code-system.html\"><code>https://terminology.hlth.gov.bc.ca/ClientRegistry/CodeSystem/bc-client-registry-update-patient-operation-code-system</code></a></li></ul></div>"},"url":"https://terminology.hlth.gov.bc.ca/ClientRegistry/ValueSet/bc-client-registry-update-patient-operation-value-set","version":"1.0.0","name":"UpdatePatientOperationVS","title":"BC Update Patient Operation Value Set","status":"draft","date":"2024-01-29T03:29:58+00:00","publisher":"BC Ministry of Health","contact":[{"name":"BC Ministry of Health","telecom":[{"system":"url","value":"https://www2.gov.bc.ca/gov/content/governments/organizational-structure/ministries-organizations/ministries/health"}]}],"description":"A Value Set of allowed update operations.","jurisdiction":[{"coding":[{"system":"urn:iso:std:iso:3166","code":"CA","display":"Canada"}]}],"compose":{"include":[{"system":"https://terminology.hlth.gov.bc.ca/ClientRegistry/CodeSystem/bc-client-registry-update-patient-operation-code-system"}]}}