{"resourceType":"ValueSet","id":"bc-identifier-status-value-set","text":{"status":"generated","div":"<div xmlns=\"http://www.w3.org/1999/xhtml\"><ul><li>Include all codes defined in <a href=\"CodeSystem-bc-identifier-status-code-system.html\"><code>http://hlth.gov.bc.ca/fhir/client/CodeSystem/bc-identifier-status-code-system</code></a></li></ul></div>"},"url":"http://hlth.gov.bc.ca/fhir/client/ValueSet/bc-identifier-status-value-set","version":"0.1.0","name":"BCIdentifierStatusVS","title":"BC Identifier Status Value Set","status":"active","date":"2022-03-14T20:50:06+00:00","publisher":"BC Ministry of Health","contact":[{"name":"BC Ministry of Health","telecom":[{"system":"url","value":"https://www2.gov.bc.ca/gov/content/governments/organizational-structure/ministries-organizations/ministries/health"}]}],"description":"BC Identifier Status value set used to describe the status of an identifier.","jurisdiction":[{"coding":[{"system":"urn:iso:std:iso:3166","code":"CA","display":"Canada"}]}],"compose":{"include":[{"system":"http://hlth.gov.bc.ca/fhir/client/CodeSystem/bc-identifier-status-code-system"}]}}