{"resourceType":"ValueSet","id":"bc-merge-status-value-set","text":{"status":"generated","div":"<div xmlns=\"http://www.w3.org/1999/xhtml\"><ul><li>Include all codes defined in <a href=\"CodeSystem-bc-client-registry-merge-status-code-system.html\"><code>http://hl7.org/fhir/ca-bc/client/CodeSystem/bc-client-registry-merge-status-code-system</code></a></li></ul></div>"},"url":"http://hl7.org/fhir/ca-bc/client/ValueSet/bc-merge-status-value-set","version":"0.1.0","name":"BCMergeStatusVS","title":"BC Merge Status value set","status":"active","date":"2021-11-17T18:19:53+00:00","publisher":"BC Ministry of Health","contact":[{"name":"BC Ministry of Health","telecom":[{"system":"url","value":"https://www2.gov.bc.ca/gov/content/governments/organizational-structure/ministries-organizations/ministries/health"}]}],"description":"BC Merge Status value set used to describe the merge status of a Patient.","compose":{"include":[{"system":"http://hl7.org/fhir/ca-bc/client/CodeSystem/bc-client-registry-merge-status-code-system"}]}}