{
  "resourceType": "Bundle",
  "id": "Bundle-GetDemographics-Response-Example",
  "meta": {
    "profile": [
      "http://hlth.gov.bc.ca/fhir/client/StructureDefinition/bc-search-response-bundle"
    ]
  },
  "identifier": {
    "system": "urn:ietf:rfc:3986",
    "value": "urn:uuid:b3a12f0c-a332-4ec9-94b9-d8539a02df48"
  },
  "type": "searchset",
  "timestamp": "2011-09-07T12:18:23.000-07:00",
  "link": [
    {
      "relation": "self",
      "url": "https://your.search.search.url"
    }
  ],
  "entry": [
    {
      "fullUrl": "urn:uuid:61061501-9953-4fba-87fe-6ae30e79da33",
      "resource": {
        "resourceType": "Parameters",
        "id": "Parameters-GetDemographics-Response-Example",
        "meta": {
          "profile": [
            "http://hlth.gov.bc.ca/fhir/client/StructureDefinition/bc-metadata-parameters"
          ]
        },
        "parameter": [
          {
            "name": "messageId",
            "valueString": "c087e71e-3e7e-4c22-a3ce-61523f600615"
          },
          {
            "name": "messageDateTime",
            "valueDateTime": "2015-02-07T13:29:17-08:00"
          },
          {
            "name": "sender",
            "valueIdentifier": {
              "system": "http://hlth.gov.bc.ca/fhir/client/bc-org",
              "value": "MOH_CRS"
            }
          },
          {
            "name": "requestMessageId",
            "valueString": "98028b44-882a-4c72-8c92-b87d916147e1"
          }
        ]
      },
      "search": {
        "mode": "include"
      }
    },
    {
      "fullUrl": "urn:uuid:2d028b44-882a-4c72-8c92-b87d916147e1",
      "resource": {
        "resourceType": "OperationOutcome",
        "id": "OperationOutcome-Search-Example",
        "text": {
          "status": "generated",
          "div": "<div xmlns=\"http://www.w3.org/1999/xhtml\"><p><b>Generated Narrative</b></p><div style=\"display: inline-block; background-color: #d9e0e7; padding: 6px; margin: 4px; border: 1px solid #8da1b4; border-radius: 5px; line-height: 60%\"><p style=\"margin-bottom: 0px\">Resource \"OperationOutcome-Search-Example\" </p></div><blockquote><p><b>issue</b></p><p><b>severity</b>: warning</p><p><b>code</b>: business-rule</p><p><b>details</b>: Warning: The Find Candidates Patient name has been modified to filter out invalid characters. <span style=\"background: LightGoldenRodYellow; margin: 4px; border: 1px solid khaki\"> (bc-oo-codes#BCHCIM.GD.1.0017)</span></p></blockquote><blockquote><p><b>issue</b></p><p><b>severity</b>: error</p><p><b>code</b>: business-rule</p><p><b>details</b>: The HL7 message is invalid. Please correct the HL7 message, and resubmit it. (System.Exception: Results from Schematron validation: ... <span style=\"background: LightGoldenRodYellow; margin: 4px; border: 1px solid khaki\"> (bc-oo-codes#BCHCIM.GD.1.0017)</span></p></blockquote></div>"
        },
        "issue": [
          {
            "severity": "warning",
            "code": "business-rule",
            "details": {
              "coding": [
                {
                  "system": "http://hlth.gov.bc.ca/fhir/client/bc-oo-codes",
                  "code": "BCHCIM.GD.1.0017"
                }
              ],
              "text": "Warning: The Find Candidates Patient name has been modified to filter out invalid characters."
            }
          },
          {
            "severity": "error",
            "code": "business-rule",
            "details": {
              "coding": [
                {
                  "system": "http://hlth.gov.bc.ca/fhir/client/bc-oo-codes",
                  "code": "BCHCIM.GD.1.0017"
                }
              ],
              "text": "The HL7 message is invalid. Please correct the HL7 message, and resubmit it. (System.Exception: Results from Schematron validation: ..."
            }
          }
        ]
      },
      "search": {
        "mode": "outcome"
      }
    },
    {
      "fullUrl": "urn:uuid:4e795f80-6032-42e3-bbfd-24e27f0c3e7c",
      "resource": {
        "resourceType": "Patient",
        "id": "Patient-GetDemographics-Example",
        "meta": {
          "profile": [
            "http://hlth.gov.bc.ca/fhir/client/StructureDefinition/bc-patient"
          ]
        },
        "text": {
          "status": "generated",
          "div": "<div xmlns=\"http://www.w3.org/1999/xhtml\"><p><b>Generated Narrative</b></p><div style=\"display: inline-block; background-color: #d9e0e7; padding: 6px; margin: 4px; border: 1px solid #8da1b4; border-radius: 5px; line-height: 60%\"><p style=\"margin-bottom: 0px\">Resource \"Patient-GetDemographics-Example\" </p><p style=\"margin-bottom: 0px\">Profile: <a href=\"StructureDefinition-bc-patient.html\">BCPatient</a></p></div><p><b>identifier</b>: Jurisdictional health number: 9983652763</p><p><b>name</b>: JILLIAN DAWN THIRD NAME COOK-ADAMS </p><p><b>telecom</b>: ph: 6048883322(HOME)</p><p><b>gender</b>: female</p><p><b>birthDate</b>: 1972-10-16</p><p><b>address</b>: </p><ul><li>321 SUNSHINE PL NEW LINE 2 NEW LINE 3 VANCOUVER BC </li><li>1824 CROSS RD LINE 2 LINE 3 VANCOUVER BC V9L 4H2 </li></ul></div>"
        },
        "identifier": [
          {
            "extension": [
              {
                "url": "http://hlth.gov.bc.ca/fhir/client/StructureDefinition/bc-identifier-status-extension",
                "valueCode": "merged"
              }
            ],
            "type": {
              "coding": [
                {
                  "system": "http://terminology.hl7.org/CodeSystem/v2-0203",
                  "code": "JHN"
                }
              ]
            },
            "system": "http://hlth.gov.bc.ca/fhir/client/bc-sri",
            "value": "9983652763"
          }
        ],
        "name": [
          {
            "use": "usual",
            "family": "COOK-ADAMS",
            "given": [
              "JILLIAN",
              "DAWN",
              "THIRD NAME"
            ]
          }
        ],
        "telecom": [
          {
            "system": "phone",
            "value": "6048883322",
            "use": "home"
          }
        ],
        "gender": "female",
        "_gender": {
          "extension": [
            {
              "url": "http://hlth.gov.bc.ca/fhir/client/StructureDefinition/bc-business-period-extension",
              "valuePeriod": {
                "start": "2017-04-05T16:16:16-08:00"
              }
            },
            {
              "extension": [
                {
                  "url": "http://hlth.gov.bc.ca/fhir/client/StructureDefinition/bc-business-period-extension",
                  "valuePeriod": {
                    "start": "2016-04-05",
                    "end": "2017-04-05"
                  }
                },
                {
                  "url": "gender",
                  "valueCode": "other"
                }
              ],
              "url": "http://hlth.gov.bc.ca/fhir/client/StructureDefinition/bc-gender-history-extension"
            },
            {
              "extension": [
                {
                  "url": "http://hlth.gov.bc.ca/fhir/client/StructureDefinition/bc-business-period-extension",
                  "valuePeriod": {
                    "start": "2015-04-05",
                    "end": "2016-04-05"
                  }
                },
                {
                  "url": "gender",
                  "valueCode": "unknown"
                }
              ],
              "url": "http://hlth.gov.bc.ca/fhir/client/StructureDefinition/bc-gender-history-extension"
            }
          ]
        },
        "birthDate": "1972-10-16",
        "_birthDate": {
          "extension": [
            {
              "url": "http://hlth.gov.bc.ca/fhir/client/StructureDefinition/bc-business-period-extension",
              "valuePeriod": {
                "start": "2018-03-17T03:29:17-08:00"
              }
            }
          ]
        },
        "address": [
          {
            "type": "physical",
            "line": [
              "321 SUNSHINE PL",
              "NEW LINE 2",
              "NEW LINE 3"
            ],
            "city": "VANCOUVER",
            "state": "BC"
          },
          {
            "type": "postal",
            "line": [
              "1824 CROSS RD",
              "LINE 2",
              "LINE 3"
            ],
            "city": "VANCOUVER",
            "state": "BC",
            "postalCode": "V9L 4H2"
          }
        ]
      },
      "search": {
        "mode": "include"
      }
    }
  ]
}