{
  "resourceType" : "Bundle",
  "id" : "Revise-withMaxData-Request",
  "meta" : {
    "profile" : ["http://hlth.gov.bc.ca/fhir/client/StructureDefinition/bc-revise-request-bundle"]
  },
  "type" : "collection",
  "timestamp" : "2023-01-23T14:02:15.7695447-08:00",
  "link" : [{
    "relation" : "self",
    "url" : "urn:uuid:1d822cfb-c6a5-43db-ac7e-277234bceb2a"
  }],
  "entry" : [{
    "fullUrl" : "urn:uuid:e12213c8-9351-4a9b-94cb-54d3710be5b4",
    "resource" : {
      "resourceType" : "Parameters",
      "id" : "6426876c-8118-4020-8364-7021d0a1ec23",
      "meta" : {
        "profile" : ["http://hlth.gov.bc.ca/fhir/client/StructureDefinition/bc-metadata-parameters-in"]
      },
      "parameter" : [{
        "name" : "messageId",
        "valueString" : "f95c3be0-b6ed-4aec-b969-7bc7da904315"
      },
      {
        "name" : "messageDateTime",
        "valueDateTime" : "2023-01-23T14:02:15.7581133-08:00"
      }]
    }
  },
  {
    "fullUrl" : "urn:uuid:112a2ba8-c3c9-4b08-8cfd-f025b85b3e0c",
    "resource" : {
      "resourceType" : "Patient",
      "id" : "Revise-withMaxData-Request-Patient",
      "meta" : {
        "profile" : ["http://hlth.gov.bc.ca/fhir/client/StructureDefinition/bc-patient"]
      },
      "text" : {
        "status" : "generated",
        "div" : "<div xmlns=\"http://www.w3.org/1999/xhtml\"><p><b>Generated Narrative: Patient</b><a name=\"Revise-withMaxData-Request-Patient\"> </a></p><div style=\"display: inline-block; background-color: #d9e0e7; padding: 6px; margin: 4px; border: 1px solid #8da1b4; border-radius: 5px; line-height: 60%\"><p style=\"margin-bottom: 0px\">Resource Patient &quot;Revise-withMaxData-Request-Patient&quot; </p><p style=\"margin-bottom: 0px\">Profile: <a href=\"StructureDefinition-bc-patient.html\">ClientRegistryPatient</a></p></div><p><b>identifier</b>: Account number: 2B6F8GN410H1T27NPE\u00a0(use:\u00a0OFFICIAL), Account number: Y4DCP5VK29F31R80O8K2O08D5WAU2K950U40D8\u00a0(use:\u00a0SECONDARY), Account number: 0EZFV8L7L7E1W9UF9AB3Z\u00a0(use:\u00a0SECONDARY), Account number: 2281UM0D8528TIVRW5FF4ESNK53N9KO\u00a0(use:\u00a0SECONDARY), Account number: JDU70IH8L8575631A39QQMA0DQ7N3DS4\u00a0(use:\u00a0SECONDARY), Account number: 154G21E7EK1BT06K72JIM5LE8M0VK09F20A4\u00a0(use:\u00a0SECONDARY), Account number: R8ZNY8I1JI98M15K634C6LOU15375PA\u00a0(use:\u00a0SECONDARY), Account number: 6M4S730KM98FJ954A2Z981NQLVWTWZ\u00a0(use:\u00a0SECONDARY), Jurisdictional health number: 54X3KSPOCH235SDF42WQK6\u00a0(use:\u00a0OFFICIAL)</p><p><b>name</b>: Geraldine Celestine Iye Banek , Jervis Wilu Jules Coad (OFFICIAL), Theodore (NICKNAME)</p><p><b>telecom</b>: ph: 8195411094(MOBILE), ph: 9847273917(HOME), ph: 4328811019(WORK), <a href=\"mailto:Bly.Beaule@cgi.com\">Bly.Beaule@cgi.com</a>, <a href=\"mailto:Elisabeth.Mrotz@cgi.com\">Elisabeth.Mrotz@cgi.com</a>, <a href=\"mailto:Whitney.Holway@cgi.com\">Whitney.Holway@cgi.com</a></p><p><b>gender</b>: female</p><p><b>birthDate</b>: 1956-12-17</p><p><b>deceased</b>: 2008-10-26</p><p><b>address</b>: </p><ul><li>48610 Hilltop street Waukesha BC CA </li><li>8547 Green hill road Ansonville BC CA </li></ul></div>"
      },
      "identifier" : [{
        "use" : "official",
        "type" : {
          "coding" : [{
            "system" : "http://terminology.hl7.org/CodeSystem/v2-0203",
            "code" : "AN"
          }]
        },
        "system" : "http://hlth.gov.bc.ca/fhir/client/id-issuer/SrcCode",
        "value" : "2B6F8GN410H1T27NPE",
        "assigner" : {
          "display" : "VPP_CER"
        }
      },
      {
        "use" : "secondary",
        "type" : {
          "coding" : [{
            "system" : "http://terminology.hl7.org/CodeSystem/v2-0203",
            "code" : "AN"
          }]
        },
        "system" : "http://hlth.gov.bc.ca/fhir/client/id-issuer/SrcCode",
        "value" : "Y4DCP5VK29F31R80O8K2O08D5WAU2K950U40D8",
        "assigner" : {
          "display" : "VPP_VGH"
        }
      },
      {
        "use" : "secondary",
        "type" : {
          "coding" : [{
            "system" : "http://terminology.hl7.org/CodeSystem/v2-0203",
            "code" : "AN"
          }]
        },
        "system" : "http://hlth.gov.bc.ca/fhir/client/id-issuer/SrcCode",
        "value" : "0EZFV8L7L7E1W9UF9AB3Z",
        "assigner" : {
          "display" : "VPP_PHC"
        }
      },
      {
        "use" : "secondary",
        "type" : {
          "coding" : [{
            "system" : "http://terminology.hl7.org/CodeSystem/v2-0203",
            "code" : "AN"
          }]
        },
        "system" : "http://hlth.gov.bc.ca/fhir/client/id-issuer/SrcCode",
        "value" : "2281UM0D8528TIVRW5FF4ESNK53N9KO",
        "assigner" : {
          "display" : "VPP_FPH"
        }
      },
      {
        "use" : "secondary",
        "type" : {
          "coding" : [{
            "system" : "http://terminology.hl7.org/CodeSystem/v2-0203",
            "code" : "AN"
          }]
        },
        "system" : "http://hlth.gov.bc.ca/fhir/client/id-issuer/SrcCode",
        "value" : "JDU70IH8L8575631A39QQMA0DQ7N3DS4",
        "assigner" : {
          "display" : "VPP_CW"
        }
      },
      {
        "use" : "secondary",
        "type" : {
          "coding" : [{
            "system" : "http://terminology.hl7.org/CodeSystem/v2-0203",
            "code" : "AN"
          }]
        },
        "system" : "http://hlth.gov.bc.ca/fhir/client/id-issuer/SrcCode",
        "value" : "154G21E7EK1BT06K72JIM5LE8M0VK09F20A4",
        "assigner" : {
          "display" : "VPP_LION"
        }
      },
      {
        "use" : "secondary",
        "type" : {
          "coding" : [{
            "system" : "http://terminology.hl7.org/CodeSystem/v2-0203",
            "code" : "AN"
          }]
        },
        "system" : "http://hlth.gov.bc.ca/fhir/client/id-issuer/SrcCode",
        "value" : "R8ZNY8I1JI98M15K634C6LOU15375PA",
        "assigner" : {
          "display" : "VPP_PR"
        }
      },
      {
        "use" : "secondary",
        "type" : {
          "coding" : [{
            "system" : "http://terminology.hl7.org/CodeSystem/v2-0203",
            "code" : "AN"
          }]
        },
        "system" : "http://hlth.gov.bc.ca/fhir/client/id-issuer/SrcCode",
        "value" : "6M4S730KM98FJ954A2Z981NQLVWTWZ",
        "assigner" : {
          "display" : "VPP_BCCA"
        }
      },
      {
        "use" : "official",
        "type" : {
          "coding" : [{
            "system" : "http://terminology.hl7.org/CodeSystem/v2-0203",
            "code" : "JHN"
          }]
        },
        "system" : "http://hlth.gov.bc.ca/fhir/client/id-issuer/NB",
        "value" : "54X3KSPOCH235SDF42WQK6"
      }],
      "name" : [{
        "use" : "usual",
        "family" : "Banek",
        "given" : ["Geraldine",
        "Celestine",
        "Iye"]
      },
      {
        "use" : "official",
        "family" : "Coad",
        "given" : ["Jervis",
        "Wilu",
        "Jules"]
      },
      {
        "use" : "nickname",
        "given" : ["Theodore"]
      }],
      "telecom" : [{
        "system" : "phone",
        "value" : "8195411094",
        "use" : "mobile"
      },
      {
        "system" : "phone",
        "value" : "9847273917",
        "use" : "home"
      },
      {
        "system" : "phone",
        "value" : "4328811019",
        "use" : "work"
      },
      {
        "system" : "email",
        "value" : "Bly.Beaule@cgi.com",
        "use" : "mobile"
      },
      {
        "system" : "email",
        "value" : "Elisabeth.Mrotz@cgi.com",
        "use" : "home"
      },
      {
        "system" : "email",
        "value" : "Whitney.Holway@cgi.com",
        "use" : "work"
      }],
      "gender" : "female",
      "birthDate" : "1956-12-17",
      "deceasedDateTime" : "2008-10-26",
      "_deceasedDateTime" : {
        "extension" : [{
          "extension" : [{
            "url" : "deathVerifiedFlag",
            "valueBoolean" : true
          }],
          "url" : "http://hlth.gov.bc.ca/fhir/client/StructureDefinition/bc-death-verified-flag-extension"
        }]
      },
      "address" : [{
        "type" : "physical",
        "line" : ["48610 Hilltop street"],
        "city" : "Waukesha",
        "state" : "BC",
        "country" : "CA"
      },
      {
        "type" : "postal",
        "line" : ["8547 Green hill road"],
        "city" : "Ansonville",
        "state" : "BC",
        "country" : "CA"
      }]
    }
  }]
}