{
  "resourceType" : "Bundle",
  "id" : "Bundle-FindCandidates-Response-MomsPHN-Example",
  "meta" : {
    "profile" : ["http://hlth.gov.bc.ca/fhir/client/StructureDefinition/bc-search-response-bundle"]
  },
  "type" : "searchset",
  "timestamp" : "2011-09-13T16:11:43.000-07:00",
  "total" : 2,
  "link" : [{
    "relation" : "self",
    "url" : "urn:uuid:98028b44-882a-4c72-8c92-b87d916147e1"
  }],
  "entry" : [{
    "fullUrl" : "61061501-9953-4fba-87fe-6ae30e79da33",
    "resource" : {
      "resourceType" : "Parameters",
      "id" : "Parameters-FindCandidates-Response-Example",
      "meta" : {
        "profile" : ["http://hlth.gov.bc.ca/fhir/client/StructureDefinition/bc-metadata-parameters-out"]
      },
      "parameter" : [{
        "name" : "messageId",
        "valueString" : "c087e71e-3e7e-4c22-a3ce-61523f600615"
      },
      {
        "name" : "messageDateTime",
        "valueDateTime" : "2015-02-07T13:29:17-08:00"
      },
      {
        "name" : "sender",
        "valueIdentifier" : {
          "system" : "http://hlth.gov.bc.ca/fhir/client/bc-org",
          "value" : "123123345"
        }
      },
      {
        "name" : "requestMessageId",
        "valueString" : "98028b44-882a-4c72-8c92-b87d916147e1"
      },
      {
        "name" : "requestParameters",
        "resource" : {
          "resourceType" : "Parameters",
          "id" : "Parameters-FindCandidates-Example",
          "meta" : {
            "profile" : ["http://hlth.gov.bc.ca/fhir/client/StructureDefinition/bc-metadata-parameters-in"]
          },
          "parameter" : [{
            "name" : "messageId",
            "valueString" : "98028b44-882a-4c72-8c92-b87d916147e1"
          },
          {
            "name" : "messageDateTime",
            "valueDateTime" : "2015-02-07T13:28:17-08:00"
          },
          {
            "name" : "identifiersOnly",
            "valueBoolean" : false
          }]
        }
      }]
    },
    "search" : {
      "mode" : "include"
    }
  },
  {
    "fullUrl" : "urn:uuid:2d028b44-882a-4c72-8c92-b87d916147e1",
    "resource" : {
      "resourceType" : "OperationOutcome",
      "id" : "OperationOutcome-Search-Example",
      "text" : {
        "status" : "generated",
        "div" : "<div xmlns=\"http://www.w3.org/1999/xhtml\"><p><b>Generated Narrative: OperationOutcome</b><a name=\"OperationOutcome-Search-Example\"> </a></p><div style=\"display: inline-block; background-color: #d9e0e7; padding: 6px; margin: 4px; border: 1px solid #8da1b4; border-radius: 5px; line-height: 60%\"><p style=\"margin-bottom: 0px\">Resource OperationOutcome &quot;OperationOutcome-Search-Example&quot; </p></div><h3>Issues</h3><table class=\"grid\"><tr><td>-</td><td><b>Severity</b></td><td><b>Code</b></td><td><b>Details</b></td></tr><tr><td>*</td><td>warning</td><td>business-rule</td><td>Warning: The identifier you used in the query has been merged. The surviving identifier was returned. <span style=\"background: LightGoldenRodYellow; margin: 4px; border: 1px solid khaki\"> (bc-oo-codes#BCHCIM.GD.0.0015)</span></td></tr></table></div>"
      },
      "issue" : [{
        "severity" : "warning",
        "code" : "business-rule",
        "details" : {
          "coding" : [{
            "system" : "http://hlth.gov.bc.ca/fhir/client/bc-oo-codes",
            "code" : "BCHCIM.GD.0.0015"
          }],
          "text" : "Warning: The identifier you used in the query has been merged. The surviving identifier was returned."
        }
      }]
    },
    "search" : {
      "mode" : "outcome"
    }
  },
  {
    "fullUrl" : "urn:uuid:c789da11-0e78-4eb5-a9b2-d31d8249fd50",
    "resource" : {
      "resourceType" : "Patient",
      "id" : "Patient-BabyGirl-Example",
      "meta" : {
        "profile" : ["http://hlth.gov.bc.ca/fhir/client/StructureDefinition/bc-patient"]
      },
      "text" : {
        "status" : "extensions",
        "div" : "<div xmlns=\"http://www.w3.org/1999/xhtml\"><p><b>Generated Narrative: Patient</b><a name=\"Patient-BabyGirl-Example\"> </a></p><div style=\"display: inline-block; background-color: #d9e0e7; padding: 6px; margin: 4px; border: 1px solid #8da1b4; border-radius: 5px; line-height: 60%\"><p style=\"margin-bottom: 0px\">Resource Patient &quot;Patient-BabyGirl-Example&quot; </p><p style=\"margin-bottom: 0px\">Profile: <a href=\"StructureDefinition-bc-patient.html\">ClientRegistryPatient</a></p></div><p><b>BC Business Dates</b>: 2019-11-12 13:21:13-0800 --&gt; (ongoing)</p><p><b>identifier</b>: Jurisdictional health number: ?ngen-9? (use: OFFICIAL, period: 2000-01-01 11:11:11+0800 --&gt; (ongoing))</p><p><b>name</b>: Jane Doe </p><p><b>telecom</b>: ph: 2505554848(HOME)</p><p><b>gender</b>: female</p><p><b>birthDate</b>: 2019-12-12</p><p><b>address</b>: </p><ul><li>721 FRONT ST VICTORIA BC V9A3Y3 CA </li><li>721 FRONT AVE Victoria BC V9A3V3 CA </li></ul></div>"
      },
      "extension" : [{
        "url" : "http://hlth.gov.bc.ca/fhir/client/StructureDefinition/bc-business-period-extension",
        "valuePeriod" : {
          "start" : "2019-11-12T13:21:13-08:00"
        }
      }],
      "identifier" : [{
        "use" : "official",
        "type" : {
          "coding" : [{
            "system" : "http://terminology.hl7.org/CodeSystem/v2-0203",
            "code" : "JHN"
          }]
        },
        "system" : "http://hlth.gov.bc.ca/fhir/client/id-issuer/BC",
        "_value" : {
          "extension" : [{
            "url" : "http://hl7.org/fhir/StructureDefinition/data-absent-reason",
            "valueCode" : "unknown"
          }]
        },
        "period" : {
          "start" : "2000-01-01T11:11:11+08:00"
        }
      }],
      "name" : [{
        "use" : "usual",
        "family" : "Doe",
        "given" : ["Jane"],
        "period" : {
          "start" : "2018-04-05"
        }
      }],
      "telecom" : [{
        "system" : "phone",
        "value" : "2505554848",
        "use" : "home",
        "period" : {
          "start" : "2000-01-02T10:10:10-08:00"
        }
      }],
      "gender" : "female",
      "_gender" : {
        "extension" : [{
          "url" : "http://hlth.gov.bc.ca/fhir/client/StructureDefinition/bc-business-period-extension",
          "valuePeriod" : {
            "start" : "2017-04-05T16:16:16-08:00"
          }
        }]
      },
      "birthDate" : "2019-12-12",
      "_birthDate" : {
        "extension" : [{
          "url" : "http://hlth.gov.bc.ca/fhir/client/StructureDefinition/bc-business-period-extension",
          "valuePeriod" : {
            "start" : "2019-11-12T03:29:17-08:00"
          }
        }]
      },
      "address" : [{
        "extension" : [{
          "url" : "http://hlth.gov.bc.ca/fhir/client/StructureDefinition/bc-validation-status-extension",
          "valueCode" : "valid"
        }],
        "type" : "physical",
        "line" : ["721 FRONT ST"],
        "city" : "VICTORIA",
        "state" : "BC",
        "postalCode" : "V9A3Y3",
        "country" : "CA"
      },
      {
        "extension" : [{
          "url" : "http://hlth.gov.bc.ca/fhir/client/StructureDefinition/bc-validation-status-extension",
          "valueCode" : "invalid"
        }],
        "type" : "postal",
        "line" : ["721 FRONT AVE"],
        "city" : "Victoria",
        "state" : "BC",
        "postalCode" : "V9A3V3",
        "country" : "CA"
      }]
    },
    "search" : {
      "mode" : "match",
      "score" : 100
    }
  },
  {
    "fullUrl" : "urn:uuid:90bf49dc-4590-4302-8e28-f02bb4deb353",
    "resource" : {
      "resourceType" : "Patient",
      "id" : "Patient-BabyBoy-Example",
      "meta" : {
        "profile" : ["http://hlth.gov.bc.ca/fhir/client/StructureDefinition/bc-patient"]
      },
      "text" : {
        "status" : "extensions",
        "div" : "<div xmlns=\"http://www.w3.org/1999/xhtml\"><p><b>Generated Narrative: Patient</b><a name=\"Patient-BabyBoy-Example\"> </a></p><div style=\"display: inline-block; background-color: #d9e0e7; padding: 6px; margin: 4px; border: 1px solid #8da1b4; border-radius: 5px; line-height: 60%\"><p style=\"margin-bottom: 0px\">Resource Patient &quot;Patient-BabyBoy-Example&quot; </p><p style=\"margin-bottom: 0px\">Profile: <a href=\"StructureDefinition-bc-patient.html\">ClientRegistryPatient</a></p></div><p><b>BC Business Dates</b>: 2019-11-12 13:29:17-0800 --&gt; (ongoing)</p><p><b>identifier</b>: Jurisdictional health number: ?ngen-9? (use: OFFICIAL, period: 2000-01-01 11:11:11+0800 --&gt; (ongoing))</p><p><b>name</b>: John Johnny Doe </p><p><b>telecom</b>: ph: 2505554848(HOME)</p><p><b>gender</b>: male</p><p><b>birthDate</b>: 2019-12-12</p><p><b>address</b>: </p><ul><li>721 FRONT ST VICTORIA BC V9A3Y3 CA </li><li>721 FRONT AVE Victoria BC V9A3V3 CA </li></ul></div>"
      },
      "extension" : [{
        "url" : "http://hlth.gov.bc.ca/fhir/client/StructureDefinition/bc-business-period-extension",
        "valuePeriod" : {
          "start" : "2019-11-12T13:29:17-08:00"
        }
      }],
      "identifier" : [{
        "use" : "official",
        "type" : {
          "coding" : [{
            "system" : "http://terminology.hl7.org/CodeSystem/v2-0203",
            "code" : "JHN"
          }]
        },
        "system" : "http://hlth.gov.bc.ca/fhir/client/id-issuer/BC",
        "_value" : {
          "extension" : [{
            "url" : "http://hl7.org/fhir/StructureDefinition/data-absent-reason",
            "valueCode" : "unknown"
          }]
        },
        "period" : {
          "start" : "2000-01-01T11:11:11+08:00"
        }
      }],
      "name" : [{
        "use" : "usual",
        "family" : "Doe",
        "given" : ["John",
        "Johnny"],
        "period" : {
          "start" : "2017-04-05"
        }
      }],
      "telecom" : [{
        "system" : "phone",
        "value" : "2505554848",
        "use" : "home",
        "period" : {
          "start" : "2000-01-02T10:10:10-08:00"
        }
      }],
      "gender" : "male",
      "_gender" : {
        "extension" : [{
          "url" : "http://hlth.gov.bc.ca/fhir/client/StructureDefinition/bc-business-period-extension",
          "valuePeriod" : {
            "start" : "2017-04-05T16:16:16-08:00"
          }
        }]
      },
      "birthDate" : "2019-12-12",
      "_birthDate" : {
        "extension" : [{
          "url" : "http://hlth.gov.bc.ca/fhir/client/StructureDefinition/bc-business-period-extension",
          "valuePeriod" : {
            "start" : "2019-11-12T03:29:17-08:00"
          }
        }]
      },
      "address" : [{
        "extension" : [{
          "url" : "http://hlth.gov.bc.ca/fhir/client/StructureDefinition/bc-validation-status-extension",
          "valueCode" : "valid"
        }],
        "type" : "physical",
        "line" : ["721 FRONT ST"],
        "city" : "VICTORIA",
        "state" : "BC",
        "postalCode" : "V9A3Y3",
        "country" : "CA"
      },
      {
        "extension" : [{
          "url" : "http://hlth.gov.bc.ca/fhir/client/StructureDefinition/bc-validation-status-extension",
          "valueCode" : "invalid"
        }],
        "type" : "postal",
        "line" : ["721 FRONT AVE"],
        "city" : "Victoria",
        "state" : "BC",
        "postalCode" : "V9A3V3",
        "country" : "CA"
      }]
    },
    "search" : {
      "mode" : "match",
      "score" : 100
    }
  },
  {
    "fullUrl" : "urn:uuid:425b6c71-b198-4e75-b32c-1b3086935c6a",
    "resource" : {
      "resourceType" : "RelatedPerson",
      "id" : "RelatedPerson-MotherOfBabyBoy-Example",
      "text" : {
        "status" : "generated",
        "div" : "<div xmlns=\"http://www.w3.org/1999/xhtml\"><p><b>Generated Narrative: RelatedPerson</b><a name=\"RelatedPerson-MotherOfBabyBoy-Example\"> </a></p><div style=\"display: inline-block; background-color: #d9e0e7; padding: 6px; margin: 4px; border: 1px solid #8da1b4; border-radius: 5px; line-height: 60%\"><p style=\"margin-bottom: 0px\">Resource RelatedPerson &quot;RelatedPerson-MotherOfBabyBoy-Example&quot; </p></div><p><b>patient</b>: <a href=\"#Patient_Patient-BabyBoy-Example\">See above (urn:uuid:90bf49dc-4590-4302-8e28-f02bb4deb353)</a></p><p><b>relationship</b>: natural mother <span style=\"background: LightGoldenRodYellow; margin: 4px; border: 1px solid khaki\"> (<a href=\"http://terminology.hl7.org/5.0.0/CodeSystem-v3-RoleCode.html\">RoleCode</a>#NMTH)</span></p></div>"
      },
      "patient" : {
        "reference" : "urn:uuid:90bf49dc-4590-4302-8e28-f02bb4deb353"
      },
      "relationship" : [{
        "coding" : [{
          "system" : "http://terminology.hl7.org/CodeSystem/v3-RoleCode",
          "code" : "NMTH"
        }]
      }]
    },
    "search" : {
      "mode" : "include"
    }
  },
  {
    "fullUrl" : "urn:uuid:4a288971-8af6-4d77-a071-4ba3a10042e5",
    "resource" : {
      "resourceType" : "RelatedPerson",
      "id" : "RelatedPerson-MotherOfBabyGirl-Example",
      "text" : {
        "status" : "generated",
        "div" : "<div xmlns=\"http://www.w3.org/1999/xhtml\"><p><b>Generated Narrative: RelatedPerson</b><a name=\"RelatedPerson-MotherOfBabyGirl-Example\"> </a></p><div style=\"display: inline-block; background-color: #d9e0e7; padding: 6px; margin: 4px; border: 1px solid #8da1b4; border-radius: 5px; line-height: 60%\"><p style=\"margin-bottom: 0px\">Resource RelatedPerson &quot;RelatedPerson-MotherOfBabyGirl-Example&quot; </p></div><p><b>patient</b>: <a href=\"#Patient_Patient-BabyGirl-Example\">See above (urn:uuid:c789da11-0e78-4eb5-a9b2-d31d8249fd50)</a></p><p><b>relationship</b>: natural mother <span style=\"background: LightGoldenRodYellow; margin: 4px; border: 1px solid khaki\"> (<a href=\"http://terminology.hl7.org/5.0.0/CodeSystem-v3-RoleCode.html\">RoleCode</a>#NMTH)</span></p></div>"
      },
      "patient" : {
        "reference" : "urn:uuid:c789da11-0e78-4eb5-a9b2-d31d8249fd50"
      },
      "relationship" : [{
        "coding" : [{
          "system" : "http://terminology.hl7.org/CodeSystem/v3-RoleCode",
          "code" : "NMTH"
        }]
      }]
    },
    "search" : {
      "mode" : "include"
    }
  },
  {
    "fullUrl" : "urn:uuid:e0930c14-4264-4bc8-b494-d977396db402",
    "resource" : {
      "resourceType" : "Patient",
      "id" : "Patient-Mother-Example",
      "meta" : {
        "profile" : ["http://hlth.gov.bc.ca/fhir/client/StructureDefinition/bc-patient"]
      },
      "text" : {
        "status" : "extensions",
        "div" : "<div xmlns=\"http://www.w3.org/1999/xhtml\"><p><b>Generated Narrative: Patient</b><a name=\"Patient-Mother-Example\"> </a></p><div style=\"display: inline-block; background-color: #d9e0e7; padding: 6px; margin: 4px; border: 1px solid #8da1b4; border-radius: 5px; line-height: 60%\"><p style=\"margin-bottom: 0px\">Resource Patient &quot;Patient-Mother-Example&quot; </p><p style=\"margin-bottom: 0px\">Profile: <a href=\"StructureDefinition-bc-patient.html\">ClientRegistryPatient</a></p></div><p><b>BC Business Dates</b>: 2019-02-07 13:29:17-0800 --&gt; (ongoing)</p><p><b>identifier</b>: Jurisdictional health number: ?ngen-9? (use: OFFICIAL, period: 2000-01-01 11:11:11+0800 --&gt; (ongoing))</p><p><b>name</b>: April Doe (OFFICIAL)</p><p><b>telecom</b>: ph: 2505554848(HOME)</p><p><b>gender</b>: female</p><p><b>birthDate</b>: 1985-12-14</p><p><b>address</b>: </p><ul><li>721 FRONT ST VICTORIA BC V9A3Y3 CA </li><li>721 FRONT AVE Victoria BC V9A3V3 CA </li></ul><blockquote><p><b>link</b></p><p><b>other</b>: <a href=\"#RelatedPerson_RelatedPerson-MotherOfBabyBoy-Example\">See above (urn:uuid:425b6c71-b198-4e75-b32c-1b3086935c6a)</a></p><p><b>type</b>: seealso</p></blockquote><blockquote><p><b>link</b></p><p><b>other</b>: <a href=\"#RelatedPerson_RelatedPerson-MotherOfBabyGirl-Example\">See above (urn:uuid:4a288971-8af6-4d77-a071-4ba3a10042e5)</a></p><p><b>type</b>: seealso</p></blockquote></div>"
      },
      "extension" : [{
        "url" : "http://hlth.gov.bc.ca/fhir/client/StructureDefinition/bc-business-period-extension",
        "valuePeriod" : {
          "start" : "2019-02-07T13:29:17-08:00"
        }
      }],
      "identifier" : [{
        "use" : "official",
        "type" : {
          "coding" : [{
            "system" : "http://terminology.hl7.org/CodeSystem/v2-0203",
            "code" : "JHN"
          }]
        },
        "system" : "http://hlth.gov.bc.ca/fhir/client/id-issuer/BC",
        "_value" : {
          "extension" : [{
            "url" : "http://hl7.org/fhir/StructureDefinition/data-absent-reason",
            "valueCode" : "unknown"
          }]
        },
        "period" : {
          "start" : "2000-01-01T11:11:11+08:00"
        }
      }],
      "name" : [{
        "use" : "official",
        "family" : "Doe",
        "given" : ["April"],
        "period" : {
          "start" : "2017-04-05"
        }
      }],
      "telecom" : [{
        "system" : "phone",
        "value" : "2505554848",
        "use" : "home",
        "period" : {
          "start" : "2000-01-02T10:10:10-08:00"
        }
      }],
      "gender" : "female",
      "_gender" : {
        "extension" : [{
          "url" : "http://hlth.gov.bc.ca/fhir/client/StructureDefinition/bc-business-period-extension",
          "valuePeriod" : {
            "start" : "2017-04-05T16:16:16-08:00"
          }
        }]
      },
      "birthDate" : "1985-12-14",
      "_birthDate" : {
        "extension" : [{
          "url" : "http://hlth.gov.bc.ca/fhir/client/StructureDefinition/bc-business-period-extension",
          "valuePeriod" : {
            "start" : "2019-10-17T03:29:17-08:00"
          }
        }]
      },
      "address" : [{
        "extension" : [{
          "url" : "http://hlth.gov.bc.ca/fhir/client/StructureDefinition/bc-validation-status-extension",
          "valueCode" : "valid"
        }],
        "type" : "physical",
        "line" : ["721 FRONT ST"],
        "city" : "VICTORIA",
        "state" : "BC",
        "postalCode" : "V9A3Y3",
        "country" : "CA"
      },
      {
        "extension" : [{
          "url" : "http://hlth.gov.bc.ca/fhir/client/StructureDefinition/bc-validation-status-extension",
          "valueCode" : "invalid"
        }],
        "type" : "postal",
        "line" : ["721 FRONT AVE"],
        "city" : "Victoria",
        "state" : "BC",
        "postalCode" : "V9A3V3",
        "country" : "CA"
      }],
      "link" : [{
        "other" : {
          "reference" : "urn:uuid:425b6c71-b198-4e75-b32c-1b3086935c6a"
        },
        "type" : "seealso"
      },
      {
        "other" : {
          "reference" : "urn:uuid:4a288971-8af6-4d77-a071-4ba3a10042e5"
        },
        "type" : "seealso"
      }]
    },
    "search" : {
      "mode" : "include"
    }
  }]
}