{
  "resourceType" : "Bundle",
  "id" : "Bundle-MergePatient-Response-Example",
  "meta" : {
    "profile" : ["http://hlth.gov.bc.ca/fhir/client/StructureDefinition/bc-merge-response-bundle"]
  },
  "type" : "collection",
  "timestamp" : "2011-09-13T16:11:43.000-07:00",
  "link" : [{
    "relation" : "self",
    "url" : "urn:uuid:98028b44-882a-4c72-8c92-b87d916147e1"
  }],
  "entry" : [{
    "fullUrl" : "urn:uuid:98028b44-882a-4c72-8c92-b87d916147e1",
    "resource" : {
      "resourceType" : "Parameters",
      "id" : "Parameters-MergePatient-Response-Example",
      "meta" : {
        "profile" : ["http://hlth.gov.bc.ca/fhir/client/StructureDefinition/bc-metadata-parameters-out"]
      },
      "parameter" : [{
        "name" : "messageId",
        "valueString" : "c087e71e-3e7e-4c22-a3ce-61523f600615"
      },
      {
        "name" : "messageDateTime",
        "valueDateTime" : "2015-02-07T13:29:17-08:00"
      },
      {
        "name" : "sender",
        "valueIdentifier" : {
          "system" : "http://hlth.gov.bc.ca/fhir/client/bc-org",
          "value" : "MOH_CRS"
        }
      },
      {
        "name" : "requestMessageId",
        "valueString" : "98028b44-882a-4c72-8c92-b87d916147e1"
      }]
    }
  },
  {
    "fullUrl" : "urn:uuid:2d028b44-882a-4c72-8c92-b87d916147e1",
    "resource" : {
      "resourceType" : "OperationOutcome",
      "id" : "OperationOutcome-Example",
      "text" : {
        "status" : "generated",
        "div" : "<div xmlns=\"http://www.w3.org/1999/xhtml\"><a name=\"OperationOutcome_OperationOutcome-Example\"> </a><p><b>Generated Narrative: OperationOutcome</b><a name=\"OperationOutcome-Example\"> </a><a name=\"hcOperationOutcome-Example\"> </a></p><div style=\"display: inline-block; background-color: #d9e0e7; padding: 6px; margin: 4px; border: 1px solid #8da1b4; border-radius: 5px; line-height: 60%\"><p style=\"margin-bottom: 0px\">Resource OperationOutcome &quot;OperationOutcome-Example&quot; </p></div><blockquote><p><b>issue</b></p><p><b>severity</b>: warning</p><p><b>code</b>: business-rule</p><p><b>details</b>: Warning: The Revise Patient name has been modified to filter out invalid characters. <span style=\"background: LightGoldenRodYellow; margin: 4px; border: 1px solid khaki\"> (bc-oo-codes#HCIM.RP.1.0017)</span></p></blockquote><blockquote><p><b>issue</b></p><p><b>severity</b>: error</p><p><b>code</b>: business-rule</p><p><b>details</b>: The HL7 message is invalid. Please correct the HL7 message, and resubmit it. (System.Exception: Results from Schematron validation: ... <span style=\"background: LightGoldenRodYellow; margin: 4px; border: 1px solid khaki\"> (bc-oo-codes#HCIM.RP.1.0017)</span></p></blockquote></div>"
      },
      "issue" : [{
        "severity" : "warning",
        "code" : "business-rule",
        "details" : {
          "coding" : [{
            "system" : "http://hlth.gov.bc.ca/fhir/client/bc-oo-codes",
            "code" : "HCIM.RP.1.0017"
          }],
          "text" : "Warning: The Revise Patient name has been modified to filter out invalid characters."
        }
      },
      {
        "severity" : "error",
        "code" : "business-rule",
        "details" : {
          "coding" : [{
            "system" : "http://hlth.gov.bc.ca/fhir/client/bc-oo-codes",
            "code" : "HCIM.RP.1.0017"
          }],
          "text" : "The HL7 message is invalid. Please correct the HL7 message, and resubmit it. (System.Exception: Results from Schematron validation: ..."
        }
      }]
    }
  }]
}