{
  "resourceType": "CapabilityStatement",
  "id": "bc-hcim-capability-statement-client",
  "text": {
    "status": "generated",
    "div": "<div xmlns=\"http://www.w3.org/1999/xhtml\"><p>This capability statement describes the use cases that are supported by the BC FHIR implementation of the Client Registry when acting as a client. I.e. when sending Patient change notifications.</p><p>A Patient change notification is a RevisePatient FHIR Operation where the Client Registry sends a Patient/$RevisePatient request to a client. After an onboarding process by the Client Registry operational support team and developing an endpoint, clients are prepared to receive these requests.</p><p>The following table describes the request and the three parameters; all are mandatory. The Client Registry SHALL use the following IN parameters when sending a change notification.</p><table class=\"grid\"><tr><td><b>Use</b></td><td><b>Name</b></td><td><b>Cardinality</b></td><td><b>Type</b></td><td><b>Binding</b></td><td><b>Documentation</b></td></tr><tr><td>IN</td><td>messageId</td><td>1..1</td><td><a href=\"http://hl7.org/fhir/R4/datatypes.html#string\">string</a></td><td/><td><div><p>Unique message ID.</p></div></td></tr><tr><td>IN</td><td>messageDate</td><td>1..1</td><td><a href=\"http://hl7.org/fhir/R4/datatypes.html#string\">string</a></td><td/><td><div><p>Message date and time.</p></div></td></tr><tr><td>IN</td><td>patient</td><td>1..1</td><td><a href=\"http://hl7.org/fhir/R4/patient.html\">Patient</a></td><td/><td><div><p>The Patient.</p></div></td></tr></table><p>The Client Registry expects a 200 HTTP status code in return when the request is received.</p></div>"
  },
  "url": "http://hlth.gov.bc.ca/fhir/client/CapabilityStatement/bc-hcim-capability-statement-client",
  "version": "0.1.0",
  "name": "BCHCIMCapabilityStatement",
  "title": "BC HCIM Capability Statement",
  "status": "draft",
  "date": "2021-11-18",
  "publisher": "BC Ministry of Health",
  "contact": [
    {
      "name": "BC Ministry of Health",
      "telecom": [
        {
          "system": "url",
          "value": "https://www2.gov.bc.ca/gov/content/governments/organizational-structure/ministries-organizations/ministries/health"
        }
      ]
    }
  ],
  "description": "This capability statement describes the use cases that are supported by the BC FHIR implementation of the Client Registry when it is acting as a client. I.e. sending notifications.",
  "jurisdiction": [
    {
      "coding": [
        {
          "system": "urn:iso:std:iso:3166",
          "code": "CA",
          "display": "Canada"
        }
      ]
    }
  ],
  "kind": "capability",
  "software": {
    "name": "BC HCIM FHIR Implementation"
  },
  "fhirVersion": "4.0.1",
  "format": [
    "json"
  ],
  "rest": [
    {
      "mode": "client",
      "resource": [
        {
          "type": "Parameters",
          "operation": [
            {
              "name": "Distribution",
              "definition": "http://hl7.org/fhir/ca-bc/client/OperationDefinition/bc-patient-revise"
            }
          ]
        }
      ]
    }
  ]
}