{
  "resourceType" : "CodeSystem",
  "id" : "bc-operation-outcome-details-code-system",
  "text" : {
    "status" : "generated",
    "div" : "<div xmlns=\"http://www.w3.org/1999/xhtml\"><p>This case-sensitive code system <code>https://terminology.hlth.gov.bc.ca/ClientRegistry/CodeSystem/bc-operation-outcome-details-code-system</code> defines the following codes:</p><table class=\"codes\"><tr><td style=\"white-space:nowrap\"><b>Code</b></td></tr></table></div>"
  },
  "url" : "https://terminology.hlth.gov.bc.ca/ClientRegistry/CodeSystem/bc-operation-outcome-details-code-system",
  "version" : "1.0.0",
  "name" : "OperationOutcomeDetailsCS",
  "title" : "BC Client Registry Operation Outcome details code system",
  "status" : "active",
  "experimental" : false,
  "date" : "2024-06-07T23:38:55+00:00",
  "publisher" : "BC Ministry of Health",
  "contact" : [{
    "name" : "BC Ministry of Health",
    "telecom" : [{
      "system" : "url",
      "value" : "https://www2.gov.bc.ca/gov/content/governments/organizational-structure/ministries-organizations/ministries/health"
    }]
  }],
  "description" : "BC Client Registry Operation Outcome details code system",
  "jurisdiction" : [{
    "coding" : [{
      "system" : "urn:iso:std:iso:3166",
      "code" : "CA",
      "display" : "Canada"
    }]
  }],
  "caseSensitive" : true,
  "content" : "complete"
}