{
  "resourceType": "CodeSystem",
  "id": "bc-identifier-status-code-system",
  "text": {
    "status": "generated",
    "div": "<div xmlns=\"http://www.w3.org/1999/xhtml\"><p>This code system http://hlth.gov.bc.ca/fhir/client/CodeSystem/bc-identifier-status-code-system defines the following codes:</p><table class=\"codes\"><tr><td style=\"white-space:nowrap\"><b>Code</b></td><td><b>Display</b></td><td><b>Definition</b></td></tr><tr><td style=\"white-space:nowrap\">merged<a name=\"bc-identifier-status-code-system-merged\"> </a></td><td>merged</td><td>The identifier has been merged.</td></tr><tr><td style=\"white-space:nowrap\">active<a name=\"bc-identifier-status-code-system-active\"> </a></td><td>active</td><td>The identifier is active.</td></tr></table></div>"
  },
  "url": "http://hlth.gov.bc.ca/fhir/client/CodeSystem/bc-identifier-status-code-system",
  "version": "0.1.0",
  "name": "IdentifierStatusCS",
  "title": "BC Client registry identifier status code system",
  "status": "active",
  "date": "2022-07-26T20:48:14+00:00",
  "publisher": "BC Ministry of Health",
  "contact": [
    {
      "name": "BC Ministry of Health",
      "telecom": [
        {
          "system": "url",
          "value": "https://www2.gov.bc.ca/gov/content/governments/organizational-structure/ministries-organizations/ministries/health"
        }
      ]
    }
  ],
  "description": "BC Client registry identifier status code system.",
  "jurisdiction": [
    {
      "coding": [
        {
          "system": "urn:iso:std:iso:3166",
          "code": "CA",
          "display": "Canada"
        }
      ]
    }
  ],
  "caseSensitive": true,
  "content": "complete",
  "count": 2,
  "concept": [
    {
      "code": "merged",
      "display": "merged",
      "definition": "The identifier has been merged."
    },
    {
      "code": "active",
      "display": "active",
      "definition": "The identifier is active."
    }
  ]
}