{
  "resourceType": "Coverage",
  "id": "Coverage-InActive-Example",
  "text": {
    "status": "generated",
    "div": "<div xmlns=\"http://www.w3.org/1999/xhtml\"><p><b>Generated Narrative: Coverage</b></p><div style=\"display: inline-block; background-color: #d9e0e7; padding: 6px; margin: 4px; border: 1px solid #8da1b4; border-radius: 5px; line-height: 60%\"><p style=\"margin-bottom: 0px\">Resource Coverage \"Coverage-InActive-Example\" </p></div><p><b>status</b>: cancelled</p><p><b>type</b>: mandatory health program <span style=\"background: LightGoldenRodYellow; margin: 4px; border: 1px solid khaki\"> (<a href=\"http://terminology.hl7.org/3.1.0/CodeSystem-v3-ActCode.html\">ActCode</a>#MANDPOL)</span></p><p><b>beneficiary</b>: <a href=\"Bundle-Bundle-GetDemographics-Response-Example.html#urn-uuid-4e795f80-6032-42e3-bbfd-24e27f0c3e7c\">urn:uuid:4e795f80-6032-42e3-bbfd-24e27f0c3e7c</a></p><p><b>period</b>: 2021-01-17 --&gt; (ongoing)</p><p><b>payor</b>: <span>: Health Insurance BC</span></p></div>"
  },
  "status": "cancelled",
  "type": {
    "coding": [
      {
        "system": "http://terminology.hl7.org/CodeSystem/v3-ActCode",
        "code": "MANDPOL"
      }
    ]
  },
  "beneficiary": {
    "reference": "urn:uuid:4e795f80-6032-42e3-bbfd-24e27f0c3e7c"
  },
  "period": {
    "start": "2021-01-17"
  },
  "payor": [
    {
      "display": "Health Insurance BC"
    }
  ]
}