{
  "resourceType": "ImplementationGuide",
  "id": "moh-hcim",
  "text": {
    "status": "extensions",
    "div": "<div xmlns=\"http://www.w3.org/1999/xhtml\"><h2>BCHCIM</h2><p>The official URL for this implementation guide is: </p><pre>http://moh.fhir/bc-clientregistry/ImplementationGuide/moh-hcim</pre></div>"
  },
  "url": "http://moh.fhir/bc-clientregistry/ImplementationGuide/moh-hcim",
  "version": "0.1.0",
  "name": "BCHCIM",
  "title": "BC Client Registry FHIR Implemenation Guide",
  "status": "draft",
  "date": "2021-11-10T00:01:37+00:00",
  "packageId": "moh-hcim",
  "license": "CC0-1.0",
  "fhirVersion": [
    "4.0.1"
  ],
  "definition": {
    "extension": [
      {
        "extension": [
          {
            "url": "code",
            "valueString": "copyrightyear"
          },
          {
            "url": "value",
            "valueString": "2021+"
          }
        ],
        "url": "http://hl7.org/fhir/tools/StructureDefinition/ig-parameter"
      },
      {
        "extension": [
          {
            "url": "code",
            "valueString": "releaselabel"
          },
          {
            "url": "value",
            "valueString": "ci-build"
          }
        ],
        "url": "http://hl7.org/fhir/tools/StructureDefinition/ig-parameter"
      },
      {
        "extension": [
          {
            "url": "code",
            "valueString": "path-liquid"
          },
          {
            "url": "value",
            "valueString": "template/liquid"
          }
        ],
        "url": "http://hl7.org/fhir/tools/StructureDefinition/ig-parameter"
      },
      {
        "extension": [
          {
            "url": "code",
            "valueString": "path-liquid"
          },
          {
            "url": "value",
            "valueString": "input/liquid"
          }
        ],
        "url": "http://hl7.org/fhir/tools/StructureDefinition/ig-parameter"
      },
      {
        "extension": [
          {
            "url": "code",
            "valueString": "path-qa"
          },
          {
            "url": "value",
            "valueString": "temp/qa"
          }
        ],
        "url": "http://hl7.org/fhir/tools/StructureDefinition/ig-parameter"
      },
      {
        "extension": [
          {
            "url": "code",
            "valueString": "path-temp"
          },
          {
            "url": "value",
            "valueString": "temp/pages"
          }
        ],
        "url": "http://hl7.org/fhir/tools/StructureDefinition/ig-parameter"
      },
      {
        "extension": [
          {
            "url": "code",
            "valueString": "path-output"
          },
          {
            "url": "value",
            "valueString": "output"
          }
        ],
        "url": "http://hl7.org/fhir/tools/StructureDefinition/ig-parameter"
      },
      {
        "extension": [
          {
            "url": "code",
            "valueString": "path-suppressed-warnings"
          },
          {
            "url": "value",
            "valueString": "input/ignoreWarnings.txt"
          }
        ],
        "url": "http://hl7.org/fhir/tools/StructureDefinition/ig-parameter"
      },
      {
        "extension": [
          {
            "url": "code",
            "valueString": "path-history"
          },
          {
            "url": "value",
            "valueString": "http://moh.fhir/bc-clientregistry/history.html"
          }
        ],
        "url": "http://hl7.org/fhir/tools/StructureDefinition/ig-parameter"
      },
      {
        "extension": [
          {
            "url": "code",
            "valueString": "template-html"
          },
          {
            "url": "value",
            "valueString": "template-page.html"
          }
        ],
        "url": "http://hl7.org/fhir/tools/StructureDefinition/ig-parameter"
      },
      {
        "extension": [
          {
            "url": "code",
            "valueString": "template-md"
          },
          {
            "url": "value",
            "valueString": "template-page-md.html"
          }
        ],
        "url": "http://hl7.org/fhir/tools/StructureDefinition/ig-parameter"
      },
      {
        "extension": [
          {
            "url": "code",
            "valueString": "apply-contact"
          },
          {
            "url": "value",
            "valueString": "true"
          }
        ],
        "url": "http://hl7.org/fhir/tools/StructureDefinition/ig-parameter"
      },
      {
        "extension": [
          {
            "url": "code",
            "valueString": "apply-context"
          },
          {
            "url": "value",
            "valueString": "true"
          }
        ],
        "url": "http://hl7.org/fhir/tools/StructureDefinition/ig-parameter"
      },
      {
        "extension": [
          {
            "url": "code",
            "valueString": "apply-copyright"
          },
          {
            "url": "value",
            "valueString": "true"
          }
        ],
        "url": "http://hl7.org/fhir/tools/StructureDefinition/ig-parameter"
      },
      {
        "extension": [
          {
            "url": "code",
            "valueString": "apply-jurisdiction"
          },
          {
            "url": "value",
            "valueString": "true"
          }
        ],
        "url": "http://hl7.org/fhir/tools/StructureDefinition/ig-parameter"
      },
      {
        "extension": [
          {
            "url": "code",
            "valueString": "apply-license"
          },
          {
            "url": "value",
            "valueString": "true"
          }
        ],
        "url": "http://hl7.org/fhir/tools/StructureDefinition/ig-parameter"
      },
      {
        "extension": [
          {
            "url": "code",
            "valueString": "apply-publisher"
          },
          {
            "url": "value",
            "valueString": "true"
          }
        ],
        "url": "http://hl7.org/fhir/tools/StructureDefinition/ig-parameter"
      },
      {
        "extension": [
          {
            "url": "code",
            "valueString": "apply-version"
          },
          {
            "url": "value",
            "valueString": "true"
          }
        ],
        "url": "http://hl7.org/fhir/tools/StructureDefinition/ig-parameter"
      },
      {
        "extension": [
          {
            "url": "code",
            "valueString": "active-tables"
          },
          {
            "url": "value",
            "valueString": "true"
          }
        ],
        "url": "http://hl7.org/fhir/tools/StructureDefinition/ig-parameter"
      }
    ],
    "grouping": [
      {
        "id": "Patient",
        "name": "Patient",
        "description": "Artifcats associated with Patients"
      },
      {
        "id": "Operations",
        "name": "Operations",
        "description": "The defined Operations"
      },
      {
        "id": "OperationParameters",
        "name": "OperationParameters",
        "description": "The parameter profiles associated with the Client Registry Operations"
      },
      {
        "id": "OperationRequestExamples",
        "name": "OperationRequestExamples",
        "description": "A set of operation request examples"
      },
      {
        "id": "OperationResponseExamples",
        "name": "OperationResponseExamples",
        "description": "A set of operation response examples"
      }
    ],
    "resource": [
      {
        "extension": [
          {
            "url": "http://hl7.org/fhir/tools/StructureDefinition/resource-information",
            "valueString": "StructureDefinition:complex-type"
          }
        ],
        "reference": {
          "reference": "StructureDefinition/bc-client-registry-address"
        },
        "name": "BCClientRegistryAddress",
        "description": "The BC Client Registry address profile.",
        "exampleBoolean": false
      },
      {
        "extension": [
          {
            "url": "http://hl7.org/fhir/tools/StructureDefinition/resource-information",
            "valueString": "StructureDefinition:resource"
          }
        ],
        "reference": {
          "reference": "StructureDefinition/bc-metadata-parameters"
        },
        "name": "BCMetadataParameters",
        "description": "Parameters profile for BC meta data",
        "exampleBoolean": false,
        "groupingId": "OperationParameters"
      },
      {
        "extension": [
          {
            "url": "http://hl7.org/fhir/tools/StructureDefinition/resource-information",
            "valueString": "StructureDefinition:resource"
          }
        ],
        "reference": {
          "reference": "StructureDefinition/bc-patient"
        },
        "name": "BCPatient",
        "description": "General constraints on the Patient resource for use in the BC Client Registry project.",
        "exampleBoolean": false,
        "groupingId": "Patient"
      },
      {
        "extension": [
          {
            "url": "http://hl7.org/fhir/tools/StructureDefinition/resource-information",
            "valueString": "StructureDefinition:resource"
          }
        ],
        "reference": {
          "reference": "StructureDefinition/bc-patient-business-parameters"
        },
        "name": "BCPatientBusinessParameters",
        "description": "Parameters extended from BCMetadataParameters for a Patient resource",
        "exampleBoolean": false,
        "groupingId": "OperationParameters"
      },
      {
        "extension": [
          {
            "url": "http://hl7.org/fhir/tools/StructureDefinition/resource-information",
            "valueString": "StructureDefinition:resource"
          }
        ],
        "reference": {
          "reference": "StructureDefinition/bc-revise-and-merge-response-bundle"
        },
        "name": "BCReviseAndMergeResponseBundle",
        "description": "A Bundle that is used in the Client Registry response to Revise and Merge Patient requests.",
        "exampleBoolean": false,
        "groupingId": "OperationResponseExamples"
      },
      {
        "extension": [
          {
            "url": "http://hl7.org/fhir/tools/StructureDefinition/resource-information",
            "valueString": "StructureDefinition:resource"
          }
        ],
        "reference": {
          "reference": "StructureDefinition/bc-search-response-bundle"
        },
        "name": "BCSearchResponseBundle",
        "description": "A Bundle that is used in the Client Registry response to Find Candidates and Get Demographics queries.",
        "exampleBoolean": false,
        "groupingId": "OperationResponseExamples"
      },
      {
        "extension": [
          {
            "url": "http://hl7.org/fhir/tools/StructureDefinition/resource-information",
            "valueString": "StructureDefinition:extension"
          }
        ],
        "reference": {
          "reference": "StructureDefinition/bc-address-validation-status-extension"
        },
        "name": "BC Address validation status code",
        "description": "A code that represents the validation status of the address",
        "exampleBoolean": false
      },
      {
        "extension": [
          {
            "url": "http://hl7.org/fhir/tools/StructureDefinition/resource-information",
            "valueString": "StructureDefinition:extension"
          }
        ],
        "reference": {
          "reference": "StructureDefinition/bc-birth-date-business-dates-extension"
        },
        "name": "BC Patient Birth Date business date",
        "description": "The effective dates for the Patient's Birth Date.",
        "exampleBoolean": false
      },
      {
        "extension": [
          {
            "url": "http://hl7.org/fhir/tools/StructureDefinition/resource-information",
            "valueString": "StructureDefinition:extension"
          }
        ],
        "reference": {
          "reference": "StructureDefinition/bc-death-date-business-dates-extension"
        },
        "name": "BC Patient Death Date business date",
        "description": "The effective dates for the Patient's Death Date.",
        "exampleBoolean": false
      },
      {
        "extension": [
          {
            "url": "http://hl7.org/fhir/tools/StructureDefinition/resource-information",
            "valueString": "StructureDefinition:extension"
          }
        ],
        "reference": {
          "reference": "StructureDefinition/bc-death-date-extension"
        },
        "name": "BC Patient death date",
        "description": "The Patients death date and time as recorded in the Client Registry.",
        "exampleBoolean": false
      },
      {
        "extension": [
          {
            "url": "http://hl7.org/fhir/tools/StructureDefinition/resource-information",
            "valueString": "StructureDefinition:extension"
          }
        ],
        "reference": {
          "reference": "StructureDefinition/bc-death-date-flag-business-dates-extension"
        },
        "name": "BC Patient Death Date flag business date",
        "description": "The effective dates for the Patient's Death Date flag.",
        "exampleBoolean": false
      },
      {
        "extension": [
          {
            "url": "http://hl7.org/fhir/tools/StructureDefinition/resource-information",
            "valueString": "StructureDefinition:extension"
          }
        ],
        "reference": {
          "reference": "StructureDefinition/bc-gender-business-dates-extension"
        },
        "name": "BC Patient Gender business date",
        "description": "The effective dates for the Patient's Gender.",
        "exampleBoolean": false
      },
      {
        "extension": [
          {
            "url": "http://hl7.org/fhir/tools/StructureDefinition/resource-information",
            "valueString": "StructureDefinition:extension"
          }
        ],
        "reference": {
          "reference": "StructureDefinition/bc-merge-status-extension"
        },
        "name": "BC Merge status code",
        "description": "A code that represents the Merge status of the Patient.",
        "exampleBoolean": false
      },
      {
        "extension": [
          {
            "url": "http://hl7.org/fhir/tools/StructureDefinition/resource-information",
            "valueString": "StructureDefinition:extension"
          }
        ],
        "reference": {
          "reference": "StructureDefinition/bc-patient-business-dates-extension"
        },
        "name": "BC Patient business dates",
        "description": "The effective dates for the Patient.",
        "exampleBoolean": false
      },
      {
        "extension": [
          {
            "url": "http://hl7.org/fhir/tools/StructureDefinition/resource-information",
            "valueString": "ValueSet"
          }
        ],
        "reference": {
          "reference": "ValueSet/bc-address-type-value-set"
        },
        "name": "BC Address Type value set.",
        "description": "BC Address Type value set, sliced to meet BC constraints.",
        "exampleBoolean": false
      },
      {
        "extension": [
          {
            "url": "http://hl7.org/fhir/tools/StructureDefinition/resource-information",
            "valueString": "ValueSet"
          }
        ],
        "reference": {
          "reference": "ValueSet/bc-address-use-value-set"
        },
        "name": "BC Address Use value set.",
        "description": "BC Address Use value set, sliced to meet BC constraints.",
        "exampleBoolean": false
      },
      {
        "extension": [
          {
            "url": "http://hl7.org/fhir/tools/StructureDefinition/resource-information",
            "valueString": "ValueSet"
          }
        ],
        "reference": {
          "reference": "ValueSet/bc-address-validation-value-set"
        },
        "name": "BC Address Validation value set",
        "description": "BC Address Validation value set used to desribe the validation status of an address",
        "exampleBoolean": false
      },
      {
        "extension": [
          {
            "url": "http://hl7.org/fhir/tools/StructureDefinition/resource-information",
            "valueString": "ValueSet"
          }
        ],
        "reference": {
          "reference": "ValueSet/bc-administrative-gender-value-set"
        },
        "name": "BC Administrative Gender Use value set.",
        "description": "BC Administrative Gender value set, sliced to meet BC constraints.",
        "exampleBoolean": false
      },
      {
        "extension": [
          {
            "url": "http://hl7.org/fhir/tools/StructureDefinition/resource-information",
            "valueString": "ValueSet"
          }
        ],
        "reference": {
          "reference": "ValueSet/bc-contact-point-system-value-set"
        },
        "name": "BC Contact Point System value set.",
        "description": "BC Contact Point System value set, sliced to meet BC constraints.",
        "exampleBoolean": false
      },
      {
        "extension": [
          {
            "url": "http://hl7.org/fhir/tools/StructureDefinition/resource-information",
            "valueString": "ValueSet"
          }
        ],
        "reference": {
          "reference": "ValueSet/bc-contact-point-use-value-set"
        },
        "name": "BC Contact Point Use value set.",
        "description": "BC Contact Point Use value set, sliced to meet BC constraints.",
        "exampleBoolean": false
      },
      {
        "extension": [
          {
            "url": "http://hl7.org/fhir/tools/StructureDefinition/resource-information",
            "valueString": "ValueSet"
          }
        ],
        "reference": {
          "reference": "ValueSet/bc-merge-status-value-set"
        },
        "name": "BC Merge Status value set",
        "description": "BC Merge Status value set used to desribe the merge status of a Patient.",
        "exampleBoolean": false
      },
      {
        "extension": [
          {
            "url": "http://hl7.org/fhir/tools/StructureDefinition/resource-information",
            "valueString": "ValueSet"
          }
        ],
        "reference": {
          "reference": "ValueSet/bc-name-use-value-set"
        },
        "name": "BC Name Use value set.",
        "description": "BC Name Use value set, sliced to meet BC constraints.",
        "exampleBoolean": false
      },
      {
        "extension": [
          {
            "url": "http://hl7.org/fhir/tools/StructureDefinition/resource-information",
            "valueString": "CodeSystem"
          }
        ],
        "reference": {
          "reference": "CodeSystem/bc-client-registry-address-validation-code-system"
        },
        "name": "BC Client Registry address validation status code",
        "description": "Codes used to define the address validation status.",
        "exampleBoolean": false
      },
      {
        "extension": [
          {
            "url": "http://hl7.org/fhir/tools/StructureDefinition/resource-information",
            "valueString": "CodeSystem"
          }
        ],
        "reference": {
          "reference": "CodeSystem/bc-client-registry-merge-status-code-system"
        },
        "name": "BC Client Registry merge status.",
        "description": "Codes used to describe the merge status.",
        "exampleBoolean": false
      },
      {
        "extension": [
          {
            "url": "http://hl7.org/fhir/tools/StructureDefinition/resource-information",
            "valueString": "Parameters"
          }
        ],
        "reference": {
          "reference": "Parameters/FindCandidates"
        },
        "name": "FindCandidates",
        "description": "Example of $FindCandidates operation",
        "exampleCanonical": "http://moh.fhir/bc-clientregistry/StructureDefinition/bc-metadata-parameters",
        "groupingId": "OperationRequestExamples"
      },
      {
        "extension": [
          {
            "url": "http://hl7.org/fhir/tools/StructureDefinition/resource-information",
            "valueString": "Parameters"
          }
        ],
        "reference": {
          "reference": "Parameters/FindCandidates-MomsPHN"
        },
        "name": "FindCandidates-MomsPHN",
        "description": "Example of $FindCandidates operation with mother's PHN",
        "exampleCanonical": "http://moh.fhir/bc-clientregistry/StructureDefinition/bc-metadata-parameters",
        "groupingId": "OperationRequestExamples"
      },
      {
        "extension": [
          {
            "url": "http://hl7.org/fhir/tools/StructureDefinition/resource-information",
            "valueString": "Parameters"
          }
        ],
        "reference": {
          "reference": "Parameters/FindCandidates-ResponseMetadata"
        },
        "name": "FindCandidates-ResponseMetadata",
        "description": "Example of $FindCandidates response Metadata parameters",
        "exampleCanonical": "http://moh.fhir/bc-clientregistry/StructureDefinition/bc-metadata-parameters"
      },
      {
        "extension": [
          {
            "url": "http://hl7.org/fhir/tools/StructureDefinition/resource-information",
            "valueString": "Parameters"
          }
        ],
        "reference": {
          "reference": "Parameters/FindCandidates-SSRI"
        },
        "name": "FindCandidates-SSRI",
        "description": "Example of $FindCandidates operation with SSRI identifier",
        "exampleCanonical": "http://moh.fhir/bc-clientregistry/StructureDefinition/bc-metadata-parameters",
        "groupingId": "OperationRequestExamples"
      },
      {
        "extension": [
          {
            "url": "http://hl7.org/fhir/tools/StructureDefinition/resource-information",
            "valueString": "Bundle"
          }
        ],
        "reference": {
          "reference": "Bundle/FindCandidatesResponse"
        },
        "name": "FindCandidatesResponse",
        "description": "Example of $FindCandidates response Bundle.  Patient0 has PHN, alternate, SRI and SSRI identifier examples.",
        "exampleBoolean": true,
        "groupingId": "OperationResponseExamples"
      },
      {
        "extension": [
          {
            "url": "http://hl7.org/fhir/tools/StructureDefinition/resource-information",
            "valueString": "Parameters"
          }
        ],
        "reference": {
          "reference": "Parameters/GetDemographics"
        },
        "name": "GetDemographics",
        "description": "Example of $GetDemographics operation",
        "exampleCanonical": "http://moh.fhir/bc-clientregistry/StructureDefinition/bc-metadata-parameters",
        "groupingId": "OperationRequestExamples"
      },
      {
        "extension": [
          {
            "url": "http://hl7.org/fhir/tools/StructureDefinition/resource-information",
            "valueString": "Parameters"
          }
        ],
        "reference": {
          "reference": "Parameters/GetDemographics-ResponseMetadata"
        },
        "name": "GetDemographics-ResponseMetadata",
        "description": "Example of $FindCandidates response Metadata parameters",
        "exampleCanonical": "http://moh.fhir/bc-clientregistry/StructureDefinition/bc-metadata-parameters"
      },
      {
        "extension": [
          {
            "url": "http://hl7.org/fhir/tools/StructureDefinition/resource-information",
            "valueString": "Parameters"
          }
        ],
        "reference": {
          "reference": "Parameters/GetDemographicsINParameters"
        },
        "name": "GetDemographicsINParameters",
        "description": "Example of $GetDemographics operation, IN parameters",
        "exampleBoolean": true
      },
      {
        "extension": [
          {
            "url": "http://hl7.org/fhir/tools/StructureDefinition/resource-information",
            "valueString": "Bundle"
          }
        ],
        "reference": {
          "reference": "Bundle/GetDemographicsResponse"
        },
        "name": "GetDemographicsResponse",
        "description": "Example of $GetDemographics operation response Bundle",
        "exampleBoolean": true,
        "groupingId": "OperationResponseExamples"
      },
      {
        "extension": [
          {
            "url": "http://hl7.org/fhir/tools/StructureDefinition/resource-information",
            "valueString": "Parameters"
          }
        ],
        "reference": {
          "reference": "Parameters/MergePatient-TwoID"
        },
        "name": "MergePatient-TwoID",
        "description": "Example of $MergePatient operation.",
        "exampleCanonical": "http://moh.fhir/bc-clientregistry/StructureDefinition/bc-patient-business-parameters",
        "groupingId": "OperationRequestExamples"
      },
      {
        "extension": [
          {
            "url": "http://hl7.org/fhir/tools/StructureDefinition/resource-information",
            "valueString": "RelatedPerson"
          }
        ],
        "reference": {
          "reference": "RelatedPerson/MotherRelated"
        },
        "name": "MotherRelated",
        "description": "Example of related person's PHN as Identifier",
        "exampleBoolean": true
      },
      {
        "extension": [
          {
            "url": "http://hl7.org/fhir/tools/StructureDefinition/resource-information",
            "valueString": "Patient"
          }
        ],
        "reference": {
          "reference": "Patient/Patient0Response"
        },
        "name": "Patient0Response",
        "description": "Example of Patient for query response Bundle with 4 different kinds of identifiers: SRI-PHN, SRI, SSRI and alternative.",
        "exampleBoolean": true
      },
      {
        "extension": [
          {
            "url": "http://hl7.org/fhir/tools/StructureDefinition/resource-information",
            "valueString": "Patient"
          }
        ],
        "reference": {
          "reference": "Patient/Patient1Response"
        },
        "name": "Patient1Response",
        "description": "Example of Patient for query response Bundle",
        "exampleBoolean": true
      },
      {
        "extension": [
          {
            "url": "http://hl7.org/fhir/tools/StructureDefinition/resource-information",
            "valueString": "Patient"
          }
        ],
        "reference": {
          "reference": "Patient/Patient2Response"
        },
        "name": "Patient2Response",
        "description": "Example of Patient for query response Bundle",
        "exampleBoolean": true
      },
      {
        "extension": [
          {
            "url": "http://hl7.org/fhir/tools/StructureDefinition/resource-information",
            "valueString": "Patient"
          }
        ],
        "reference": {
          "reference": "Patient/PatientDemographicsResponse"
        },
        "name": "PatientDemographicsResponse",
        "description": "Example of Patient for $GetDemographics operation response",
        "exampleBoolean": true
      },
      {
        "extension": [
          {
            "url": "http://hl7.org/fhir/tools/StructureDefinition/resource-information",
            "valueString": "Patient"
          }
        ],
        "reference": {
          "reference": "Patient/PatientMP"
        },
        "name": "PatientMP",
        "description": "Example of a merge patient Patient",
        "exampleCanonical": "http://moh.fhir/bc-clientregistry/StructureDefinition/bc-patient"
      },
      {
        "extension": [
          {
            "url": "http://hl7.org/fhir/tools/StructureDefinition/resource-information",
            "valueString": "Patient"
          }
        ],
        "reference": {
          "reference": "Patient/PatientRP"
        },
        "name": "PatientRP",
        "description": "Patient example for a RevicePatient operation",
        "exampleCanonical": "http://moh.fhir/bc-clientregistry/StructureDefinition/bc-patient"
      },
      {
        "extension": [
          {
            "url": "http://hl7.org/fhir/tools/StructureDefinition/resource-information",
            "valueString": "Patient"
          }
        ],
        "reference": {
          "reference": "Patient/PatientRP-New"
        },
        "name": "PatientRP-New",
        "description": "The Patient is completely new to the Client Registry, no identifiers.",
        "exampleCanonical": "http://moh.fhir/bc-clientregistry/StructureDefinition/bc-patient"
      },
      {
        "extension": [
          {
            "url": "http://hl7.org/fhir/tools/StructureDefinition/resource-information",
            "valueString": "Patient"
          }
        ],
        "reference": {
          "reference": "Patient/PatientRP-Newborn"
        },
        "name": "PatientRP-Newborn",
        "description": "The Patient is completely new to the Client Registry, no identifiers.",
        "exampleCanonical": "http://moh.fhir/bc-clientregistry/StructureDefinition/bc-patient"
      },
      {
        "extension": [
          {
            "url": "http://hl7.org/fhir/tools/StructureDefinition/resource-information",
            "valueString": "Parameters"
          }
        ],
        "reference": {
          "reference": "Parameters/RevisePatient-New"
        },
        "name": "RevisePatient-New",
        "description": "Example of $RevisePatient operation where the Patient is new to the Client Registry.",
        "exampleCanonical": "http://moh.fhir/bc-clientregistry/StructureDefinition/bc-patient-business-parameters",
        "groupingId": "OperationRequestExamples"
      },
      {
        "extension": [
          {
            "url": "http://hl7.org/fhir/tools/StructureDefinition/resource-information",
            "valueString": "Parameters"
          }
        ],
        "reference": {
          "reference": "Parameters/RevisePatient-Newborn"
        },
        "name": "RevisePatient-Newborn",
        "description": "Example of $RevisePatient.Newborn operation where the Patient is a newborn.  Awwwwww so cute.",
        "exampleCanonical": "http://moh.fhir/bc-clientregistry/StructureDefinition/bc-patient-business-parameters",
        "groupingId": "OperationRequestExamples"
      },
      {
        "extension": [
          {
            "url": "http://hl7.org/fhir/tools/StructureDefinition/resource-information",
            "valueString": "Parameters"
          }
        ],
        "reference": {
          "reference": "Parameters/RevisePatient-UpdateExisting"
        },
        "name": "RevisePatient-UpdateExisting",
        "description": "Example of $RevisePatient operation that updates an existing Patient",
        "exampleCanonical": "http://moh.fhir/bc-clientregistry/StructureDefinition/bc-patient-business-parameters",
        "groupingId": "OperationRequestExamples"
      },
      {
        "extension": [
          {
            "url": "http://hl7.org/fhir/tools/StructureDefinition/resource-information",
            "valueString": "OperationDefinition"
          }
        ],
        "reference": {
          "reference": "OperationDefinition/bc-patient-find-candidates"
        },
        "name": "FindCandidatesQuery",
        "description": "This operation is used to query for a patient.  The response can contain 0 or more Paitents.",
        "exampleBoolean": false,
        "groupingId": "Operations"
      },
      {
        "extension": [
          {
            "url": "http://hl7.org/fhir/tools/StructureDefinition/resource-information",
            "valueString": "OperationDefinition"
          }
        ],
        "reference": {
          "reference": "OperationDefinition/bc-patient-get-demographics"
        },
        "name": "GetDemographicsQuery",
        "description": "This operation is used to query for a patient.  The response can contain 0 or 1 Patient.",
        "exampleBoolean": false,
        "groupingId": "Operations"
      },
      {
        "extension": [
          {
            "url": "http://hl7.org/fhir/tools/StructureDefinition/resource-information",
            "valueString": "OperationDefinition"
          }
        ],
        "reference": {
          "reference": "OperationDefinition/bc-patient-merge"
        },
        "name": "MergePatient",
        "description": "This operation is used to merge patients.",
        "exampleBoolean": false,
        "groupingId": "Operations"
      },
      {
        "extension": [
          {
            "url": "http://hl7.org/fhir/tools/StructureDefinition/resource-information",
            "valueString": "OperationDefinition"
          }
        ],
        "reference": {
          "reference": "OperationDefinition/bc-patient-revise"
        },
        "name": "RevisePatient",
        "description": "This operation is used to revise a patient's demographics.",
        "exampleBoolean": false,
        "groupingId": "Operations"
      },
      {
        "extension": [
          {
            "url": "http://hl7.org/fhir/tools/StructureDefinition/resource-information",
            "valueString": "OperationDefinition"
          }
        ],
        "reference": {
          "reference": "OperationDefinition/bc-patient-revise-newborn"
        },
        "name": "RevisePatient.Newborn",
        "description": "This operation is used to create a newborn patient.",
        "exampleBoolean": false,
        "groupingId": "Operations"
      }
    ],
    "page": {
      "nameUrl": "toc.html",
      "title": "Table of Contents",
      "generation": "html",
      "page": [
        {
          "nameUrl": "index.html",
          "title": "Introduction",
          "generation": "markdown"
        },
        {
          "nameUrl": "overview.html",
          "title": "HCIM Overview",
          "generation": "markdown"
        },
        {
          "nameUrl": "v3Transition.html",
          "title": "Transition from V3 Provider to FHIR",
          "generation": "markdown"
        },
        {
          "nameUrl": "design.html",
          "title": "FHIR Design",
          "generation": "markdown"
        },
        {
          "nameUrl": "connectedPartner.html",
          "title": "Connected Partners",
          "generation": "markdown"
        },
        {
          "nameUrl": "terminology.html",
          "title": "Glossary",
          "generation": "markdown"
        },
        {
          "nameUrl": "credits.html",
          "title": "Credits",
          "generation": "markdown"
        },
        {
          "nameUrl": "search.html",
          "title": "Search Patient",
          "generation": "markdown"
        },
        {
          "nameUrl": "reviseAndMerge.html",
          "title": "Revise and Merge Patient",
          "generation": "markdown"
        },
        {
          "nameUrl": "distributions.html",
          "title": "Distribute Patient",
          "generation": "markdown"
        },
        {
          "nameUrl": "futurePlans.html",
          "title": "Future Plans",
          "generation": "markdown"
        },
        {
          "nameUrl": "identifiers.html",
          "title": "Identifiers",
          "generation": "markdown"
        }
      ]
    },
    "parameter": [
      {
        "code": "path-resource",
        "value": "input/capabilities"
      },
      {
        "code": "path-resource",
        "value": "input/examples"
      },
      {
        "code": "path-resource",
        "value": "input/extensions"
      },
      {
        "code": "path-resource",
        "value": "input/models"
      },
      {
        "code": "path-resource",
        "value": "input/operations"
      },
      {
        "code": "path-resource",
        "value": "input/profiles"
      },
      {
        "code": "path-resource",
        "value": "input/resources"
      },
      {
        "code": "path-resource",
        "value": "input/vocabulary"
      },
      {
        "code": "path-resource",
        "value": "input/maps"
      },
      {
        "code": "path-resource",
        "value": "input/testing"
      },
      {
        "code": "path-resource",
        "value": "input/history"
      },
      {
        "code": "path-resource",
        "value": "fsh-generated/resources"
      },
      {
        "code": "path-pages",
        "value": "template/config"
      },
      {
        "code": "path-pages",
        "value": "input/images"
      },
      {
        "code": "path-tx-cache",
        "value": "input-cache/txcache"
      }
    ]
  }
}