{
  "resourceType": "ImplementationGuide",
  "id": "fhir.ca-bc.client",
  "text": {
    "status": "extensions",
    "div": "<div xmlns=\"http://www.w3.org/1999/xhtml\"><h2>BCHealthClientIdentityManagement</h2><p>The official URL for this implementation guide is: </p><pre>http://hlth.gov.bc.ca/fhir/client/ImplementationGuide/fhir.ca-bc.client</pre><div><p>FHIR Implementation Guide for BC MOH Client Registry</p>\n</div></div>"
  },
  "url": "http://hlth.gov.bc.ca/fhir/client/ImplementationGuide/fhir.ca-bc.client",
  "version": "0.1.0",
  "name": "BCHealthClientIdentityManagement",
  "title": "BC Client Registry FHIR Implementation Guide",
  "status": "draft",
  "date": "2022-09-08T22:16:21+00:00",
  "publisher": "BC Ministry of Health",
  "contact": [
    {
      "name": "BC Ministry of Health",
      "telecom": [
        {
          "system": "url",
          "value": "https://www2.gov.bc.ca/gov/content/governments/organizational-structure/ministries-organizations/ministries/health"
        }
      ]
    }
  ],
  "description": "FHIR Implementation Guide for BC MOH Client Registry",
  "jurisdiction": [
    {
      "coding": [
        {
          "system": "urn:iso:std:iso:3166",
          "code": "CA",
          "display": "Canada"
        }
      ]
    }
  ],
  "packageId": "fhir.ca-bc.client",
  "license": "CC0-1.0",
  "fhirVersion": [
    "4.0.1"
  ],
  "dependsOn": [
    {
      "id": "hl7tx",
      "uri": "http://terminology.hl7.org/ImplementationGuide/hl7.terminology",
      "packageId": "hl7.terminology.r4",
      "version": "3.1.0"
    }
  ],
  "definition": {
    "grouping": [
      {
        "id": "CapabilityStatement",
        "name": "Capability Statement",
        "description": "The Capability Statement for Client Registry"
      },
      {
        "id": "Operations",
        "name": "Operation Definitions",
        "description": "The defined Operations"
      },
      {
        "id": "PatientProfile",
        "name": "Patient Profile",
        "description": "The BC Patient profile"
      },
      {
        "id": "SupportingProfiles",
        "name": "Supporting Profiles",
        "description": "Artifacts associated with resources that support Patient and Client Registry Operations"
      },
      {
        "id": "RequestExamples",
        "name": "Request Examples",
        "description": "A set of operation request examples"
      },
      {
        "id": "ResponseExamples",
        "name": "Response Examples",
        "description": "A set of operation response examples"
      }
    ],
    "resource": [
      {
        "extension": [
          {
            "url": "http://hl7.org/fhir/tools/StructureDefinition/resource-information",
            "valueString": "StructureDefinition:resource"
          }
        ],
        "reference": {
          "reference": "StructureDefinition/bc-add-request-bundle"
        },
        "name": "AddRequestBundle",
        "description": "A Bundle that is used in the Client Registry for Add Patient requests.",
        "exampleBoolean": false,
        "groupingId": "SupportingProfiles"
      },
      {
        "extension": [
          {
            "url": "http://hl7.org/fhir/tools/StructureDefinition/resource-information",
            "valueString": "StructureDefinition:resource"
          }
        ],
        "reference": {
          "reference": "StructureDefinition/bc-add-response-bundle"
        },
        "name": "AddResponseBundle",
        "description": "A Bundle that is used in the Client Registry response to Add Patient requests.",
        "exampleBoolean": false,
        "groupingId": "SupportingProfiles"
      },
      {
        "extension": [
          {
            "url": "http://hl7.org/fhir/tools/StructureDefinition/resource-information",
            "valueString": "StructureDefinition:resource"
          }
        ],
        "reference": {
          "reference": "StructureDefinition/bc-patient"
        },
        "name": "ClientRegistryPatient",
        "description": "General constraints on the Patient resource for use in the BC Client Registry project.",
        "exampleBoolean": false,
        "groupingId": "PatientProfile"
      },
      {
        "extension": [
          {
            "url": "http://hl7.org/fhir/tools/StructureDefinition/resource-information",
            "valueString": "StructureDefinition:resource"
          }
        ],
        "reference": {
          "reference": "StructureDefinition/bc-find-candidates-request-bundle"
        },
        "name": "FindCandidatesRequestBundle",
        "description": "A Bundle that is used in the Find Candidates Operation request.",
        "exampleBoolean": false,
        "groupingId": "SupportingProfiles"
      },
      {
        "extension": [
          {
            "url": "http://hl7.org/fhir/tools/StructureDefinition/resource-information",
            "valueString": "StructureDefinition:resource"
          }
        ],
        "reference": {
          "reference": "StructureDefinition/bc-get-demographics-request-bundle"
        },
        "name": "GetDemographicsRequestBundle",
        "description": "A Bundle that is used in the Get Demographics Operation request.",
        "exampleBoolean": false,
        "groupingId": "SupportingProfiles"
      },
      {
        "extension": [
          {
            "url": "http://hl7.org/fhir/tools/StructureDefinition/resource-information",
            "valueString": "StructureDefinition:resource"
          }
        ],
        "reference": {
          "reference": "StructureDefinition/bc-merge-request-bundle"
        },
        "name": "MergeRequestBundle",
        "description": "A Bundle that is used in the Client Registry for Add Patient requests.",
        "exampleBoolean": false,
        "groupingId": "SupportingProfiles"
      },
      {
        "extension": [
          {
            "url": "http://hl7.org/fhir/tools/StructureDefinition/resource-information",
            "valueString": "StructureDefinition:resource"
          }
        ],
        "reference": {
          "reference": "StructureDefinition/bc-merge-response-bundle"
        },
        "name": "MergeResponseBundle",
        "description": "A Bundle that is used in the Client Registry response to Merge Patient requests.",
        "exampleBoolean": false,
        "groupingId": "SupportingProfiles"
      },
      {
        "extension": [
          {
            "url": "http://hl7.org/fhir/tools/StructureDefinition/resource-information",
            "valueString": "StructureDefinition:resource"
          }
        ],
        "reference": {
          "reference": "StructureDefinition/bc-metadata-parameters-in"
        },
        "name": "MetadataParametersIn",
        "description": "Parameters profile for BC meta data - incoming messages.",
        "exampleBoolean": false,
        "groupingId": "SupportingProfiles"
      },
      {
        "extension": [
          {
            "url": "http://hl7.org/fhir/tools/StructureDefinition/resource-information",
            "valueString": "StructureDefinition:resource"
          }
        ],
        "reference": {
          "reference": "StructureDefinition/bc-metadata-parameters-out"
        },
        "name": "MetadataParametersOut",
        "description": "Parameters profile for BC meta data - outbound messages.",
        "exampleBoolean": false,
        "groupingId": "SupportingProfiles"
      },
      {
        "extension": [
          {
            "url": "http://hl7.org/fhir/tools/StructureDefinition/resource-information",
            "valueString": "StructureDefinition:resource"
          }
        ],
        "reference": {
          "reference": "StructureDefinition/bc-patient-by-example"
        },
        "name": "PatientByExample",
        "description": "General constraints on the Patient resource for use in the BC Client Registry project for queries.",
        "exampleBoolean": false,
        "groupingId": "PatientProfile"
      },
      {
        "extension": [
          {
            "url": "http://hl7.org/fhir/tools/StructureDefinition/resource-information",
            "valueString": "StructureDefinition:resource"
          }
        ],
        "reference": {
          "reference": "StructureDefinition/bc-revise-request-bundle"
        },
        "name": "ReviseRequestBundle",
        "description": "A Bundle that is used in the Client Registry for Revise Patient requests.  This is also used by Patient Notitifications.",
        "exampleBoolean": false,
        "groupingId": "SupportingProfiles"
      },
      {
        "extension": [
          {
            "url": "http://hl7.org/fhir/tools/StructureDefinition/resource-information",
            "valueString": "StructureDefinition:resource"
          }
        ],
        "reference": {
          "reference": "StructureDefinition/bc-revise-response-bundle"
        },
        "name": "ReviseResponseBundle",
        "description": "A Bundle that is used in the Client Registry response to Revise Patient requests.",
        "exampleBoolean": false,
        "groupingId": "SupportingProfiles"
      },
      {
        "extension": [
          {
            "url": "http://hl7.org/fhir/tools/StructureDefinition/resource-information",
            "valueString": "StructureDefinition:resource"
          }
        ],
        "reference": {
          "reference": "StructureDefinition/bc-search-response-bundle"
        },
        "name": "SearchResponseBundle",
        "description": "A Bundle that is used in the Client Registry response to Find Candidates and Get Demographics queries.",
        "exampleBoolean": false,
        "groupingId": "SupportingProfiles"
      },
      {
        "extension": [
          {
            "url": "http://hl7.org/fhir/tools/StructureDefinition/resource-information",
            "valueString": "StructureDefinition:resource"
          }
        ],
        "reference": {
          "reference": "StructureDefinition/bc-search-withEligibility-response-bundle"
        },
        "name": "SearchWithEligibilityResponseBundle",
        "description": "A Bundle that is used in the Client Registry response to Get Demographics with Eligibility queries.",
        "exampleBoolean": false,
        "groupingId": "SupportingProfiles"
      },
      {
        "extension": [
          {
            "url": "http://hl7.org/fhir/tools/StructureDefinition/resource-information",
            "valueString": "StructureDefinition:resource"
          }
        ],
        "reference": {
          "reference": "StructureDefinition/bc-update-request-bundle"
        },
        "name": "UpdateRequestBundle",
        "description": "A Bundle that is used in the Client Registry for Patient update requests.",
        "exampleBoolean": false,
        "groupingId": "SupportingProfiles"
      },
      {
        "extension": [
          {
            "url": "http://hl7.org/fhir/tools/StructureDefinition/resource-information",
            "valueString": "StructureDefinition:extension"
          }
        ],
        "reference": {
          "reference": "StructureDefinition/bc-birthdate-history-extension"
        },
        "name": "BC Birth Date History",
        "description": "This extension allows the Client Registry to include historical birth dates in a single Patient resource.",
        "exampleBoolean": false
      },
      {
        "extension": [
          {
            "url": "http://hl7.org/fhir/tools/StructureDefinition/resource-information",
            "valueString": "StructureDefinition:extension"
          }
        ],
        "reference": {
          "reference": "StructureDefinition/bc-business-period-extension"
        },
        "name": "BC Business Dates",
        "description": "The effective dates for the parent element.",
        "exampleBoolean": false
      },
      {
        "extension": [
          {
            "url": "http://hl7.org/fhir/tools/StructureDefinition/resource-information",
            "valueString": "StructureDefinition:extension"
          }
        ],
        "reference": {
          "reference": "StructureDefinition/bc-death-date-history-extension"
        },
        "name": "BC Death Date History",
        "description": "This extension allows the Client Registry to include historical death dates and flags in a single Patient resource.",
        "exampleBoolean": false
      },
      {
        "extension": [
          {
            "url": "http://hl7.org/fhir/tools/StructureDefinition/resource-information",
            "valueString": "StructureDefinition:extension"
          }
        ],
        "reference": {
          "reference": "StructureDefinition/bc-death-verified-flag-extension"
        },
        "name": "BC Death Verified Flag",
        "description": "The Patients death is verified and as recorded in the Client Registry as a flag.  This also includes death verified flag history as required.",
        "exampleBoolean": false
      },
      {
        "extension": [
          {
            "url": "http://hl7.org/fhir/tools/StructureDefinition/resource-information",
            "valueString": "StructureDefinition:extension"
          }
        ],
        "reference": {
          "reference": "StructureDefinition/bc-death-verified-flag-history-extension"
        },
        "name": "BC Death Verified Flag History",
        "description": "This extension allows the Client Registry to include historical death flags in a single Patient resource.",
        "exampleBoolean": false
      },
      {
        "extension": [
          {
            "url": "http://hl7.org/fhir/tools/StructureDefinition/resource-information",
            "valueString": "StructureDefinition:extension"
          }
        ],
        "reference": {
          "reference": "StructureDefinition/bc-gender-history-extension"
        },
        "name": "BC Gender History",
        "description": "This extension allows the Client Registry to include historical gender codes in a single Patient resource.",
        "exampleBoolean": false
      },
      {
        "extension": [
          {
            "url": "http://hl7.org/fhir/tools/StructureDefinition/resource-information",
            "valueString": "StructureDefinition:extension"
          }
        ],
        "reference": {
          "reference": "StructureDefinition/bc-gender-identity-extension"
        },
        "name": "BC Gender Identity with business dates.",
        "description": "Gender Identity with business dates.",
        "exampleBoolean": false
      },
      {
        "extension": [
          {
            "url": "http://hl7.org/fhir/tools/StructureDefinition/resource-information",
            "valueString": "StructureDefinition:extension"
          }
        ],
        "reference": {
          "reference": "StructureDefinition/bc-identifier-status-extension"
        },
        "name": "BC Identifier Status",
        "description": "Identifier status.",
        "exampleBoolean": false
      },
      {
        "extension": [
          {
            "url": "http://hl7.org/fhir/tools/StructureDefinition/resource-information",
            "valueString": "StructureDefinition:extension"
          }
        ],
        "reference": {
          "reference": "StructureDefinition/bc-merge-status-extension"
        },
        "name": "BC Merge Status Code",
        "description": "A code that represents the Merge status of the Patient.",
        "exampleBoolean": false
      },
      {
        "extension": [
          {
            "url": "http://hl7.org/fhir/tools/StructureDefinition/resource-information",
            "valueString": "StructureDefinition:extension"
          }
        ],
        "reference": {
          "reference": "StructureDefinition/bc-multiplebirth-history-extension"
        },
        "name": "BC Multiple Birth History",
        "description": "This extension allows the Client Registry to include historical multiple birth values in a single Patient resource.",
        "exampleBoolean": false
      },
      {
        "extension": [
          {
            "url": "http://hl7.org/fhir/tools/StructureDefinition/resource-information",
            "valueString": "StructureDefinition:extension"
          }
        ],
        "reference": {
          "reference": "StructureDefinition/bc-sourceId-extension"
        },
        "name": "BC SourceID and UserID",
        "description": "Identifiers for the source and user that modified the specific element that this extension is on.",
        "exampleBoolean": false
      },
      {
        "extension": [
          {
            "url": "http://hl7.org/fhir/tools/StructureDefinition/resource-information",
            "valueString": "StructureDefinition:extension"
          }
        ],
        "reference": {
          "reference": "StructureDefinition/bc-validation-status-extension"
        },
        "name": "BC Address Validation Status Code",
        "description": "A code that represents the validation status of the address",
        "exampleBoolean": false
      },
      {
        "extension": [
          {
            "url": "http://hl7.org/fhir/tools/StructureDefinition/resource-information",
            "valueString": "ValueSet"
          }
        ],
        "reference": {
          "reference": "ValueSet/bc-address-type-value-set"
        },
        "name": "BC Address Type Value Set",
        "description": "BC Address Type value set, sliced to meet BC constraints.",
        "exampleBoolean": false
      },
      {
        "extension": [
          {
            "url": "http://hl7.org/fhir/tools/StructureDefinition/resource-information",
            "valueString": "ValueSet"
          }
        ],
        "reference": {
          "reference": "ValueSet/bc-address-validation-value-set"
        },
        "name": "BC Address Validation Value Set",
        "description": "BC Address Validation value set used to describe the validation status of an address",
        "exampleBoolean": false
      },
      {
        "extension": [
          {
            "url": "http://hl7.org/fhir/tools/StructureDefinition/resource-information",
            "valueString": "ValueSet"
          }
        ],
        "reference": {
          "reference": "ValueSet/bc-contact-point-system-value-set"
        },
        "name": "BC Contact Point System Value Set",
        "description": "BC Contact Point System value set, sliced to meet BC constraints.",
        "exampleBoolean": false
      },
      {
        "extension": [
          {
            "url": "http://hl7.org/fhir/tools/StructureDefinition/resource-information",
            "valueString": "ValueSet"
          }
        ],
        "reference": {
          "reference": "ValueSet/bc-contact-point-use-value-set"
        },
        "name": "BC Contact Point Use Value Set",
        "description": "BC Contact Point Use value set, sliced to meet BC constraints.",
        "exampleBoolean": false
      },
      {
        "extension": [
          {
            "url": "http://hl7.org/fhir/tools/StructureDefinition/resource-information",
            "valueString": "ValueSet"
          }
        ],
        "reference": {
          "reference": "ValueSet/bc-identifier-status-value-set"
        },
        "name": "BC Identifier Status Value Set",
        "description": "BC Identifier Status value set used to describe the status of an identifier.",
        "exampleBoolean": false
      },
      {
        "extension": [
          {
            "url": "http://hl7.org/fhir/tools/StructureDefinition/resource-information",
            "valueString": "ValueSet"
          }
        ],
        "reference": {
          "reference": "ValueSet/bc-merge-status-value-set"
        },
        "name": "BC Merge Status Value Set",
        "description": "BC Merge Status value set used to describe the merge status of a Patient.",
        "exampleBoolean": false
      },
      {
        "extension": [
          {
            "url": "http://hl7.org/fhir/tools/StructureDefinition/resource-information",
            "valueString": "ValueSet"
          }
        ],
        "reference": {
          "reference": "ValueSet/bc-name-use-value-set"
        },
        "name": "BC Name Use value set.",
        "description": "BC Name Use value set, sliced to meet BC constraints.",
        "exampleBoolean": false
      },
      {
        "extension": [
          {
            "url": "http://hl7.org/fhir/tools/StructureDefinition/resource-information",
            "valueString": "CodeSystem"
          }
        ],
        "reference": {
          "reference": "CodeSystem/bc-client-registry-address-validation-code-system"
        },
        "name": "BC Client Registry Address Validation Status Code",
        "description": "Codes used to define the address validation status.",
        "exampleBoolean": false
      },
      {
        "extension": [
          {
            "url": "http://hl7.org/fhir/tools/StructureDefinition/resource-information",
            "valueString": "CodeSystem"
          }
        ],
        "reference": {
          "reference": "CodeSystem/bc-identifier-status-code-system"
        },
        "name": "BC Client registry identifier status code system",
        "description": "BC Client registry identifier status code system.",
        "exampleBoolean": false
      },
      {
        "extension": [
          {
            "url": "http://hl7.org/fhir/tools/StructureDefinition/resource-information",
            "valueString": "CodeSystem"
          }
        ],
        "reference": {
          "reference": "CodeSystem/bc-client-registry-merge-status-code-system"
        },
        "name": "BC Client Registry merge status.",
        "description": "Codes used to describe the merge status.",
        "exampleBoolean": false
      },
      {
        "extension": [
          {
            "url": "http://hl7.org/fhir/tools/StructureDefinition/resource-information",
            "valueString": "CodeSystem"
          }
        ],
        "reference": {
          "reference": "CodeSystem/bc-operation-outcome-details-code-system"
        },
        "name": "BC Client Registry Operation Outcome details code system",
        "description": "BC Client Registry Operation Outcome details code system",
        "exampleBoolean": false
      },
      {
        "extension": [
          {
            "url": "http://hl7.org/fhir/tools/StructureDefinition/resource-information",
            "valueString": "Bundle"
          }
        ],
        "reference": {
          "reference": "Bundle/Bundle-AddPatient-Newborn-Request-Example"
        },
        "name": "Bundle-AddPatient-Newborn-Request-Example",
        "description": "Example of $AddPatient operation for a newborn.",
        "exampleCanonical": "http://hlth.gov.bc.ca/fhir/client/StructureDefinition/bc-add-request-bundle",
        "groupingId": "RequestExamples"
      },
      {
        "extension": [
          {
            "url": "http://hl7.org/fhir/tools/StructureDefinition/resource-information",
            "valueString": "Bundle"
          }
        ],
        "reference": {
          "reference": "Bundle/Bundle-AddPatient-Request-Example"
        },
        "name": "Bundle-AddPatient-Request-Example",
        "description": "Example of $AddPatient operation.",
        "exampleCanonical": "http://hlth.gov.bc.ca/fhir/client/StructureDefinition/bc-add-request-bundle",
        "groupingId": "RequestExamples"
      },
      {
        "extension": [
          {
            "url": "http://hl7.org/fhir/tools/StructureDefinition/resource-information",
            "valueString": "Bundle"
          }
        ],
        "reference": {
          "reference": "Bundle/Bundle-AddPatient-Response-Example"
        },
        "name": "Bundle-AddPatient-Response-Example",
        "description": "A sample AddPatient Operation response.",
        "exampleCanonical": "http://hlth.gov.bc.ca/fhir/client/StructureDefinition/bc-add-response-bundle",
        "groupingId": "ResponseExamples"
      },
      {
        "extension": [
          {
            "url": "http://hl7.org/fhir/tools/StructureDefinition/resource-information",
            "valueString": "Bundle"
          }
        ],
        "reference": {
          "reference": "Bundle/Bundle-FindCandidates-Response-Example"
        },
        "name": "Bundle-FindCandidates-Response-Example",
        "description": "Example of FindCandidates response Bundle.  Patient0 has PHN, alternate, SRI and SSRI identifier examples.",
        "exampleCanonical": "http://hlth.gov.bc.ca/fhir/client/StructureDefinition/bc-search-response-bundle",
        "groupingId": "ResponseExamples"
      },
      {
        "extension": [
          {
            "url": "http://hl7.org/fhir/tools/StructureDefinition/resource-information",
            "valueString": "Bundle"
          }
        ],
        "reference": {
          "reference": "Bundle/Bundle-FindCandidates-Response-MomsPHN-Example"
        },
        "name": "Bundle-FindCandidates-Response-MomsPHN-Example",
        "description": "Example of FindCandidates with mother's PHN response Bundle.",
        "exampleCanonical": "http://hlth.gov.bc.ca/fhir/client/StructureDefinition/bc-search-response-bundle",
        "groupingId": "ResponseExamples"
      },
      {
        "extension": [
          {
            "url": "http://hl7.org/fhir/tools/StructureDefinition/resource-information",
            "valueString": "Bundle"
          }
        ],
        "reference": {
          "reference": "Bundle/Bundle-FindCandidates-UsingMomsPHN-Request-Example"
        },
        "name": "Bundle-FindCandidates-UsingMomsPHN-Request-Example",
        "description": "Example of $FindCandidates operation with Mother's PHN.",
        "exampleCanonical": "http://hlth.gov.bc.ca/fhir/client/StructureDefinition/bc-find-candidates-request-bundle",
        "groupingId": "RequestExamples"
      },
      {
        "extension": [
          {
            "url": "http://hl7.org/fhir/tools/StructureDefinition/resource-information",
            "valueString": "Bundle"
          }
        ],
        "reference": {
          "reference": "Bundle/Bundle-FindCandidatesByExample-Request-Example"
        },
        "name": "Bundle-FindCandidatesByExample-Request-Example",
        "description": "Example of $FindCandidates operation",
        "exampleCanonical": "http://hlth.gov.bc.ca/fhir/client/StructureDefinition/bc-find-candidates-request-bundle",
        "groupingId": "RequestExamples"
      },
      {
        "extension": [
          {
            "url": "http://hl7.org/fhir/tools/StructureDefinition/resource-information",
            "valueString": "Bundle"
          }
        ],
        "reference": {
          "reference": "Bundle/Bundle-GetDemographics-Request-Example"
        },
        "name": "Bundle-GetDemographics-Request-Example",
        "description": "Example of $GetDemographics operation",
        "exampleCanonical": "http://hlth.gov.bc.ca/fhir/client/StructureDefinition/bc-get-demographics-request-bundle",
        "groupingId": "RequestExamples"
      },
      {
        "extension": [
          {
            "url": "http://hl7.org/fhir/tools/StructureDefinition/resource-information",
            "valueString": "Bundle"
          }
        ],
        "reference": {
          "reference": "Bundle/Bundle-GetDemographics-Response-Example"
        },
        "name": "Bundle-GetDemographics-Response-Example",
        "description": "Example of $GetDemographics operation response Bundle",
        "exampleCanonical": "http://hlth.gov.bc.ca/fhir/client/StructureDefinition/bc-search-response-bundle",
        "groupingId": "ResponseExamples"
      },
      {
        "extension": [
          {
            "url": "http://hl7.org/fhir/tools/StructureDefinition/resource-information",
            "valueString": "Bundle"
          }
        ],
        "reference": {
          "reference": "Bundle/Bundle-GetDemographicsWithEligibility-Response-Example"
        },
        "name": "Bundle-GetDemographicsWithEligibility-Response-Example",
        "description": "Example of $GetDemographics.withEligibility operation response Bundle",
        "exampleCanonical": "http://hlth.gov.bc.ca/fhir/client/StructureDefinition/bc-search-response-bundle",
        "groupingId": "ResponseExamples"
      },
      {
        "extension": [
          {
            "url": "http://hl7.org/fhir/tools/StructureDefinition/resource-information",
            "valueString": "Bundle"
          }
        ],
        "reference": {
          "reference": "Bundle/Bundle-MergePatient-Request-Example"
        },
        "name": "Bundle-MergePatient-Request-Example",
        "description": "Example of $MergePatient operation.",
        "exampleCanonical": "http://hlth.gov.bc.ca/fhir/client/StructureDefinition/bc-merge-request-bundle",
        "groupingId": "RequestExamples"
      },
      {
        "extension": [
          {
            "url": "http://hl7.org/fhir/tools/StructureDefinition/resource-information",
            "valueString": "Bundle"
          }
        ],
        "reference": {
          "reference": "Bundle/Bundle-MergePatient-Response-Example"
        },
        "name": "Bundle-MergePatient-Response-Example",
        "description": "A sample MergePatient Operation response.",
        "exampleCanonical": "http://hlth.gov.bc.ca/fhir/client/StructureDefinition/bc-merge-response-bundle",
        "groupingId": "ResponseExamples"
      },
      {
        "extension": [
          {
            "url": "http://hl7.org/fhir/tools/StructureDefinition/resource-information",
            "valueString": "Bundle"
          }
        ],
        "reference": {
          "reference": "Bundle/Bundle-RevisePatient-Request-Example"
        },
        "name": "Bundle-RevisePatient-Request-Example",
        "description": "Example of $RevisePatient operation.",
        "exampleCanonical": "http://hlth.gov.bc.ca/fhir/client/StructureDefinition/bc-revise-request-bundle",
        "groupingId": "RequestExamples"
      },
      {
        "extension": [
          {
            "url": "http://hl7.org/fhir/tools/StructureDefinition/resource-information",
            "valueString": "Bundle"
          }
        ],
        "reference": {
          "reference": "Bundle/Bundle-RevisePatient-Response-Example"
        },
        "name": "Bundle-RevisePatient-Response-Example",
        "description": "A sample RevisePatient Operation response.",
        "exampleCanonical": "http://hlth.gov.bc.ca/fhir/client/StructureDefinition/bc-revise-response-bundle",
        "groupingId": "ResponseExamples"
      },
      {
        "extension": [
          {
            "url": "http://hl7.org/fhir/tools/StructureDefinition/resource-information",
            "valueString": "Bundle"
          }
        ],
        "reference": {
          "reference": "Bundle/Bundle-UpdatePatient-Response-Example"
        },
        "name": "Bundle-UpdatePatient-Response-Example",
        "description": "A sample UpdatePatient Operation response.",
        "exampleCanonical": "http://hlth.gov.bc.ca/fhir/client/StructureDefinition/bc-revise-response-bundle",
        "groupingId": "ResponseExamples"
      },
      {
        "extension": [
          {
            "url": "http://hl7.org/fhir/tools/StructureDefinition/resource-information",
            "valueString": "Coverage"
          }
        ],
        "reference": {
          "reference": "Coverage/Coverage-Active-Example"
        },
        "name": "Coverage-Active-Example",
        "description": "Example of Get Eligibility response, the patient is eligible.",
        "exampleBoolean": true
      },
      {
        "extension": [
          {
            "url": "http://hl7.org/fhir/tools/StructureDefinition/resource-information",
            "valueString": "Coverage"
          }
        ],
        "reference": {
          "reference": "Coverage/Coverage-InActive-Example"
        },
        "name": "Coverage-InActive-Example",
        "description": "Example of Get Eligibility response, the patient is not eligible.",
        "exampleBoolean": true
      },
      {
        "extension": [
          {
            "url": "http://hl7.org/fhir/tools/StructureDefinition/resource-information",
            "valueString": "RelatedPerson"
          }
        ],
        "reference": {
          "reference": "RelatedPerson/MothersPHN-RelatedPerson-ForFC"
        },
        "name": "MothersPHN-RelatedPerson-ForFC",
        "description": "RelatedPerson, representing Mother, for Find Candidate Operation by mother's PHN",
        "exampleBoolean": true
      },
      {
        "extension": [
          {
            "url": "http://hl7.org/fhir/tools/StructureDefinition/resource-information",
            "valueString": "OperationOutcome"
          }
        ],
        "reference": {
          "reference": "OperationOutcome/OperationOutcome-Example"
        },
        "name": "OperationOutcome-Example",
        "description": "Example OperationOutcome for a Client Registry Add, Revise or Merge.",
        "exampleBoolean": true
      },
      {
        "extension": [
          {
            "url": "http://hl7.org/fhir/tools/StructureDefinition/resource-information",
            "valueString": "OperationOutcome"
          }
        ],
        "reference": {
          "reference": "OperationOutcome/OperationOutcome-Example-RP"
        },
        "name": "OperationOutcome-Example-RP",
        "description": "Example OperationOutcome for a Client Registry Revise Patient.",
        "exampleBoolean": true
      },
      {
        "extension": [
          {
            "url": "http://hl7.org/fhir/tools/StructureDefinition/resource-information",
            "valueString": "OperationOutcome"
          }
        ],
        "reference": {
          "reference": "OperationOutcome/OperationOutcome-Search-Example"
        },
        "name": "OperationOutcome-Search-Example",
        "description": "Example OperationOutcome for a Client Registry Search",
        "exampleBoolean": true
      },
      {
        "extension": [
          {
            "url": "http://hl7.org/fhir/tools/StructureDefinition/resource-information",
            "valueString": "Parameters"
          }
        ],
        "reference": {
          "reference": "Parameters/Parameters-AddPatient-Example"
        },
        "name": "Parameters-AddPatient-Example",
        "description": "Example of $AddPatient parameters.",
        "exampleCanonical": "http://hlth.gov.bc.ca/fhir/client/StructureDefinition/bc-metadata-parameters-in"
      },
      {
        "extension": [
          {
            "url": "http://hl7.org/fhir/tools/StructureDefinition/resource-information",
            "valueString": "Parameters"
          }
        ],
        "reference": {
          "reference": "Parameters/Parameters-AddPatient-Newborn-Example"
        },
        "name": "Parameters-AddPatient-Newborn-Example",
        "description": "Example of $RevisePatient.Newborn operation where the Patient is a newborn.",
        "exampleCanonical": "http://hlth.gov.bc.ca/fhir/client/StructureDefinition/bc-metadata-parameters-in"
      },
      {
        "extension": [
          {
            "url": "http://hl7.org/fhir/tools/StructureDefinition/resource-information",
            "valueString": "Parameters"
          }
        ],
        "reference": {
          "reference": "Parameters/Parameters-AddPatient-Response-Example"
        },
        "name": "Parameters-AddPatient-Response-Example",
        "description": "Example of Add response Metadata parameters",
        "exampleCanonical": "http://hlth.gov.bc.ca/fhir/client/StructureDefinition/bc-metadata-parameters-out"
      },
      {
        "extension": [
          {
            "url": "http://hl7.org/fhir/tools/StructureDefinition/resource-information",
            "valueString": "Parameters"
          }
        ],
        "reference": {
          "reference": "Parameters/Parameters-DeletePatch-Example"
        },
        "name": "Parameters-DeletePatch-Example",
        "description": "An example of a delete patch, which is used for a partial update of a Patient resource.  This example deletes a physical address.",
        "exampleBoolean": true
      },
      {
        "extension": [
          {
            "url": "http://hl7.org/fhir/tools/StructureDefinition/resource-information",
            "valueString": "Parameters"
          }
        ],
        "reference": {
          "reference": "Parameters/Parameters-FindCandidates-Example"
        },
        "name": "Parameters-FindCandidates-Example",
        "description": "Example of $FindCandidates search parameters.",
        "exampleCanonical": "http://hlth.gov.bc.ca/fhir/client/StructureDefinition/bc-metadata-parameters-in"
      },
      {
        "extension": [
          {
            "url": "http://hl7.org/fhir/tools/StructureDefinition/resource-information",
            "valueString": "Parameters"
          }
        ],
        "reference": {
          "reference": "Parameters/Parameters-FindCandidates-Response-Example"
        },
        "name": "Parameters-FindCandidates-Response-Example",
        "description": "Example of $FindCandidates response Metadata parameters",
        "exampleCanonical": "http://hlth.gov.bc.ca/fhir/client/StructureDefinition/bc-metadata-parameters-out"
      },
      {
        "extension": [
          {
            "url": "http://hl7.org/fhir/tools/StructureDefinition/resource-information",
            "valueString": "Parameters"
          }
        ],
        "reference": {
          "reference": "Parameters/Parameters-GetDemographics-Example"
        },
        "name": "Parameters-GetDemographics-Example",
        "description": "Example of $GetDemographics operation",
        "exampleCanonical": "http://hlth.gov.bc.ca/fhir/client/StructureDefinition/bc-metadata-parameters-in"
      },
      {
        "extension": [
          {
            "url": "http://hl7.org/fhir/tools/StructureDefinition/resource-information",
            "valueString": "Parameters"
          }
        ],
        "reference": {
          "reference": "Parameters/Parameters-GetDemographics-IN-Example"
        },
        "name": "Parameters-GetDemographics-IN-Example",
        "description": "Example of $GetDemographics operation, IN parameters",
        "exampleBoolean": true
      },
      {
        "extension": [
          {
            "url": "http://hl7.org/fhir/tools/StructureDefinition/resource-information",
            "valueString": "Parameters"
          }
        ],
        "reference": {
          "reference": "Parameters/Parameters-GetDemographics-Response-Example"
        },
        "name": "Parameters-GetDemographics-Response-Example",
        "description": "Example of $GetDemographics response Metadata parameters",
        "exampleCanonical": "http://hlth.gov.bc.ca/fhir/client/StructureDefinition/bc-metadata-parameters-out"
      },
      {
        "extension": [
          {
            "url": "http://hl7.org/fhir/tools/StructureDefinition/resource-information",
            "valueString": "Parameters"
          }
        ],
        "reference": {
          "reference": "Parameters/Parameters-GetDemographicsWithEligibility-Example"
        },
        "name": "Parameters-GetDemographicsWithEligibility-Example",
        "description": "Example of $GetDemographics.withEligibility operation",
        "exampleCanonical": "http://hlth.gov.bc.ca/fhir/client/StructureDefinition/bc-metadata-parameters-in"
      },
      {
        "extension": [
          {
            "url": "http://hl7.org/fhir/tools/StructureDefinition/resource-information",
            "valueString": "Parameters"
          }
        ],
        "reference": {
          "reference": "Parameters/Parameters-GetDemographicsWithEligibility-Response-Example"
        },
        "name": "Parameters-GetDemographicsWithEligibility-Response-Example",
        "description": "Example of $GetDemographics.withEligibility response Metadata parameters",
        "exampleCanonical": "http://hlth.gov.bc.ca/fhir/client/StructureDefinition/bc-metadata-parameters-out"
      },
      {
        "extension": [
          {
            "url": "http://hl7.org/fhir/tools/StructureDefinition/resource-information",
            "valueString": "Parameters"
          }
        ],
        "reference": {
          "reference": "Parameters/Parameters-MergePatient-Response-Example"
        },
        "name": "Parameters-MergePatient-Response-Example",
        "description": "Example of Merge response Metadata parameters",
        "exampleCanonical": "http://hlth.gov.bc.ca/fhir/client/StructureDefinition/bc-metadata-parameters-out"
      },
      {
        "extension": [
          {
            "url": "http://hl7.org/fhir/tools/StructureDefinition/resource-information",
            "valueString": "Parameters"
          }
        ],
        "reference": {
          "reference": "Parameters/Parameters-MergePatient-TwoNonSurvivors-Example"
        },
        "name": "Parameters-MergePatient-TwoNonSurvivors-Example",
        "description": "Example of $MergePatient operation.",
        "exampleCanonical": "http://hlth.gov.bc.ca/fhir/client/StructureDefinition/bc-metadata-parameters-in"
      },
      {
        "extension": [
          {
            "url": "http://hl7.org/fhir/tools/StructureDefinition/resource-information",
            "valueString": "Parameters"
          }
        ],
        "reference": {
          "reference": "Parameters/Parameters-RevisePatient-Example"
        },
        "name": "Parameters-RevisePatient-Example",
        "description": "Example of $RevisePatient operation that updates an existing Patient",
        "exampleCanonical": "http://hlth.gov.bc.ca/fhir/client/StructureDefinition/bc-metadata-parameters-in"
      },
      {
        "extension": [
          {
            "url": "http://hl7.org/fhir/tools/StructureDefinition/resource-information",
            "valueString": "Parameters"
          }
        ],
        "reference": {
          "reference": "Parameters/Parameters-RevisePatient-Response-Example"
        },
        "name": "Parameters-RevisePatient-Response-Example",
        "description": "Example of Revise response Metadata parameters",
        "exampleCanonical": "http://hlth.gov.bc.ca/fhir/client/StructureDefinition/bc-metadata-parameters-out"
      },
      {
        "extension": [
          {
            "url": "http://hl7.org/fhir/tools/StructureDefinition/resource-information",
            "valueString": "Parameters"
          }
        ],
        "reference": {
          "reference": "Parameters/Parameters-UpdatePatient-Example"
        },
        "name": "Parameters-UpdatePatient-Example",
        "description": "Example of $RevisePatient operation that updates an existing Patient",
        "exampleCanonical": "http://hlth.gov.bc.ca/fhir/client/StructureDefinition/bc-metadata-parameters-in"
      },
      {
        "extension": [
          {
            "url": "http://hl7.org/fhir/tools/StructureDefinition/resource-information",
            "valueString": "Parameters"
          }
        ],
        "reference": {
          "reference": "Parameters/Parameters-UpdatePatient-Response-Example"
        },
        "name": "Parameters-UpdatePatient-Response-Example",
        "description": "Example of Update response Metadata parameters",
        "exampleCanonical": "http://hlth.gov.bc.ca/fhir/client/StructureDefinition/bc-metadata-parameters-out"
      },
      {
        "extension": [
          {
            "url": "http://hl7.org/fhir/tools/StructureDefinition/resource-information",
            "valueString": "Patient"
          }
        ],
        "reference": {
          "reference": "Patient/Patient-0-Example"
        },
        "name": "Patient-0-Example",
        "description": "Example of Patient for query response Bundle with 4 different kinds of identifiers: SRI-PHN, SRI, SSRI and alternative.",
        "exampleCanonical": "http://hlth.gov.bc.ca/fhir/client/StructureDefinition/bc-patient"
      },
      {
        "extension": [
          {
            "url": "http://hl7.org/fhir/tools/StructureDefinition/resource-information",
            "valueString": "Patient"
          }
        ],
        "reference": {
          "reference": "Patient/Patient-1-Example"
        },
        "name": "Patient-1-Example",
        "description": "Example of Patient for query response Bundle",
        "exampleCanonical": "http://hlth.gov.bc.ca/fhir/client/StructureDefinition/bc-patient"
      },
      {
        "extension": [
          {
            "url": "http://hl7.org/fhir/tools/StructureDefinition/resource-information",
            "valueString": "Patient"
          }
        ],
        "reference": {
          "reference": "Patient/Patient-2-Example"
        },
        "name": "Patient-2-Example",
        "description": "Example of Patient for query response Bundle",
        "exampleCanonical": "http://hlth.gov.bc.ca/fhir/client/StructureDefinition/bc-patient"
      },
      {
        "extension": [
          {
            "url": "http://hl7.org/fhir/tools/StructureDefinition/resource-information",
            "valueString": "Patient"
          }
        ],
        "reference": {
          "reference": "Patient/Patient-AddPatient-Example"
        },
        "name": "Patient-AddPatient-Example",
        "description": "The Patient is completely new to the Client Registry, no identifiers.",
        "exampleCanonical": "http://hlth.gov.bc.ca/fhir/client/StructureDefinition/bc-patient"
      },
      {
        "extension": [
          {
            "url": "http://hl7.org/fhir/tools/StructureDefinition/resource-information",
            "valueString": "Patient"
          }
        ],
        "reference": {
          "reference": "Patient/Patient-AddPatient-Newborn-Example"
        },
        "name": "Patient-AddPatient-Newborn-Example",
        "description": "The Patient is completely new to the Client Registry, no identifiers.",
        "exampleCanonical": "http://hlth.gov.bc.ca/fhir/client/StructureDefinition/bc-patient"
      },
      {
        "extension": [
          {
            "url": "http://hl7.org/fhir/tools/StructureDefinition/resource-information",
            "valueString": "Patient"
          }
        ],
        "reference": {
          "reference": "Patient/Patient-AddReviseOrMergePatient-Response-Example"
        },
        "name": "Patient-AddReviseOrMergePatient-Response-Example",
        "description": "Example of Merge or Revise response Bundle with 4 different kinds of identifiers: SRI-PHN, SRI, SSRI and alternative.",
        "exampleCanonical": "http://hlth.gov.bc.ca/fhir/client/StructureDefinition/bc-patient"
      },
      {
        "extension": [
          {
            "url": "http://hl7.org/fhir/tools/StructureDefinition/resource-information",
            "valueString": "Patient"
          }
        ],
        "reference": {
          "reference": "Patient/Patient-BabyBoy-Example"
        },
        "name": "Patient-BabyBoy-Example",
        "description": "Example of Patient newborn for query response Bundle",
        "exampleCanonical": "http://hlth.gov.bc.ca/fhir/client/StructureDefinition/bc-patient"
      },
      {
        "extension": [
          {
            "url": "http://hl7.org/fhir/tools/StructureDefinition/resource-information",
            "valueString": "Patient"
          }
        ],
        "reference": {
          "reference": "Patient/Patient-BabyGirl-Example"
        },
        "name": "Patient-BabyGirl-Example",
        "description": "Example of Patient newborn for query response Bundle",
        "exampleCanonical": "http://hlth.gov.bc.ca/fhir/client/StructureDefinition/bc-patient"
      },
      {
        "extension": [
          {
            "url": "http://hl7.org/fhir/tools/StructureDefinition/resource-information",
            "valueString": "Patient"
          }
        ],
        "reference": {
          "reference": "Patient/Patient-By-Example-Example"
        },
        "name": "Patient-By-Example-Example",
        "description": "An example of a Patient used for Find Candidates query.",
        "exampleCanonical": "http://hlth.gov.bc.ca/fhir/client/StructureDefinition/bc-patient-by-example"
      },
      {
        "extension": [
          {
            "url": "http://hl7.org/fhir/tools/StructureDefinition/resource-information",
            "valueString": "Patient"
          }
        ],
        "reference": {
          "reference": "Patient/Patient-By-Example-GD-Example"
        },
        "name": "Patient-By-Example-GD-Example",
        "description": "An example of a Patient used for Get Demographics query.",
        "exampleCanonical": "http://hlth.gov.bc.ca/fhir/client/StructureDefinition/bc-patient-by-example"
      },
      {
        "extension": [
          {
            "url": "http://hl7.org/fhir/tools/StructureDefinition/resource-information",
            "valueString": "Patient"
          }
        ],
        "reference": {
          "reference": "Patient/Patient-GetDemographics-Example"
        },
        "name": "Patient-GetDemographics-Example",
        "description": "Example of Patient for $GetDemographics operation response",
        "exampleCanonical": "http://hlth.gov.bc.ca/fhir/client/StructureDefinition/bc-patient"
      },
      {
        "extension": [
          {
            "url": "http://hl7.org/fhir/tools/StructureDefinition/resource-information",
            "valueString": "Patient"
          }
        ],
        "reference": {
          "reference": "Patient/Patient-GetDemographics-withHistory-Example"
        },
        "name": "Patient-GetDemographics-withHistory-Example",
        "description": "Example of Patient for $GetDemographics operation response",
        "exampleCanonical": "http://hlth.gov.bc.ca/fhir/client/StructureDefinition/bc-patient"
      },
      {
        "extension": [
          {
            "url": "http://hl7.org/fhir/tools/StructureDefinition/resource-information",
            "valueString": "Patient"
          }
        ],
        "reference": {
          "reference": "Patient/Patient-Identifier-Examples"
        },
        "name": "Patient-Identifier-Examples",
        "description": "An example of a Patient with descriptive Identifier.",
        "exampleBoolean": true
      },
      {
        "extension": [
          {
            "url": "http://hl7.org/fhir/tools/StructureDefinition/resource-information",
            "valueString": "Patient"
          }
        ],
        "reference": {
          "reference": "Patient/Patient-MergePatient-Example"
        },
        "name": "Patient-MergePatient-Example",
        "description": "Example of a merge patient Patient",
        "exampleCanonical": "http://hlth.gov.bc.ca/fhir/client/StructureDefinition/bc-patient"
      },
      {
        "extension": [
          {
            "url": "http://hl7.org/fhir/tools/StructureDefinition/resource-information",
            "valueString": "Patient"
          }
        ],
        "reference": {
          "reference": "Patient/Patient-Mother-Example"
        },
        "name": "Patient-Mother-Example",
        "description": "Example of Patient for query response Bundle",
        "exampleCanonical": "http://hlth.gov.bc.ca/fhir/client/StructureDefinition/bc-patient"
      },
      {
        "extension": [
          {
            "url": "http://hl7.org/fhir/tools/StructureDefinition/resource-information",
            "valueString": "Patient"
          }
        ],
        "reference": {
          "reference": "Patient/Patient-RevisePatient-Example"
        },
        "name": "Patient-RevisePatient-Example",
        "description": "Patient example for a RevisePatient operation",
        "exampleCanonical": "http://hlth.gov.bc.ca/fhir/client/StructureDefinition/bc-patient"
      },
      {
        "extension": [
          {
            "url": "http://hl7.org/fhir/tools/StructureDefinition/resource-information",
            "valueString": "RelatedPerson"
          }
        ],
        "reference": {
          "reference": "RelatedPerson/RelatedPerson-Mother-Example"
        },
        "name": "RelatedPerson-Mother-Example",
        "description": "Example of related person's PHN as Identifier",
        "exampleBoolean": true
      },
      {
        "extension": [
          {
            "url": "http://hl7.org/fhir/tools/StructureDefinition/resource-information",
            "valueString": "RelatedPerson"
          }
        ],
        "reference": {
          "reference": "RelatedPerson/RelatedPerson-MotherOfBabyBoy-Example"
        },
        "name": "RelatedPerson-MotherOfBabyBoy-Example",
        "description": "Example of related person who is the mother",
        "exampleBoolean": true
      },
      {
        "extension": [
          {
            "url": "http://hl7.org/fhir/tools/StructureDefinition/resource-information",
            "valueString": "RelatedPerson"
          }
        ],
        "reference": {
          "reference": "RelatedPerson/RelatedPerson-MotherOfBabyGirl-Example"
        },
        "name": "RelatedPerson-MotherOfBabyGirl-Example",
        "description": "Example of related person who is the mother",
        "exampleBoolean": true
      },
      {
        "extension": [
          {
            "url": "http://hl7.org/fhir/tools/StructureDefinition/resource-information",
            "valueString": "CapabilityStatement"
          }
        ],
        "reference": {
          "reference": "CapabilityStatement/bc-hcim-capability-statement-client"
        },
        "name": "HCIMCapabilityStatementClient",
        "description": "This capability statement describes the use cases that are supported by the BC FHIR implementation of the Client Registry when it is acting as a client. I.e. sending notifications.",
        "exampleBoolean": true,
        "groupingId": "CapabilityStatement"
      },
      {
        "extension": [
          {
            "url": "http://hl7.org/fhir/tools/StructureDefinition/resource-information",
            "valueString": "CapabilityStatement"
          }
        ],
        "reference": {
          "reference": "CapabilityStatement/bc-hcim-capability-statement-server"
        },
        "name": "HCIMCapabilityStatementServer",
        "description": "This capability statement describes the use cases that are supported by the BC FHIR implementation of the Client Registry when it is acting as a server.",
        "exampleBoolean": true,
        "groupingId": "CapabilityStatement"
      },
      {
        "extension": [
          {
            "url": "http://hl7.org/fhir/tools/StructureDefinition/resource-information",
            "valueString": "OperationDefinition"
          }
        ],
        "reference": {
          "reference": "OperationDefinition/bc-patient-add"
        },
        "name": "AddPatient",
        "description": "This operation is used for newborns or to 'force create' a patient.",
        "exampleBoolean": false,
        "groupingId": "Operations"
      },
      {
        "extension": [
          {
            "url": "http://hl7.org/fhir/tools/StructureDefinition/resource-information",
            "valueString": "OperationDefinition"
          }
        ],
        "reference": {
          "reference": "OperationDefinition/bc-patient-find-candidates"
        },
        "name": "FindCandidates",
        "description": "This operation is used to query for a patient.  The response can contain 0 or more Patients.",
        "exampleBoolean": false,
        "groupingId": "Operations"
      },
      {
        "extension": [
          {
            "url": "http://hl7.org/fhir/tools/StructureDefinition/resource-information",
            "valueString": "OperationDefinition"
          }
        ],
        "reference": {
          "reference": "OperationDefinition/bc-patient-get-demographics"
        },
        "name": "GetDemographics",
        "description": "This operation is used to query for a patient.  The response can contain 0 or 1 Patient.",
        "exampleBoolean": false,
        "groupingId": "Operations"
      },
      {
        "extension": [
          {
            "url": "http://hl7.org/fhir/tools/StructureDefinition/resource-information",
            "valueString": "OperationDefinition"
          }
        ],
        "reference": {
          "reference": "OperationDefinition/bc-patient-get-demographics-withEligibility"
        },
        "name": "GetDemographics.withEligibility",
        "description": "This operation is used to query for a patient.  The response can contain 0 or 1 Patient and the insurance eligibility.",
        "exampleBoolean": false,
        "groupingId": "Operations"
      },
      {
        "extension": [
          {
            "url": "http://hl7.org/fhir/tools/StructureDefinition/resource-information",
            "valueString": "OperationDefinition"
          }
        ],
        "reference": {
          "reference": "OperationDefinition/bc-patient-merge"
        },
        "name": "MergePatient",
        "description": "This operation is used to merge patients.",
        "exampleBoolean": false,
        "groupingId": "Operations"
      },
      {
        "extension": [
          {
            "url": "http://hl7.org/fhir/tools/StructureDefinition/resource-information",
            "valueString": "OperationDefinition"
          }
        ],
        "reference": {
          "reference": "OperationDefinition/bc-patient-notification"
        },
        "name": "PatientNotification",
        "description": "This operation is used notify a user that a patient's record has changed.",
        "exampleBoolean": false,
        "groupingId": "Operations"
      },
      {
        "extension": [
          {
            "url": "http://hl7.org/fhir/tools/StructureDefinition/resource-information",
            "valueString": "OperationDefinition"
          }
        ],
        "reference": {
          "reference": "OperationDefinition/bc-patient-revise"
        },
        "name": "RevisePatient",
        "description": "This operation is used to revise a patient's demographics.",
        "exampleBoolean": false,
        "groupingId": "Operations"
      },
      {
        "extension": [
          {
            "url": "http://hl7.org/fhir/tools/StructureDefinition/resource-information",
            "valueString": "OperationDefinition"
          }
        ],
        "reference": {
          "reference": "OperationDefinition/bc-patient-update"
        },
        "name": "UpdatePatient",
        "description": "This operation is used to revise a patient's demographics, applied to only specific Patient attributes.",
        "exampleBoolean": false,
        "groupingId": "Operations"
      }
    ],
    "page": {
      "nameUrl": "toc.html",
      "title": "Table of Contents",
      "generation": "html",
      "page": [
        {
          "nameUrl": "index.html",
          "title": "Introduction",
          "generation": "markdown"
        },
        {
          "nameUrl": "overview.html",
          "title": "HCIM Overview",
          "generation": "markdown"
        },
        {
          "nameUrl": "v3Transition.html",
          "title": "Transition from V3 Provider to FHIR",
          "generation": "markdown"
        },
        {
          "nameUrl": "design.html",
          "title": "FHIR Design",
          "generation": "markdown"
        },
        {
          "nameUrl": "connectedPartner.html",
          "title": "Connected Partners",
          "generation": "markdown"
        },
        {
          "nameUrl": "terminology.html",
          "title": "Glossary",
          "generation": "markdown"
        },
        {
          "nameUrl": "credits.html",
          "title": "Credits",
          "generation": "markdown"
        },
        {
          "nameUrl": "search.html",
          "title": "Search Patient",
          "generation": "markdown"
        },
        {
          "nameUrl": "reviseAndMerge.html",
          "title": "Add, Revise and Merge Patient",
          "generation": "markdown"
        },
        {
          "nameUrl": "distributions.html",
          "title": "Patient Change Notification",
          "generation": "markdown"
        },
        {
          "nameUrl": "futurePlans.html",
          "title": "Future Plans",
          "generation": "markdown"
        },
        {
          "nameUrl": "identifiers.html",
          "title": "Identifiers",
          "generation": "markdown"
        },
        {
          "nameUrl": "absentData.html",
          "title": "Data Absent Reason",
          "generation": "markdown"
        },
        {
          "nameUrl": "capabilityStatement.html",
          "title": "Capability Statement",
          "generation": "markdown"
        }
      ]
    },
    "parameter": [
      {
        "code": "copyrightyear",
        "value": "2021+"
      },
      {
        "code": "releaselabel",
        "value": "Build CI"
      },
      {
        "code": "path-resource",
        "value": "input/capabilities"
      },
      {
        "code": "path-resource",
        "value": "input/examples"
      },
      {
        "code": "path-resource",
        "value": "input/extensions"
      },
      {
        "code": "path-resource",
        "value": "input/models"
      },
      {
        "code": "path-resource",
        "value": "input/operations"
      },
      {
        "code": "path-resource",
        "value": "input/profiles"
      },
      {
        "code": "path-resource",
        "value": "input/resources"
      },
      {
        "code": "path-resource",
        "value": "input/vocabulary"
      },
      {
        "code": "path-resource",
        "value": "input/maps"
      },
      {
        "code": "path-resource",
        "value": "input/testing"
      },
      {
        "code": "path-resource",
        "value": "input/history"
      },
      {
        "code": "path-resource",
        "value": "fsh-generated/resources"
      },
      {
        "code": "path-pages",
        "value": "template/config"
      },
      {
        "code": "path-pages",
        "value": "input/images"
      },
      {
        "code": "path-liquid",
        "value": "template/liquid"
      },
      {
        "code": "path-liquid",
        "value": "input/liquid"
      },
      {
        "code": "path-qa",
        "value": "temp/qa"
      },
      {
        "code": "path-temp",
        "value": "temp/pages"
      },
      {
        "code": "path-output",
        "value": "output"
      },
      {
        "code": "path-tx-cache",
        "value": "input-cache/txcache"
      },
      {
        "code": "path-suppressed-warnings",
        "value": "input/ignoreWarnings.txt"
      },
      {
        "code": "path-history",
        "value": "http://hlth.gov.bc.ca/fhir/client/history.html"
      },
      {
        "code": "template-html",
        "value": "template-page.html"
      },
      {
        "code": "template-md",
        "value": "template-page-md.html"
      },
      {
        "code": "apply-contact",
        "value": "true"
      },
      {
        "code": "apply-context",
        "value": "true"
      },
      {
        "code": "apply-copyright",
        "value": "true"
      },
      {
        "code": "apply-jurisdiction",
        "value": "true"
      },
      {
        "code": "apply-license",
        "value": "true"
      },
      {
        "code": "apply-publisher",
        "value": "true"
      },
      {
        "code": "apply-version",
        "value": "true"
      },
      {
        "code": "active-tables",
        "value": "true"
      },
      {
        "code": "fmm-definition",
        "value": "http://hl7.org/fhir/versions.html#maturity"
      },
      {
        "code": "propagate-status",
        "value": "true"
      },
      {
        "code": "excludelogbinaryformat",
        "value": "true"
      }
    ]
  }
}