{
  "resourceType" : "OperationOutcome",
  "id" : "OperationOutcome-Example",
  "text" : {
    "status" : "generated",
    "div" : "<div xmlns=\"http://www.w3.org/1999/xhtml\"><p><b>Generated Narrative: OperationOutcome</b><a name=\"OperationOutcome-Example\"> </a><a name=\"hcOperationOutcome-Example\"> </a></p><div style=\"display: inline-block; background-color: #d9e0e7; padding: 6px; margin: 4px; border: 1px solid #8da1b4; border-radius: 5px; line-height: 60%\"><p style=\"margin-bottom: 0px\">Resource OperationOutcome &quot;OperationOutcome-Example&quot; </p></div><blockquote><p><b>issue</b></p><p><b>severity</b>: warning</p><p><b>code</b>: business-rule</p><p><b>details</b>: Warning: The Revise Patient name has been modified to filter out invalid characters. <span style=\"background: LightGoldenRodYellow; margin: 4px; border: 1px solid khaki\"> (bc-oo-codes#HCIM.RP.1.0017)</span></p></blockquote><blockquote><p><b>issue</b></p><p><b>severity</b>: error</p><p><b>code</b>: business-rule</p><p><b>details</b>: The HL7 message is invalid. Please correct the HL7 message, and resubmit it. (System.Exception: Results from Schematron validation: ... <span style=\"background: LightGoldenRodYellow; margin: 4px; border: 1px solid khaki\"> (bc-oo-codes#HCIM.RP.1.0017)</span></p></blockquote></div>"
  },
  "issue" : [{
    "severity" : "warning",
    "code" : "business-rule",
    "details" : {
      "coding" : [{
        "system" : "https://terminology.hlth.gov.bc.ca/ClientRegistry/CodeSystem/bc-oo-codes",
        "code" : "HCIM.RP.1.0017"
      }],
      "text" : "Warning: The Revise Patient name has been modified to filter out invalid characters."
    }
  },
  {
    "severity" : "error",
    "code" : "business-rule",
    "details" : {
      "coding" : [{
        "system" : "https://terminology.hlth.gov.bc.ca/ClientRegistry/CodeSystem/bc-oo-codes",
        "code" : "HCIM.RP.1.0017"
      }],
      "text" : "The HL7 message is invalid. Please correct the HL7 message, and resubmit it. (System.Exception: Results from Schematron validation: ..."
    }
  }]
}