{
  "resourceType": "Parameters",
  "id": "Parameters-AddPatient-Example",
  "meta": {
    "profile": [
      "http://hlth.gov.bc.ca/fhir/client/StructureDefinition/bc-metadata-parameters"
    ]
  },
  "parameter": [
    {
      "name": "messageId",
      "valueString": "98028b44-882a-4c72-8c92-b87d916147e1"
    },
    {
      "name": "messageDateTime",
      "valueDateTime": "2021-11-02T13:28:17-08:00"
    },
    {
      "name": "sender",
      "valueIdentifier": {
        "system": "http://hlth.gov.bc.ca/fhir/client/bc-org",
        "value": "PHARM"
      }
    },
    {
      "name": "enterer",
      "valueIdentifier": {
        "system": "http://hlth.gov.bc.ca/fhir/client/bc-user",
        "value": "klgodfre"
      }
    }
  ]
}