{
  "resourceType": "Patient",
  "id": "Patient-AddPatient-Newborn-Example",
  "meta": {
    "profile": [
      "http://hlth.gov.bc.ca/fhir/client/StructureDefinition/bc-patient"
    ]
  },
  "text": {
    "status": "generated",
    "div": "<div xmlns=\"http://www.w3.org/1999/xhtml\"><p style=\"border: 1px #661aff solid; background-color: #e6e6ff; padding: 10px;\"><b>Baby girl </b> female, DoB: 2021-11-02 ( Account number: 123345654(use: SECONDARY))</p><hr/><table class=\"grid\"><tr><td style=\"background-color: #f3f5da\" title=\"Ways to contact the Patient\">Contact Details:</td><td colspan=\"3\"><ul><li>ph: 2505554848(HOME)</li><li>721 FRONT ST VICTORIA BC V9A3Y3 CA </li></ul></td></tr></table></div>"
  },
  "identifier": [
    {
      "extension": [
        {
          "url": "http://hlth.gov.bc.ca/fhir/client/StructureDefinition/bc-identifier-status-extension",
          "valueCode": "active"
        }
      ],
      "use": "secondary",
      "type": {
        "coding": [
          {
            "system": "http://terminology.hl7.org/CodeSystem/v2-0203",
            "code": "AN"
          }
        ]
      },
      "system": "http://hlth.gov.bc.ca/fhir/client/id-issuer/SrcCode",
      "value": "123345654",
      "assigner": {
        "display": "ORG_SUBSRC e.g. FHA_CAC or VPP_CW"
      }
    }
  ],
  "name": [
    {
      "given": [
        "Baby girl"
      ]
    }
  ],
  "telecom": [
    {
      "system": "phone",
      "value": "2505554848",
      "use": "home"
    }
  ],
  "gender": "female",
  "birthDate": "2021-11-02",
  "address": [
    {
      "type": "physical",
      "line": [
        "721 FRONT ST"
      ],
      "city": "VICTORIA",
      "state": "BC",
      "postalCode": "V9A3Y3",
      "country": "CA"
    }
  ]
}