{
  "resourceType": "Patient",
  "id": "Patient-Mother-Example",
  "meta": {
    "profile": [
      "http://hlth.gov.bc.ca/fhir/client/StructureDefinition/bc-patient"
    ]
  },
  "text": {
    "status": "generated",
    "div": "<div xmlns=\"http://www.w3.org/1999/xhtml\"><p><b>BAILEY PURPLE </b> female, DoB: 1985-12-14 ( Jurisdictional health number: 123345654 (OFFICIAL))</p></div>"
  },
  "extension": [
    {
      "url": "http://hlth.gov.bc.ca/fhir/client/StructureDefinition/bc-business-period-extension",
      "valuePeriod": {
        "start": "2019-02-07T13:29:17-08:00"
      }
    }
  ],
  "identifier": [
    {
      "extension": [
        {
          "url": "http://hlth.gov.bc.ca/fhir/client/StructureDefinition/bc-identifier-status-extension",
          "valueCode": "merged"
        }
      ],
      "use": "official",
      "type": {
        "coding": [
          {
            "system": "http://terminology.hl7.org/CodeSystem/v2-0203",
            "code": "JHN"
          }
        ]
      },
      "system": "http://hlth.gov.bc.ca/fhir/client/id-issuer/BC",
      "value": "123345654",
      "period": {
        "start": "2000-01-01T11:11:11+08:00",
        "end": "2010-01-01T11:11:11+08:00"
      }
    }
  ],
  "name": [
    {
      "use": "usual",
      "family": "PURPLE",
      "given": [
        "BAILEY"
      ]
    }
  ],
  "telecom": [
    {
      "system": "phone",
      "value": "2505554848",
      "use": "home",
      "period": {
        "start": "2000-01-02T10:10:10-08:00"
      }
    }
  ],
  "gender": "female",
  "_gender": {
    "extension": [
      {
        "url": "http://hlth.gov.bc.ca/fhir/client/StructureDefinition/bc-business-period-extension",
        "valuePeriod": {
          "start": "2017-04-05T16:16:16-08:00"
        }
      }
    ]
  },
  "birthDate": "1985-12-14",
  "_birthDate": {
    "extension": [
      {
        "url": "http://hlth.gov.bc.ca/fhir/client/StructureDefinition/bc-business-period-extension",
        "valuePeriod": {
          "start": "2019-10-17T03:29:17-08:00"
        }
      }
    ]
  },
  "address": [
    {
      "extension": [
        {
          "url": "http://hlth.gov.bc.ca/fhir/client/StructureDefinition/bc-validation-status-extension",
          "valueCode": "valid"
        }
      ],
      "type": "physical",
      "line": [
        "721 FRONT ST"
      ],
      "city": "VICTORIA",
      "state": "BC",
      "postalCode": "V9A3Y3",
      "country": "CA"
    },
    {
      "extension": [
        {
          "url": "http://hlth.gov.bc.ca/fhir/client/StructureDefinition/bc-validation-status-extension",
          "valueCode": "invalid"
        }
      ],
      "type": "postal",
      "line": [
        "721 FRONT AVE"
      ],
      "city": "Victoria",
      "state": "BC",
      "postalCode": "V9A3V3",
      "country": "CA"
    }
  ],
  "link": [
    {
      "other": {
        "reference": "urn:uuid:425b6c71-b198-4e75-b32c-1b3086935c6a"
      },
      "type": "seealso"
    },
    {
      "other": {
        "reference": "urn:uuid:4a288971-8af6-4d77-a071-4ba3a10042e5"
      },
      "type": "seealso"
    }
  ]
}