{
  "resourceType": "Patient",
  "id": "PatientRP-New",
  "meta": {
    "profile": [
      "http://moh.fhir/bc-clientregistry/StructureDefinition/bc-patient"
    ]
  },
  "text": {
    "status": "extensions",
    "div": "<div xmlns=\"http://www.w3.org/1999/xhtml\"><p><b>Generated Narrative</b></p><p><b>BC Patient business dates</b>: Nov 3, 2021, 6:00:17 AM --&gt; (ongoing)</p><p><b>name</b>: PURPLE BARNEY </p><p><b>telecom</b>: <a href=\"mailto:pbarney@thepark.com\">pbarney@thepark.com</a></p><p><b>gender</b>: male</p><p><b>birthDate</b>: 1940-06-06</p><p><b>deceased</b>: false</p><p><b>address</b>: 667 YELLOW BRICK RD PRINCE GEORGE BC V8W 3P9 CA </p></div>"
  },
  "extension": [
    {
      "url": "http://moh.fhir/bc-clientregistry/StructureDefinition/bc-patient-business-dates-extension",
      "valuePeriod": {
        "start": "2021-11-02T22:00:17-08:00"
      }
    }
  ],
  "name": [
    {
      "use": "usual",
      "family": "BARNEY",
      "given": [
        "PURPLE"
      ]
    }
  ],
  "telecom": [
    {
      "system": "email",
      "value": "pbarney@thepark.com",
      "use": "home"
    }
  ],
  "gender": "male",
  "birthDate": "1940-06-06",
  "deceasedBoolean": false,
  "address": [
    {
      "type": "physical",
      "line": [
        "667 YELLOW BRICK RD"
      ],
      "city": "PRINCE GEORGE",
      "state": "BC",
      "postalCode": "V8W 3P9",
      "country": "CA"
    }
  ]
}