{
  "resourceType": "RelatedPerson",
  "id": "MotherRelated",
  "text": {
    "status": "generated",
    "div": "<div xmlns=\"http://www.w3.org/1999/xhtml\"><p><b>Generated Narrative</b></p><p><b>identifier</b>: id: 9736546293</p><p><b>patient</b>: <a href=\"Patient/Newborn\">Patient/Newborn</a></p><p><b>relationship</b>: <span title=\"Codes: {http://terminology.hl7.org/CodeSystem/v3-RoleCode MTH}\">mother</span></p></div>"
  },
  "identifier": [
    {
      "system": "http://hl7.org/fhir/bc-hcim/bc-sri",
      "value": "9736546293"
    }
  ],
  "patient": {
    "reference": "Patient/Newborn"
  },
  "relationship": [
    {
      "coding": [
        {
          "system": "http://terminology.hl7.org/CodeSystem/v3-RoleCode",
          "code": "MTH"
        }
      ]
    }
  ]
}