{
  "resourceType": "RelatedPerson",
  "id": "RelatedPerson-MotherOfBabyBoy-Example",
  "text": {
    "status": "generated",
    "div": "<div xmlns=\"http://www.w3.org/1999/xhtml\"><p><b>Generated Narrative: RelatedPerson</b></p><div style=\"display: inline-block; background-color: #d9e0e7; padding: 6px; margin: 4px; border: 1px solid #8da1b4; border-radius: 5px; line-height: 60%\"><p style=\"margin-bottom: 0px\">Resource RelatedPerson \"RelatedPerson-MotherOfBabyBoy-Example\" </p></div><p><b>identifier</b>: Jurisdictional health number: 9123456788 (OFFICIAL)</p><p><b>patient</b>: <a href=\"Bundle-Bundle-FindCandidates-Response-Example.html#urn-uuid-90bf49dc-4590-4302-8e28-f02bb4deb353\">urn:uuid:90bf49dc-4590-4302-8e28-f02bb4deb353</a></p><p><b>relationship</b>: natural mother <span style=\"background: LightGoldenRodYellow; margin: 4px; border: 1px solid khaki\"> (<a href=\"http://terminology.hl7.org/3.1.0/CodeSystem-v3-RoleCode.html\">RoleCode</a>#NMTH)</span></p></div>"
  },
  "identifier": [
    {
      "use": "official",
      "type": {
        "coding": [
          {
            "system": "http://terminology.hl7.org/CodeSystem/v2-0203",
            "code": "JHN"
          }
        ]
      },
      "system": "http://hlth.gov.bc.ca/fhir/client/id-issuer/BC",
      "value": "9123456788"
    }
  ],
  "patient": {
    "reference": "urn:uuid:90bf49dc-4590-4302-8e28-f02bb4deb353"
  },
  "relationship": [
    {
      "coding": [
        {
          "system": "http://terminology.hl7.org/CodeSystem/v3-RoleCode",
          "code": "NMTH"
        }
      ]
    }
  ]
}