{
  "resourceType" : "ValueSet",
  "id" : "bc-merge-status-value-set",
  "text" : {
    "status" : "generated",
    "div" : "<div xmlns=\"http://www.w3.org/1999/xhtml\"><ul><li>Include all codes defined in <a href=\"CodeSystem-bc-client-registry-merge-status-code-system.html\"><code>https://terminology.hlth.gov.bc.ca/ClientRegistry/CodeSystem/bc-client-registry-merge-status-code-system</code></a></li></ul></div>"
  },
  "url" : "https://terminology.hlth.gov.bc.ca/ClientRegistry/ValueSet/bc-merge-status-value-set",
  "version" : "1.0.0",
  "name" : "MergeStatusVS",
  "title" : "BC Merge Status Value Set",
  "status" : "active",
  "date" : "2023-02-09T00:02:02+00:00",
  "publisher" : "BC Ministry of Health",
  "contact" : [{
    "name" : "BC Ministry of Health",
    "telecom" : [{
      "system" : "url",
      "value" : "https://www2.gov.bc.ca/gov/content/governments/organizational-structure/ministries-organizations/ministries/health"
    }]
  }],
  "description" : "BC Merge Status value set used to describe the merge status of a Patient.",
  "jurisdiction" : [{
    "coding" : [{
      "system" : "urn:iso:std:iso:3166",
      "code" : "CA",
      "display" : "Canada"
    }]
  }],
  "compose" : {
    "include" : [{
      "system" : "https://terminology.hlth.gov.bc.ca/ClientRegistry/CodeSystem/bc-client-registry-merge-status-code-system"
    }]
  }
}