{
  "resourceType": "ValueSet",
  "id": "bc-address-type-value-set",
  "text": {
    "status": "extensions",
    "div": "<div xmlns=\"http://www.w3.org/1999/xhtml\"><p>This value set includes codes based on the following rules:</p><ul><li>Import all the codes that are contained in <a href=\"http://hl7.org/fhir/R4/valueset-address-type.html\">http://hl7.org/fhir/ValueSet/address-type</a></li></ul><p>This value set excludes codes based on the following rules:</p><ul><li>Exclude these codes as defined in <a href=\"http://hl7.org/fhir/R4/codesystem-address-type.html\"><code>http://hl7.org/fhir/address-type</code></a><table class=\"none\"><tr><td style=\"white-space:nowrap\"><b>Code</b></td><td><b>Display</b></td><td><b>Definition</b></td></tr><tr><td><a href=\"http://hl7.org/fhir/R4/codesystem-address-type.html#address-type-both\">both</a></td><td>Postal &amp; Physical</td><td>An address that is both physical and postal.</td></tr></table></li></ul></div>"
  },
  "url": "http://hlth.gov.bc.ca/fhir/client/ValueSet/bc-address-type-value-set",
  "version": "0.1.0",
  "name": "AddressTypeVS",
  "title": "BC Address Type Value Set",
  "status": "active",
  "date": "2022-07-26T20:57:39+00:00",
  "publisher": "BC Ministry of Health",
  "contact": [
    {
      "name": "BC Ministry of Health",
      "telecom": [
        {
          "system": "url",
          "value": "https://www2.gov.bc.ca/gov/content/governments/organizational-structure/ministries-organizations/ministries/health"
        }
      ]
    }
  ],
  "description": "BC Address Type value set, sliced to meet BC constraints.",
  "jurisdiction": [
    {
      "coding": [
        {
          "system": "urn:iso:std:iso:3166",
          "code": "CA",
          "display": "Canada"
        }
      ]
    }
  ],
  "compose": {
    "include": [
      {
        "valueSet": [
          "http://hl7.org/fhir/ValueSet/address-type"
        ]
      }
    ],
    "exclude": [
      {
        "system": "http://hl7.org/fhir/address-type",
        "concept": [
          {
            "code": "both"
          }
        ]
      }
    ]
  }
}