<?xml version="1.0" encoding="UTF-8"?>

<Bundle xmlns="http://hl7.org/fhir">
  <id value="AddPatient-Response"/>
  <meta>
    <profile value="http://hlth.gov.bc.ca/fhir/client/StructureDefinition/bc-add-response-bundle"/>
  </meta>
  <identifier>
    <system value="urn:ietf:rfc:3986"/>
    <value value="urn:uuid:ab8f071d-07ed-479b-a6ed-472066d26815"/>
  </identifier>
  <type value="collection"/>
  <timestamp value="2023-01-23T13:46:28.0255523-08:00"/>
  <link>
    <relation value="canonical"/>
    <url value="https://ig.cgi.com/Patient/Add.fhir"/>
  </link>
  <entry>
    <fullUrl value="urn:uuid:0185235c-f8ea-4107-8979-591ddc2df30b"/>
    <resource>
      <Parameters>
        <id value="AddPatient-Response-Parameters"/>
        <meta>
          <profile value="http://hlth.gov.bc.ca/fhir/client/StructureDefinition/bc-metadata-parameters-out"/>
        </meta>
        <parameter>
          <name value="messageId"/>
          <valueString value="b02fc643-e179-4c5f-8ac3-a8d955f9ce87"/>
        </parameter>
        <parameter>
          <name value="sender"/>
          <valueIdentifier>
            <system value="http://hlth.gov.bc.ca/fhir/client/bc-org"/>
            <value value="HIBC"/>
          </valueIdentifier>
        </parameter>
        <parameter>
          <name value="enterer"/>
          <valueIdentifier>
            <system value="http://hlth.gov.bc.ca/fhir/client/bc-userid"/>
            <value value="ig.samples@cgi.com"/>
          </valueIdentifier>
        </parameter>
        <parameter>
          <name value="requestMessageId"/>
          <valueString value="b6e3eb80-b54b-4427-96ff-acfc512ec160"/>
        </parameter>
      </Parameters>
    </resource>
  </entry>
  <entry>
    <fullUrl value="urn:uuid:0185235c-f8ea-4107-8979-591ddc2d1234"/>
    <resource>
      <OperationOutcome>
        <id value="AddPatient-Response-Outcome"/>
        <text>
          <status value="generated"/><div xmlns="http://www.w3.org/1999/xhtml"><a name="OperationOutcome_AddPatient-Response-Outcome"> </a><p class="res-header-id"><b>Generated Narrative: OperationOutcome AddPatient-Response-Outcome</b></p><a name="AddPatient-Response-Outcome"> </a><a name="hcAddPatient-Response-Outcome"> </a><a name="AddPatient-Response-Outcome-en-US"> </a><h3>Issues</h3><table class="grid"><tr><td style="display: none">-</td><td><b>Severity</b></td><td><b>Code</b></td><td><b>Details</b></td></tr><tr><td style="display: none">*</td><td>Information</td><td>Business Rule Violation</td><td><span title="Codes:{https://terminology.hlth.gov.bc.ca/ClientRegistry/CodeSystem/bc-oo-codes BCHCIM.RP.0.0021}">The Revise Person Request has been processed.</span></td></tr></table></div>
        </text>
        <issue>
          <severity value="information"/>
          <code value="business-rule"/>
          <details>
            <coding>
              <system value="https://terminology.hlth.gov.bc.ca/ClientRegistry/CodeSystem/bc-oo-codes"/>
              <code value="BCHCIM.RP.0.0021"/>
            </coding>
            <text value="The Revise Person Request has been processed."/>
          </details>
        </issue>
      </OperationOutcome>
    </resource>
  </entry>
  <entry>
    <fullUrl value="urn:uuid:33f234d1-5781-45f2-8c8c-4b7cdd809078"/>
    <resource>
      <Patient>
        <id value="AddPatient-Response-Patient"/>
        <meta>
          <profile value="http://hlth.gov.bc.ca/fhir/client/StructureDefinition/bc-patient"/>
        </meta>
        <text>
          <status value="generated"/><div xmlns="http://www.w3.org/1999/xhtml"><a name="Patient_AddPatient-Response-Patient"> </a><p class="res-header-id"><b>Generated Narrative: Patient AddPatient-Response-Patient</b></p><a name="AddPatient-Response-Patient"> </a><a name="hcAddPatient-Response-Patient"> </a><a name="AddPatient-Response-Patient-en-US"> </a><p style="border: 1px #661aff solid; background-color: #e6e6ff; padding: 10px;">Anonymous Patient (no stated gender), DoB Unknown ( https://fhir.infoway-inforoute.ca/NamingSystem/ca-bc-msp-eligibility-id#9455882493 (use: official, period: 2023-01-23 13:46:27-0800 --&gt; (ongoing)))</p><hr/><table class="grid"><tr><td style="background-color: #f3f5da" title="Record is active">Active:</td><td colspan="3">true</td></tr><tr><td style="background-color: #f3f5da" title="Other Id (see the one above)">Other Id:</td><td colspan="3"><code>https://fhir.infoway-inforoute.ca/NamingSystem/ca-bc-patient-healthcare-id</code>/9253484802 (use: official, period: 2023-01-23 13:46:27-0800 --&gt; (ongoing))</td></tr></table></div>
        </text>
        <identifier>
          <extension url="http://hlth.gov.bc.ca/fhir/client/StructureDefinition/bc-identifier-status-extension">
            <valueCode value="active"/>
          </extension>
          <use value="official"/>
          <system value="https://fhir.infoway-inforoute.ca/NamingSystem/ca-bc-patient-healthcare-id"/>
          <value value="9253484802"/>
          <period>
            <start value="2023-01-23T13:46:27-08:00"/>
          </period>
          <assigner>
            <display value="MOH Client Registry - MOH_CRS"/>
          </assigner>
        </identifier>
        <identifier>
          <extension url="http://hlth.gov.bc.ca/fhir/client/StructureDefinition/bc-identifier-status-extension">
            <valueCode value="active"/>
          </extension>
          <use value="official"/>
          <system value="https://fhir.infoway-inforoute.ca/NamingSystem/ca-bc-msp-eligibility-id"/>
          <value value="9455882493"/>
          <period>
            <start value="2023-01-23T13:46:27-08:00"/>
          </period>
          <assigner>
            <display value="HIBC - Health Insurance British Columbia MSP"/>
          </assigner>
        </identifier>
        <active value="true"/>
      </Patient>
    </resource>
  </entry>
</Bundle>