<?xml version="1.0" encoding="UTF-8"?>

<Patient xmlns="http://hl7.org/fhir">
  <id value="Revise-Request-No-SRI-RESTful"/>
  <meta>
    <profile value="http://hlth.gov.bc.ca/fhir/client/StructureDefinition/bc-patient"/>
  </meta>
  <text>
    <status value="generated"/><div xmlns="http://www.w3.org/1999/xhtml"><p class="res-header-id"><b>Generated Narrative: Patient Revise-Request-No-SRI-RESTful</b></p><a name="Revise-Request-No-SRI-RESTful"> </a><a name="hcRevise-Request-No-SRI-RESTful"> </a><div style="display: inline-block; background-color: #d9e0e7; padding: 6px; margin: 4px; border: 1px solid #8da1b4; border-radius: 5px; line-height: 60%"><p style="margin-bottom: 0px"/><p style="margin-bottom: 0px">Profile: <a href="StructureDefinition-bc-patient.html">ClientRegistryPatient</a></p></div><p style="border: 1px #661aff solid; background-color: #e6e6ff; padding: 10px;">Proinnsias Edmon Beartlaidh Tabatabai  Female, DoB: 1996-02-18 ( https://fhir.infoway-inforoute.ca/NamingSystem/ca-bc-msp-eligibility-id#?ngen-9? (use: official, ))</p><hr/><table class="grid"><tr><td style="background-color: #f3f5da" title="Alternate names (see the one above)">Alt. Name:</td><td colspan="3">Victor (Nickname)</td></tr><tr><td style="background-color: #f3f5da" title="Ways to contact the Patient">Contact Detail</td><td colspan="3"><ul><li>ph: 3104702526(Mobile)</li><li>ph: 3366898069(Home)</li><li>ph: 2544265519(Work)</li><li><a href="mailto:Constance.Besarra@cgi.com">Constance.Besarra@cgi.com</a></li><li><a href="mailto:Hank.Avey@cgi.com">Hank.Avey@cgi.com</a></li><li><a href="mailto:Nerissa.Friede@cgi.com">Nerissa.Friede@cgi.com</a></li><li>7562 Railroad street Calistoga BC V5QOX7 CA </li><li>27523 Oak street Topmost BC V4IUH0 CA </li></ul></td></tr><tr><td style="background-color: #f3f5da" title="The effective dates for the parent element."><a href="StructureDefinition-bc-business-period-extension.html">BC Business Dates</a></td><td colspan="3">2024-11-28 06:22:01-0800 --&gt; (ongoing)</td></tr></table></div>
  </text>
  <extension url="http://hlth.gov.bc.ca/fhir/client/StructureDefinition/bc-business-period-extension">
    <valuePeriod>
      <start value="2024-11-28T06:22:01.0974407-08:00"/>
    </valuePeriod>
  </extension>
  <identifier>
    <use value="official"/>
    <system value="https://fhir.infoway-inforoute.ca/NamingSystem/ca-bc-msp-eligibility-id"/>
    <value>
      <extension url="http://hl7.org/fhir/StructureDefinition/data-absent-reason">
        <valueCode value="unknown"/>
      </extension>
    </value>
  </identifier>
  <name>
    <use value="usual"/>
    <family value="Tabatabai"/>
    <given value="Proinnsias"/>
    <given value="Edmon"/>
    <given value="Beartlaidh"/>
  </name>
  <name>
    <use value="nickname"/>
    <given value="Victor"/>
  </name>
  <telecom>
    <system value="phone"/>
    <value value="3104702526"/>
    <use value="mobile"/>
  </telecom>
  <telecom>
    <system value="phone"/>
    <value value="3366898069"/>
    <use value="home"/>
  </telecom>
  <telecom>
    <system value="phone"/>
    <value value="2544265519"/>
    <use value="work"/>
  </telecom>
  <telecom>
    <system value="email"/>
    <value value="Constance.Besarra@cgi.com"/>
    <use value="mobile"/>
  </telecom>
  <telecom>
    <system value="email"/>
    <value value="Hank.Avey@cgi.com"/>
    <use value="home"/>
  </telecom>
  <telecom>
    <system value="email"/>
    <value value="Nerissa.Friede@cgi.com"/>
    <use value="work"/>
  </telecom>
  <gender value="female"/>
  <birthDate value="1996-02-18"/>
  <address>
    <type value="physical"/>
    <line value="7562 Railroad street"/>
    <city value="Calistoga"/>
    <state value="BC"/>
    <postalCode value="V5QOX7"/>
    <country value="CA"/>
  </address>
  <address>
    <type value="postal"/>
    <line value="27523 Oak street"/>
    <city value="Topmost"/>
    <state value="BC"/>
    <postalCode value="V4IUH0"/>
    <country value="CA"/>
  </address>
</Patient>